date,fed_bs_yoy_pct,on_rrp_balance_usd_bn,m2_yoy_pct,hy_oas_pct,t10y2y_bp,sofr_ioer_spread_bp,vix,vix9d,vix_term_structure_9d_minus_vix,vix9d_gt_vix_flag,skew_index,margin_debt_usd_millions,margin_debt_yoy_pct,dxy_broad_index,dxy_monthly_change_pct,dgs10_1d_change_bp,sp500_daily_pct_chg,nikkei225_daily_pct_chg,kospi_daily_pct_chg,sse_composite_daily_pct_chg,wti_crude_daily_pct_chg,gold_daily_pct_chg
2016-08-08,-0.4354562494190639,60.625,7.2385859736913805,,85.0,,11.5,10.100000381469727,-1.3999996185302734,0,132.94000244140625,,,112.1456,-0.22305004702111164,0.0,-0.09071655678379864,2.436994868652853,0.65314400297527,0.9265660407132392,2.9186632606955865,-0.22448368341771996
2016-08-09,-0.4354562494190639,66.881,7.2385859736913805,,84.0,,11.65999984741211,10.489999771118164,-1.1700000762939453,0,135.55999755859375,,,111.722,-0.7139721342914629,-4.0000000000000036,0.03897939364765346,0.6870658991128709,0.6233031140514766,0.7124445543499558,-0.5811250519289213,0.4199771623971893
2016-08-10,-0.4526591301442284,80.174,7.2385859736913805,,81.0,,12.050000190734863,10.680000305175781,-1.369999885559082,0,133.25,,,111.3238,-0.7014526778116537,-5.000000000000004,-0.28646859974036376,-0.17805913907403825,0.04207817569576999,-0.22919847345183042,-2.478375875487282,0.39582142106981966
2016-08-11,-0.4526591301442284,80.145,7.2385859736913805,,81.0,,11.680000305175781,9.739999771118164,-1.9400005340576172,0,131.27999877929688,,,111.1954,-0.7419666400658387,7.000000000000006,0.47345880120621686,-0.17805913907403825,0.20346046980805887,-0.5336041454504947,4.267568048585213,-0.13390231070021796
2016-08-12,-0.4526591301442284,37.278,7.2385859736913805,,80.0,,11.550000190734863,9.539999961853027,-2.010000228881836,0,132.1300048828125,,,111.1787,-0.5283208612032575,-6.000000000000005,-0.07960463737501922,1.1042692896125805,0.08150731331517669,1.5995619086569768,2.2993790788817803,-0.4990652641992499
2016-08-15,-0.4526591301442284,56.95,7.2385859736913805,,83.0,,11.8100004196167,9.720000267028809,-2.0900001525878906,0,134.4499969482422,,,110.9212,-1.2130922407873612,4.0000000000000036,0.27929092187690685,-0.2976336485782771,0.08150731331517669,2.4430092292188954,2.809620033359095,0.3368767656467542
2016-08-16,-0.4526591301442284,76.397,7.2385859736913805,,81.0,,12.640000343322754,10.869999885559082,-1.7700004577636719,0,132.27000427246094,,,110.4295,-1.618583418785302,2.0000000000000018,-0.547907701986905,-1.6186004400724041,-0.13216291758570975,-0.48502441136681895,1.8364672535273296,0.7610199806224793
2016-08-17,-0.4620244927357908,81.337,7.2385859736913805,,82.0,,12.1899995803833,10.760000228881836,-1.4299993515014648,0,136.7100067138672,,,110.9459,-1.5022461336316462,-1.0000000000000009,0.1868589648029051,0.8985675993387732,-0.19582420530245281,-0.01550392221756347,0.45083528599745293,-0.57756748079415
2016-08-18,-0.4620244927357908,95.089,7.2385859736913805,,82.0,,11.430000305175781,9.899999618530273,-1.5300006866455078,0,134.8699951171875,,,110.3134,-2.095331410978374,-3.0000000000000027,0.21996173129046337,-1.5504385003186516,0.5734542240061202,-0.17497417117116054,3.056209184003733,0.6330528270729108
2016-08-19,-0.4620244927357908,101.468,7.2385859736913805,,82.0,,11.34000015258789,9.399999618530273,-1.9400005340576172,0,136.5800018310547,,,110.8163,-1.6049879288499214,5.000000000000004,-0.14402713809749113,0.36279577487399184,0.037461969390228944,0.1284758579037426,0.6221468881500991,-0.7992841287809305
2016-08-22,-0.4620244927357908,116.124,7.2385859736913805,,79.0,,12.270000457763672,10.949999809265137,-1.3200006484985352,0,135.1999969482422,,,110.9997,-1.760613865066507,-3.0000000000000027,-0.0563323157221185,0.316509786978858,-0.6847428374876952,-0.7495609461976693,-3.029680970392301,-0.20143786877113712
2016-08-23,-0.4620244927357908,121.654,7.2385859736913805,,81.0,,12.380000114440918,11.369999885559082,-1.010000228881836,0,131.7899932861328,,,110.9414,-1.9765255561131734,0.0,0.19517694055308787,-0.6074763660804949,0.38047446482609715,0.15887951282120838,2.231666852469316,0.21679184569918242
2016-08-24,-0.02826749316496846,95.35,7.2385859736913805,,80.0,,13.449999809265137,12.670000076293945,-0.7799997329711914,0,130.42999267578125,,,111.2958,-1.5598009186329587,1.0000000000000009,-0.5240276852734871,0.6058024437623155,-0.30098208625414236,-0.1238361127976928,-2.7650687287921416,-1.2084105226687347
2016-08-25,-0.02826749316496846,72.817,7.2385859736913805,,80.0,,13.630000114440918,12.770000457763672,-0.8599996566772461,0,131.05999755859375,,,111.1726,-1.8057358877200391,2.0000000000000018,-0.13652276243513173,-0.24914631026459189,-0.0410990437379577,-0.5687447961844838,1.197351652362566,-0.3246790055011828
2016-08-26,-0.02826749316496846,76.532,7.2385859736913805,,78.0,,13.649999618530273,12.100000381469727,-1.5499992370605469,0,132.39999389648438,,,111.2035,-1.3622578816792297,4.0000000000000036,-0.15788165944199406,-1.1792694893711486,-0.265308667432973,0.064529599114449,0.654970518911635,0.10605442314632896
2016-08-29,-0.02826749316496846,79.731,7.2385859736913805,,76.0,,12.9399995803833,11.140000343322754,-1.7999992370605469,0,131.3000030517578,,,111.8775,0.0031285195845276448,-5.000000000000004,0.5228047221710774,2.3029579665985844,-0.2527619344325105,-0.00918417052945264,-1.3853901256672074,0.10594206689840124
2016-08-30,-0.02826749316496846,101.422,7.2385859736913805,,77.0,,13.119999885559082,11.210000038146973,-1.9099998474121094,0,136.13999938964844,,,112.2928,0.2831864413439744,0.0,-0.19536804841114863,-0.07247717074143623,0.36361919635947704,0.15146128007605952,-1.3409984552018694,-0.8466303602306047
2016-08-31,-0.4016858338215079,171.368,7.2385859736913805,,78.0,,13.420000076293945,11.640000343322754,-1.7799997329711914,0,129.25,,,112.4036,0.6187316716855129,1.0000000000000009,-0.23758642617150993,0.9688342832693264,-0.24953993375046446,0.35171059714176334,-3.559865729235989,-0.3659317630929415
2016-09-01,-0.4016858338215079,90.607,7.229291775859092,,79.0,,13.479999542236328,11.890000343322754,-1.5899991989135742,0,129.8300018310547,,,112.1733,0.20671437593966502,-1.0000000000000009,-0.0041384533048027805,0.23354366102963375,-0.09485924791873268,-0.7190439186176567,-3.4451921459566326,0.4055342152272656
2016-09-02,-0.4016858338215079,96.194,7.229291775859092,,80.0,,11.979999542236328,9.100000381469727,-2.8799991607666016,0,128.39999389648438,,,112.0009,0.07684410208113057,3.0000000000000027,0.4201041336424849,-0.006853944745199847,0.2750053116608697,0.13211610436894006,2.9657061719698508,0.7544600504840071
2016-09-06,-0.4016858338215079,92.733,7.229291775859092,,81.0,,12.020000457763672,9.979999542236328,-2.0400009155273438,0,131.16000366210938,,,110.9613,-1.2438712020142684,-5.000000000000004,0.2981678757711492,0.2603038517564604,0.31309225502269555,0.6060333453042244,0.8775949963943264,2.064900486517751
2016-09-07,-0.42023458910953604,79.08,7.229291775859092,,80.0,,11.9399995803833,9.800000190734863,-2.1399993896484375,0,130.94000244140625,,,110.9717,-1.0467642065315141,-1.0000000000000009,-0.014638522293097811,-0.4071015989757121,-0.22502196524853968,0.03931416257751952,1.4945307641749617,-0.37794393757715206
2016-09-08,-0.42023458910953604,60.729,7.229291775859092,,83.0,,12.510000228881836,10.989999771118164,-1.5200004577636719,0,129.74000549316406,,,111.2609,-0.4127208607078159,7.000000000000006,-0.22230136296667036,-0.31547457977957327,0.0897286826294863,0.13021399834829417,4.659338311834649,-0.557911160275415
2016-09-09,-0.42023458910953604,78.784,7.229291775859092,,88.0,,17.5,18.780000686645508,1.2800006866455078,1,125.25,,,111.9879,0.5965480876506168,5.999999999999983,-2.452206896667508,0.0412189950580899,-1.253070197957229,-0.5523053809202261,-3.653922517424679,-0.5012023487028561
2016-09-12,-0.42023458910953604,86.056,7.229291775859092,,89.0,,15.15999984741211,16.030000686645508,0.8700008392333984,1,134.17999267578125,,,112.1516,0.8599276588779681,1.0000000000000009,1.467705274849096,-1.7260638356045521,-2.276397157796606,-1.8473728073688078,0.893635217670119,-0.6841572628349835
2016-09-13,-0.42023458910953604,83.109,7.229291775859092,,93.0,,17.850000381469727,19.549999237060547,1.6999988555908203,1,131.55999755859375,,,112.5207,1.2070657419091857,5.000000000000004,-1.4830674258895948,0.3365885573010541,0.3956858698101362,0.05072702269459661,-3.0028070040114874,-0.15140045420136694
2016-09-14,-0.13757269972942687,64.485,7.229291775859092,,93.0,,18.139999389648438,19.3799991607666,1.239999771118164,1,127.4000015258789,,,112.4678,1.394323177174428,-3.0000000000000027,-0.058767665020631465,-0.6862248793616299,0.3956858698101362,-0.6833411698701997,-2.939865590123447,0.18953752843062777
2016-09-15,-0.13757269972942687,55.994,7.229291775859092,,97.0,,16.299999237060547,17.0,0.7000007629394531,1,130.57000732421875,,,112.4753,1.85258468072389,1.0000000000000009,1.0109273363029914,-1.259344187867828,0.3956858698101362,-0.6833411698701997,0.757223502735771,-0.6053726825577033
2016-09-16,-0.13757269972942687,100.761,7.229291775859092,,93.0,,15.369999885559082,15.270000457763672,-0.09999942779541016,0,130.57000732421875,,,113.1765,2.010529456248511,-1.0000000000000009,-0.37722947474507773,0.6966121843734685,0.3956858698101362,-0.6833411698701997,-2.0041017334849753,-0.5862163054339509
2016-09-19,-0.13757269972942687,125.636,7.229291775859092,,91.0,,15.529999732971191,16.309999465942383,0.7799997329711914,1,125.80999755859375,,,112.903,2.3474935955196674,0.0,-0.0018603060785604697,0.6966121843734685,0.8212650080833273,0.7726630064058604,0.6274702891545969,0.5896730650902571
2016-09-20,-0.13757269972942687,156.685,7.229291775859092,,90.0,,15.920000076293945,17.219999313354492,1.2999992370605469,1,126.8499984741211,,,113.1848,2.137320953686417,-1.0000000000000009,0.029913821714999678,-0.1642847447751672,0.49260988283967855,-0.10082531209899548,0.3233242312129514,0.015222776693946116
2016-09-21,-0.5436817562886276,176.835,7.229291775859092,,87.0,,13.300000190734863,12.829999923706055,-0.4700002670288086,0,122.12999725341797,,,112.9842,1.7878426698450411,-3.0000000000000027,1.0917162352442444,1.9128418218847143,0.5074778470318231,0.09507189670856508,4.37385263799408,1.004801228043939
2016-09-22,-0.5436817562886276,194.053,7.229291775859092,,84.0,,12.020000457763672,10.789999961853027,-1.2300004959106445,0,124.29000091552734,,,112.2592,1.1878342981069379,-3.0000000000000027,0.6499784427785649,1.9128418218847143,0.6733805668623027,0.543279882652703,2.161445829153563,1.0174089796977315
2016-09-23,-0.5436817562886276,174.726,7.229291775859092,,85.0,,12.289999961853027,11.390000343322754,-0.8999996185302734,0,125.12999725341797,,,112.7166,1.2765980387400067,-0.9999999999999787,-0.573677446354337,-0.3189006659809812,0.2132076543691852,-0.27666424263123046,-3.972366504124769,-0.23874016591325375
2016-09-26,-0.5436817562886276,200.068,7.229291775859092,,83.0,,14.5,15.670000076293945,1.1700000762939453,1,121.72000122070312,,,112.7112,1.3839741087282365,-3.0000000000000027,-0.8587762798917709,-1.2502013859080896,-0.33884350466055757,-1.7622906164866725,3.2598938351215523,0.18695782914208703
2016-09-27,-0.5436817562886276,239.7,7.229291775859092,,81.0,,13.100000381469727,12.800000190734863,-0.3000001907348633,0,123.73999786376953,,,112.5515,1.212192062300188,-3.0000000000000027,0.6444170055012188,0.8423864763898115,0.7674274035214923,0.5952895356353238,-2.743309662221971,-1.030075931983221
2016-09-28,-0.7160616675189302,272.277,7.229291775859092,,82.0,,12.390000343322754,11.720000267028809,-0.6700000762939453,0,126.8499984741211,,,112.6283,0.6710911488011506,1.0000000000000009,0.5296554012835575,-1.3098190951903121,-0.47313917075605394,-0.34401657324901747,5.327963209476505,-0.49023304022280945
2016-09-29,-0.7160616675189302,271.847,7.229291775859092,,83.0,,14.020000457763672,14.710000038146973,0.6899995803833008,1,122.66999816894531,,,112.2879,-0.0043635923229312645,-1.0000000000000009,-0.9321411497187015,1.386607926066552,0.7627595716854563,0.35560593306274146,1.657816379686028,0.17431610696185817
2016-09-30,-0.7160616675189302,412.523,7.229291775859092,,83.0,,13.289999961853027,12.369999885559082,-0.9200000762939453,0,124.58000183105469,,,112.2795,-0.11040571654288289,4.0000000000000036,0.7967969231286176,-1.4608560952267258,-1.212825620462532,0.20743725708947114,0.8572022406779567,-0.6355377660642536
2016-10-03,-0.7160616675189302,320.889,7.328023290046115,,83.0,,13.569999694824219,13.0,-0.5699996948242188,0,122.86000061035156,,,112.5077,0.2981101563384492,2.9999999999999805,-0.32606955294726125,0.9047509248641505,-1.212825620462532,0.20743725708947114,1.1815913660688127,-0.3274231834501151
2016-10-04,-0.7160616675189302,306.041,7.328023290046115,,87.0,,13.630000114440918,12.949999809265137,-0.6800003051757812,0,119.66999816894531,,,112.6579,0.5866024290876126,6.000000000000005,-0.49555622707156965,0.8252496699719059,0.5495174034551464,0.20743725708947114,-0.24585688015918983,-3.2620283553762452
2016-10-05,-0.5968991470481022,297.964,7.328023290046115,,87.0,,12.989999771118164,12.029999732971191,-0.9600000381469727,0,121.54000091552734,,,112.7946,1.6521976581024278,3.0000000000000027,0.42966906501935576,0.4994717372730495,-0.09052233848700908,0.20743725708947114,2.341349838774387,-0.0868749596328322
2016-10-06,-0.5968991470481022,237.619,7.328023290046115,,89.0,,12.84000015258789,11.470000267028809,-1.369999885559082,0,120.4800033569336,,,113.0066,1.833710756886675,3.0000000000000027,0.048155976529717925,0.4748096459005646,0.5991256126704814,0.20743725708947114,1.2241556757763172,-1.2171911901740162
2016-10-07,-0.5968991470481022,226.065,7.328023290046115,,90.0,,13.479999542236328,11.470000267028809,-2.0099992752075195,0,119.94999694824219,,,113.2915,1.8250796101775046,-2.0000000000000018,-0.32534833570118105,-0.23083931408605096,-0.556819819305443,0.20743725708947114,-1.2490033119952781,-0.07201347246756917
2016-10-10,-0.5968991470481022,226.065,7.328023290046115,,90.0,,13.380000114440918,10.8100004196167,-2.5699996948242188,0,123.83999633789062,,,113.2915,1.8250796101775046,-2.0000000000000018,0.46059050395961254,-0.23083931408605096,0.14704545035788552,1.4457398042115432,-1.2490033119952781,-0.07201347246756917
2016-10-11,-0.5968991470481022,201.546,7.328023290046115,,90.0,,15.359999656677246,13.34000015258789,-2.0199995040893555,0,119.79000091552734,,,113.4461,1.3021049595536738,4.0000000000000036,-1.2446471596532338,0.9766847235161302,-1.2101211492112185,0.5612247595031317,1.9674754370953007,0.32828693296416134
2016-10-12,-1.0434869860483587,188.671,7.328023290046115,,92.0,,15.90999984741211,13.15999984741211,-2.75,0,122.33999633789062,,,113.7442,1.4200421572229116,2.0000000000000018,0.11465890375803589,-1.0852415433083018,0.08858212193501025,-0.2202741415871512,-1.201025003653966,-0.1516380218725022
2016-10-13,-1.0434869860483587,180.971,7.328023290046115,,90.0,,16.690000534057617,14.069999694824219,-2.6200008392333984,0,123.31999969482422,,,113.6238,0.980352948390828,-4.0000000000000036,-0.3099263747961212,-0.3904974205760081,-0.8993346824874182,0.09311434393541873,0.5181313669828436,0.3117276388912016
2016-10-14,-1.0434869860483587,133.359,7.328023290046115,,96.0,,16.1200008392334,12.9399995803833,-3.1800012588500977,0,121.86000061035156,,,113.7119,1.1061832809035055,5.000000000000004,0.020160447857309194,0.4896132707202794,0.35823904374940874,0.0804592100355439,-0.17843012497671396,-0.15139636765437725
2016-10-17,-1.0434869860483587,124.407,7.328023290046115,,96.0,,16.209999084472656,13.8100004196167,-2.399998664855957,0,124.08000183105469,,,113.5488,0.9544317730203922,-3.0000000000000027,-0.3037994040303138,0.25954581105227525,0.24472482217618996,-0.7390495229956717,-0.8142996223184373,0.1037466166669665
2016-10-18,-1.0434869860483587,174.966,7.328023290046115,,93.0,,15.279999732971191,12.449999809265137,-2.8299999237060547,0,122.76000213623047,,,113.1393,-0.03286901432717482,-2.0000000000000018,0.6160403318245855,0.37567921176591135,0.6322748680462897,1.4043621477935808,0.7008456116199602,0.5102060179767554
2016-10-19,-0.7551031107848938,191.81,7.328023290046115,,95.0,,14.40999984741211,11.970000267028809,-2.439999580383301,0,122.55999755859375,,,113.0547,0.13436312586909693,1.0000000000000009,0.21919710189710617,0.20809711229277106,0.02498922687328431,0.0273679750516731,2.6048867264770292,0.5631325595630177
2016-10-20,-0.7551031107848938,172.312,7.328023290046115,,92.0,,13.75,11.069999694824219,-2.6800003051757812,0,123.91000366210938,,,113.4033,0.1930471229352415,0.0,-0.13757239543792377,1.3917941890116525,-0.016657316240198394,-0.00846061922077368,-2.267438378960618,-0.18140616640400786
2016-10-21,-0.7551031107848938,181.285,7.328023290046115,,90.0,,13.34000015258789,10.680000305175781,-2.6599998474121094,0,123.0,,,113.9015,0.811883431488658,-2.0000000000000018,-0.008414160005176807,-0.29537963070407347,-0.3724382866247544,0.2101798805439925,0.8328339607450053,0.02370803049249748
2016-10-24,-0.7551031107848938,142.574,7.328023290046115,,93.0,,13.020000457763672,11.350000381469727,-1.6700000762939453,0,124.5999984741211,,,113.8571,1.4234022690345238,3.0000000000000027,0.4749839541692946,0.28996955166271654,0.7250364109382623,1.2069513243322172,-0.6489636701274781,-0.3080831296979891
2016-10-25,-0.7551031107848938,132.403,7.328023290046115,,91.0,,13.460000038146973,11.899999618530273,-1.5600004196166992,0,122.83000183105469,,,113.6801,0.8547986720678136,0.0,-0.37977277864983394,0.7591208681119621,-0.5161761912874874,0.11801799692507942,-1.108474600587528,0.7844710312252312
2016-10-26,-0.7799143704674605,142.065,7.328023290046115,,93.0,,14.239999771118164,12.579999923706055,-1.6599998474121094,0,123.30999755859375,,,113.8131,0.9776313267891856,2.0000000000000018,-0.17404116452881535,0.15312099595456985,-1.1427631859238119,-0.4989545869320433,-1.5612465844485834,-0.5582180556375382
2016-10-27,-0.7799143704674605,135.113,7.328023290046115,,98.0,,15.359999656677246,14.59000015258789,-0.7699995040893555,0,122.3499984741211,,,114.1998,1.4644851467994657,6.000000000000005,-0.29867267366989747,-0.31865473907819464,0.507971160010734,-0.12713470434286833,1.0980091748200138,0.24509609948304423
2016-10-28,-0.7799143704674605,129.983,7.328023290046115,,100.0,,16.190000534057617,16.690000534057617,0.5,1,126.3499984741211,,,114.0931,1.3005612266189015,1.0000000000000009,-0.3108299343522414,0.6344460671272367,-0.23219726020259346,-0.2596134069584477,-2.051489204990098,0.5994144206637797
2016-10-31,-0.7799143704674605,214.798,7.328023290046115,,98.0,,17.059999465942383,20.190000534057617,3.1300010681152344,1,126.12000274658203,,,114.0188,1.5414839889249077,-2.0000000000000018,-0.012227640782913607,-0.12260760126825421,-0.5561053319606768,-0.12170578422960876,-3.7782343403742313,-0.3136025088200656
2016-11-01,-0.7799143704674605,171.89,7.234615790370613,,100.0,,18.559999465942383,22.860000610351562,4.30000114440918,1,124.45999908447266,,,113.9915,1.5247663197645256,-1.0000000000000009,-0.6786883476427641,0.09974657040601187,-0.0398332220134634,0.7077616132457498,-0.40546828623873044,1.1718461985106066
2016-11-02,-0.8155329685578194,176.232,7.234615790370613,,100.0,,19.31999969482422,24.15999984741211,4.840000152587891,1,126.1500015258789,,,113.9206,1.2558251568559164,-2.0000000000000018,-0.652550029741239,-1.7642107521530948,-1.4172668507156039,-0.6310177303284314,-2.8497923045611273,1.5858227632850497
2016-11-03,-0.8155329685578194,148.543,7.234615790370613,,101.0,,22.079999923706055,27.899999618530273,5.819999694824219,1,141.17999267578125,,,113.7664,0.9839523016140106,1.0000000000000009,-0.4423400838946101,-1.7642107521530948,0.24559145632390145,0.8445175836511387,-1.499780112234883,-0.3596627690978682
2016-11-04,-0.8155329685578194,136.483,7.234615790370613,,99.0,,22.510000228881836,28.81999969482422,6.309999465942383,1,133.02999877929688,,,113.5828,0.6987923180719724,-3.0000000000000027,-0.16661307322337615,-1.3383402356058727,-0.0897282615718531,-0.11566681403313295,-1.3210930465824444,0.09216444702315751
2016-11-07,-0.8155329685578194,128.671,7.234615790370613,,101.0,,18.709999084472656,24.670000076293945,5.960000991821289,1,134.91000366210938,,,113.5443,0.4758129171216652,4.0000000000000036,2.222354396733728,1.6080791686807983,0.7850544580835006,0.25648961534994186,1.8606755173645295,-1.9182075549278865
2016-11-08,-0.8155329685578194,127.33,7.234615790370613,,101.0,,18.739999771118164,25.309999465942383,6.569999694824219,1,135.60000610351562,,,113.3017,0.009003323285505793,4.999999999999982,0.37719744542996647,-0.03394077272621532,0.290353775854868,0.4645191431722928,0.2004904295201282,-0.383323494241794
2016-11-09,-0.8220147230238894,130.993,7.234615790370613,,117.0,,14.380000114440918,15.359999656677246,0.9799995422363281,1,134.61000061035156,,,114.6956,1.1014041029175914,18.999999999999993,1.1077020753253342,-5.356824985978326,-2.246203909908362,-0.6200291319460316,0.644733033523126,-0.06282776918377087
2016-11-10,-0.8220147230238894,99.936,7.234615790370613,,123.0,,14.739999771118164,14.119999885559082,-0.619999885559082,0,127.0,,,115.9375,1.9282741449673901,8.000000000000007,0.1950745950128452,6.724777345320088,2.257987244195281,1.371700394355968,-1.3474720657904227,-0.5579110264141374
2016-11-11,-0.8220147230238894,99.936,7.234615790370613,,123.0,,14.170000076293945,12.84000015258789,-1.3299999237060547,0,121.70999908447266,,,115.9375,1.9282741449673901,8.000000000000007,-0.13979503036608554,0.17509458812570156,-0.9073165932544147,0.7808187044822334,-1.3474720657904227,-0.5579110264141374
2016-11-14,-0.8220147230238894,81.448,7.234615790370613,,123.0,,14.479999542236328,12.510000228881836,-1.9699993133544922,0,122.70999908447266,,,117.2245,3.1689663609208774,8.000000000000007,-0.011550278622274313,1.7141507563266378,-0.5054362726526263,0.44827757949050806,-3.0004481799512095,-3.500596509531806
2016-11-15,-0.8220147230238894,102.247,7.234615790370613,,121.0,,13.369999885559082,10.640000343322754,-2.729999542236328,0,119.79000091552734,,,116.7724,2.6914509387320207,0.0,0.7480797417763307,-0.02528629154762152,-0.3479535571433323,-0.10543982819354314,5.7479263527425495,0.22928668032111688
2016-11-16,-0.7374650663591553,116.044,7.234615790370613,,122.0,,13.720000267028809,9.520000457763672,-4.199999809265137,0,123.7699966430664,,,116.8062,2.868722522827194,-0.9999999999999787,-0.1582263421610164,1.0983636803203245,0.6160005152002102,-0.06015614562172589,-0.5239067261995967,-0.0490176132301845
2016-11-17,-0.7374650663591553,92.397,7.234615790370613,,125.0,,13.350000381469727,9.380000114440918,-3.9700002670288086,0,123.05999755859375,,,116.8952,3.3197129556219673,6.999999999999984,0.46763696083751416,0.0023508952865292088,0.04546381446028924,0.10595743588490691,-0.32916727426693937,-0.5640039460819257
2016-11-18,-0.7374650663591553,116.091,7.234615790370613,,127.0,,12.850000381469727,8.630000114440918,-4.220000267028809,0,126.37999725341797,,,117.5936,4.014782224887603,4.999999999999982,-0.2386798421690206,0.5865837888040293,-0.3014360973594199,-0.48611977196770795,0.5944528151660577,-0.6576243321002928
2016-11-21,-0.7374650663591553,135.387,7.234615790370613,,125.0,,12.420000076293945,10.0,-2.4200000762939453,0,124.01000213623047,,,117.4762,3.5915180598800944,-0.9999999999999787,0.7461400625843329,0.7714488275973652,-0.4319859117584479,0.7921432262486539,3.939599706412733,0.09101990781443803
2016-11-22,-0.7374650663591553,128.222,7.234615790370613,,124.0,,12.40999984741211,10.199999809265137,-2.2100000381469727,0,127.9800033569336,,,117.4508,3.1161134840190785,-2.0000000000000018,0.2165432272904111,0.314370156161381,0.8860365424259387,0.9385554063737978,1.137075345851013,0.11574276143517803
2016-11-23,-0.2525302160690135,119.371,7.234615790370613,,124.0,,12.430000305175781,10.0600004196167,-2.369999885559082,0,125.33000183105469,,,118.0356,3.669951193206211,4.999999999999982,0.08080244329033981,0.314370156161381,0.22586580764627495,-0.222115330414685,-0.1457416127488842,-1.8084248071067344
2016-11-25,-0.2525302160690135,121.165,7.234615790370613,,124.0,,12.34000015258789,10.430000305175781,-1.9099998474121094,0,126.2699966430664,,,118.02,3.8176426656908236,0.0,0.39143868916706737,0.2607837083637321,0.16233024339875612,0.6231816462999973,-3.961629998856231,-0.9166617305404801
2016-11-28,-0.2525302160690135,146.903,7.234615790370613,,121.0,,13.149999618530273,12.859999656677246,-0.28999996185302734,0,125.75,,,117.7278,3.4395864799394715,-4.0000000000000036,-0.5254535631502799,-0.13236377778144126,0.18587583531295415,0.46175040030991266,2.2145037502216525,1.0524550100115881
2016-11-29,-0.2525302160690135,138.401,7.234615790370613,,121.0,,12.899999618530273,12.640000343322754,-0.25999927520751953,0,128.30999755859375,,,117.644,3.015942234574842,-2.0000000000000018,0.13352930642269722,-0.27156866333402085,0.013144220298122455,0.1807773044133265,-3.9294864419441633,-0.22677231876695458
2016-11-30,-0.7092789325041648,208.524,7.234615790370613,,126.0,,13.329999923706055,13.229999542236328,-0.10000038146972656,0,126.38999938964844,,,117.7636,3.2171095359841972,7.000000000000028,-0.26534040390964186,0.00787350835425027,0.25727817986469503,-1.0018549316022307,9.307979498300245,-1.4395130258855082
2016-12-01,-0.7092789325041648,159.215,6.834172476116707,,131.0,,14.069999694824219,13.960000038146973,-0.1099996566772461,0,128.3699951171875,,,117.6642,3.1971920420141187,8.000000000000007,-0.35155289737457407,1.1177261391205562,0.013613423574176942,0.7161508755279655,3.276704675527342,-0.3331076401957844
2016-12-02,-0.7092789325041648,167.881,6.834172476116707,,129.0,,14.119999885559082,13.640000343322754,-0.4799995422363281,0,128.99000549316406,,,117.3116,2.9125855875218765,-5.000000000000027,0.03970065063159112,-0.4701480168676886,-0.6623825909735315,-0.9001919377207068,1.2142556114561387,0.7027124004040042
2016-12-05,-0.7092789325041648,168.369,6.834172476116707,,126.0,,12.140000343322754,11.40999984741211,-0.7300004959106445,0,128.35000610351562,,,117.1008,2.791593443152518,-0.9999999999999787,0.5821305253253195,-0.8199782216803175,-0.36790638705236356,-1.2064095885978676,0.2128494769775502,-0.09360697887760283
2016-12-06,-0.7092789325041648,185.55,6.834172476116707,,127.0,,11.789999961853027,10.84000015258789,-0.9499998092651367,0,130.9199981689453,,,116.9225,2.774193434968497,0.0,0.34108883546988267,0.4681196926939135,1.349727008684809,-0.1579554257010729,-1.6605533793179084,-0.5451468836509821
2016-12-07,-0.7101541010740897,185.812,6.834172476116707,,124.0,,12.220000267028809,11.789999961853027,-0.43000030517578125,0,123.61000061035156,,,116.672,2.7197779945555167,-5.000000000000027,1.3163241364864575,0.7415380897126012,0.10201870040198457,0.7061707399665718,-2.277635657689603,0.633780795545924
2016-12-08,-0.7101541010740897,186.313,6.834172476116707,,128.0,,12.640000343322754,12.920000076293945,0.2799997329711914,1,119.08000183105469,,,117.0327,3.0722810392067146,6.000000000000005,0.21593430473272335,1.4531316573225483,1.9669726416867483,-0.21339107004892943,2.1498888587156983,-0.44254903590426053
2016-12-09,-0.7101541010740897,185.799,6.834172476116707,,132.0,,11.75,11.100000381469727,-0.6499996185302734,0,119.51000213623047,,,117.2834,3.514245593843701,7.000000000000028,0.5938984786955759,1.2304430896132423,-0.31412039228236877,0.5447930352139752,1.2981900972290017,-0.8890429116053644
2016-12-12,-0.7101541010740897,189.33,6.834172476116707,,134.0,,12.640000343322754,12.25,-0.3900003433227539,0,123.27999877929688,,,116.9161,1.9359940573134393,2.0000000000000018,-0.11374349205595102,0.835213061377571,0.12594762170616836,-2.4718829768169748,2.5825278272906482,0.35362907534950416
2016-12-13,-0.7101541010740897,238.46,6.834172476116707,,131.0,,12.720000267028809,12.25,-0.4700002670288086,0,119.33999633789062,,,116.8029,0.7464366576819259,-1.000000000000023,0.6539774750587091,0.4985125989370287,0.4311275565042738,0.06556163525446301,0.28392524320048906,-0.5844476861302073
2016-12-14,-0.4147369260420697,169.563,6.834172476116707,,127.0,,13.1899995803833,12.84000015258789,-0.34999942779541016,0,125.43000030517578,,,116.7332,-0.4191103395621343,6.000000000000005,-0.8117171853951111,0.016050703177050707,0.04371431236924739,-0.4597760030308651,-3.6617565939433327,0.3976915233366851
2016-12-15,-0.4147369260420697,199.654,6.834172476116707,,131.0,,12.789999961853027,11.850000381469727,-0.9399995803833008,0,129.44000244140625,,,118.8072,1.7425350510908322,6.000000000000005,0.38832279549072535,0.104809893599489,-0.010799447370346549,-0.7277114559165576,-0.2742934700964095,-2.884698061780422
2016-12-16,-0.4147369260420697,213.706,6.834172476116707,,132.0,,12.199999809265137,10.670000076293945,-1.5299997329711914,0,131.9499969482422,,,118.3584,1.328867816948076,0.0,-0.1750622620483422,0.6608006744911465,0.2744686496601645,0.17015655044771982,1.9646364833438623,0.6650114980747857
2016-12-19,-0.4147369260420697,237.525,6.834172476116707,,130.0,,11.710000038146973,9.949999809265137,-1.760000228881836,0,130.47000122070312,,,118.3875,1.2766135820803548,-6.000000000000005,0.19751207015203942,-0.049227912044924604,-0.18851729494806513,-0.15680438633260962,0.4238870896683178,0.4580243942773121
2016-12-20,-0.4147369260420697,277.354,6.834172476116707,,132.0,,11.449999809265137,9.850000381469727,-1.5999994277954102,0,122.08999633789062,,,118.63,0.8813404811146119,2.9999999999999805,0.3637512148869648,0.5307952390386506,0.1741534609324802,-0.48776683655300523,0.21105259517621988,-0.7891275756247262
2016-12-21,-0.610115860632765,307.477,6.834172476116707,,134.0,,11.270000457763672,9.329999923706055,-1.9400005340576172,0,124.9000015258789,,,118.581,0.9404458094490531,-2.0000000000000018,-0.24573614565177593,-0.2566825889354529,-0.194911730166214,1.1136105773845717,0.49780229467590864,-0.03535346125165262
2016-12-22,-0.610115860632765,312.338,6.834172476116707,,133.0,,11.430000305175781,9.34000015258789,-2.0900001525878906,0,128.02000427246094,,,118.8209,1.166531007025906,0.0,-0.18629737285675851,-0.08650426057590366,-0.10942219236359518,0.06783175638960248,0.8763556291928376,-0.20333540866899202
2016-12-23,-0.610115860632765,280.643,6.834172476116707,,133.0,,11.4399995803833,8.979999542236328,-2.4600000381469727,0,120.51000213623047,,,118.7856,0.6354015229303789,0.0,0.12517152775348706,-0.08650426057590366,0.008352971511160767,-0.9365666041713516,0.1321996106055101,0.2746257487458381
2016-12-27,-0.610115860632765,294.061,6.834172476116707,,129.0,,11.989999771118164,10.220000267028809,-1.7699995040893555,0,123.6500015258789,,,118.9506,0.788510421962374,2.0000000000000018,0.22483727122095676,0.03309811218921155,0.21690805767697885,-0.25315786663109296,1.6597530375659808,0.47707609308145216
2016-12-28,-0.7831342621908322,323.912,6.834172476116707,,125.0,,12.949999809265137,11.220000267028809,-1.7299995422363281,0,122.37000274658203,,,119.2305,1.2764189936446568,-6.000000000000005,-0.8356529175972627,-0.006905321697903144,-0.8657483623048856,-0.3990150547937277,0.29684571963377593,0.18464569557534727
2016-12-29,-0.7831342621908322,346.472,6.834172476116707,,127.0,,13.369999885559082,11.640000343322754,-1.7299995422363281,0,124.56999969482422,,,118.6637,0.8667675359559368,-1.9999999999999574,-0.029330470962940502,-1.3224604252945138,0.09730701127828034,-0.1978946795166303,-0.5364426714029369,1.4920133083850207
2016-12-30,-0.7831342621908322,468.355,6.834172476116707,,125.0,,14.039999961853027,12.680000305175781,-1.359999656677246,0,127.26000213623047,,,118.3466,0.49505959396620725,-4.0000000000000036,-0.4637050227782158,-0.1607273875795845,0.09730701127828034,0.24353368928700103,-0.09298723569812761,-0.5534438151975407
2017-01-03,-0.7831342621908322,287.236,6.362300554215694,,123.0,,12.850000381469727,11.989999771118164,-0.8600006103515625,0,125.79000091552734,,,119.0903,1.2120084103746098,0.0,0.8486575281279274,-0.1607273875795845,0.8789994977197457,1.0401969023080104,-2.587489497510931,0.9043499490489104
2017-01-04,-0.7467782996768646,266.468,6.362300554215694,,122.0,,11.850000381469727,10.680000305175781,-1.1700000762939453,0,124.4000015258789,,,118.8803,1.3372079146478422,0.9999999999999787,0.5722273788525856,2.510106465430084,0.0817058943746618,0.7293885150737367,1.7771764913767196,0.29300451073148714
2017-01-05,-0.7467782996768646,233.43,6.362300554215694,,120.0,,11.670000076293945,9.949999809265137,-1.7200002670288086,0,128.2100067138672,,,117.9999,0.7678000491883941,-8.999999999999986,-0.0770670483320468,-0.3749622466036939,-0.18038674694171863,0.20947689130512703,0.9387908669870271,1.3662056776643228
2017-01-06,-0.7467782996768646,209.205,6.362300554215694,,120.0,,11.319999694824219,9.1899995803833,-2.130000114440918,0,123.66999816894531,,,118.3495,1.2204665483546817,4.999999999999982,0.35169592193697863,-0.33994380761678267,0.351143083184291,-0.35034452524591586,0.427833638606101,-0.6611788658687612
2017-01-09,-0.7467782996768646,191.97,6.362300554215694,,117.0,,11.5600004196167,9.4399995803833,-2.1200008392333984,0,122.58999633789062,,,118.4111,1.490589001645648,-4.0000000000000036,-0.35485942758867184,-0.33994380761678267,-0.01659677672247728,0.536249760934493,-3.7599602350147365,0.9898434460514194
2017-01-10,-0.7467782996768646,180.715,6.362300554215694,,119.0,,11.489999771118164,8.880000114440918,-2.609999656677246,0,121.83999633789062,,,118.5386,1.2867343913282259,0.0,0.0,-0.7858950906354467,-0.17864456541698548,-0.30162325647030697,-2.193994245063613,0.05914247333123068
2017-01-11,-1.0926106722023543,158.82,6.362300554215694,,118.0,,11.260000228881836,8.880000114440918,-2.380000114440918,0,123.05999755859375,,,119.0219,1.482306959041102,0.0,0.28296382793233654,0.3275945760603083,1.469347853894054,-0.7880956933188132,2.813853431253399,0.9626773251241172
2017-01-12,-1.0926106722023543,141.218,6.362300554215694,,118.0,,11.539999961853027,9.319999694824219,-2.2200002670288086,0,126.22000122070312,,,117.8001,0.7560977487275133,-2.0000000000000018,-0.21448089967596173,-1.1875787403182958,0.5768188222538218,-0.5567808081852088,1.4545422421688103,0.2760161337831857
2017-01-13,-1.0926106722023543,88.201,6.362300554215694,,119.0,,11.229999542236328,8.989999771118164,-2.239999771118164,0,132.32000732421875,,,117.9884,1.014957676564543,4.0000000000000036,0.18498402425362048,0.7973999297333556,-0.49588690975765903,-0.20918697669991548,-1.207318260541168,-0.3002732098280614
2017-01-17,-1.0926106722023543,96.798,6.362300554215694,,115.99999999999999,,11.869999885559082,10.850000381469727,-1.0199995040893555,0,131.5500030517578,,,117.2656,0.45608275966049217,-6.999999999999984,-0.29675026899970147,-1.475294021139717,0.37304076718187584,0.17229089462171832,0.21004508801811816,1.3971346515251781
2017-01-18,-0.625595922331823,130.118,6.362300554215694,,119.0,,12.479999542236328,11.289999961853027,-1.1899995803833008,0,143.42999267578125,,,117.7242,-0.9115609155000648,8.999999999999986,0.17637540575008437,0.429689945327949,-0.06419698387297723,0.13629357801623332,-2.6676785887829735,-0.05775174685437312
2017-01-19,-0.625595922331823,138.637,6.362300554215694,,122.0,,12.779999732971191,11.5,-1.2799997329711914,0,141.02999877929688,,,118.3182,-0.03396463622353796,5.000000000000027,-0.3609308355419394,0.9414490531601594,0.10866730213141551,-0.3762558822332229,0.5677311872251511,-0.8585836700100824
2017-01-20,-0.625595922331823,148.785,6.362300554215694,,128.0,,11.539999961853027,9.720000267028809,-1.8199996948242188,0,146.3300018310547,,,118.3182,-0.03396463622353796,0.9999999999999787,0.3366237154707852,0.34427063534716584,-0.34638972135703217,0.7042159830797923,2.0439931066629224,0.28312301981352483
2017-01-23,-0.625595922331823,156.316,6.362300554215694,,125.0,,11.770000457763672,10.920000076293945,-0.8500003814697266,0,137.77999877929688,,,117.2479,-0.9626016260162573,-6.999999999999984,-0.2690124758069401,-1.2900095013476442,0.018390828508008106,0.4366115851651253,0.6295342285040029,0.8884788456404058
2017-01-24,-0.625595922331823,110.193,6.362300554215694,,126.0,,11.069999694824219,10.079999923706055,-0.9899997711181641,0,138.16000366210938,,,117.0516,-1.33052347635505,6.000000000000005,0.6564593637664151,-0.5454391122936109,-0.011131731994684646,0.18420436122330575,0.8151664553095461,-0.3868272569444442
2017-01-25,-0.6583824686565043,108.36,6.362300554215694,,130.0,,10.8100004196167,10.0600004196167,-0.75,0,128.8000030517578,,,116.9355,-1.3876590684848367,5.999999999999961,0.8026090549617448,1.4344789531128166,0.057118524661481374,0.22281098116307962,-0.8085752213392361,-1.0741138127348893
2017-01-26,-0.6583824686565043,94.67,6.362300554215694,,130.0,,10.630000114440918,9.710000038146973,-0.9200000762939453,0,129.5800018310547,,,117.2766,-1.2996871762459228,-2.0000000000000018,-0.07353844075136395,1.8097369801915342,0.8055457321632264,0.3051568933699622,1.952604320941953,-0.6514698496637883
2017-01-27,-0.6583824686565043,108.772,6.362300554215694,,127.0,,10.579999923706055,9.359999656677246,-1.2200002670288086,0,129.9499969482422,,,117.0735,-1.4413363235947885,-1.9999999999999574,-0.0866463892926328,0.3350605957867625,0.8055457321632264,0.3051568933699622,-1.1342518114492606,-0.1176985636034078
2017-01-30,-0.6583824686565043,101.514,6.362300554215694,,127.0,,11.880000114440918,11.65999984741211,-0.2200002670288086,0,134.32000732421875,,,116.7325,-1.8647236752063368,0.0,-0.6009543517695892,-0.5062349326182214,0.8055457321632264,0.3051568933699622,-1.0156048888966707,0.429254750503838
2017-01-31,-0.6583824686565043,180.162,6.362300554215694,,126.0,,11.989999771118164,11.770000457763672,-0.2199993133544922,0,138.0800018310547,,,116.2241,-2.5215024679087983,-4.0000000000000036,-0.08899054071440649,-1.6909097454423816,-0.7688661807499941,0.3051568933699622,0.34201083321814263,1.2906490985804764
2017-02-01,-0.6605114982842664,133.73,6.2739995557107076,,126.0,,11.8100004196167,12.039999961853027,0.22999954223632812,1,133.97000122070312,,,116.3914,-1.9149074232473806,2.9999999999999805,0.029836348965073256,0.5605710273063336,0.6244002226061918,0.3051568933699622,2.026130783941582,-0.24822108725806036
2017-02-02,-0.6605114982842664,111.12,6.2739995557107076,,127.0,,11.930000305175781,11.15999984741211,-0.7700004577636719,0,136.64999389648438,,,115.903,-2.064782596204695,0.0,0.05703094032936118,-1.219443406583376,-0.45518201530548863,0.3051568933699622,-0.631032193481329,0.9207013777967843
2017-02-03,-0.6605114982842664,117.361,6.2739995557107076,,128.0,,10.970000267028809,9.1899995803833,-1.7800006866455078,0,133.25,,,115.6259,-2.909053046301835,1.000000000000023,0.7264758098647794,0.019134131500941898,0.10380936517024875,-0.6013009020749971,0.5416528027051948,0.14794517139506969
2017-02-06,-0.6605114982842664,125.66,6.2739995557107076,,126.0,,11.369999885559082,10.170000076293945,-1.1999998092651367,0,131.41000366210938,,,116.0504,-2.380461691297897,-7.000000000000028,-0.2115356985885164,0.3092879933942472,0.2170599563360076,0.5354476115009277,-1.5233206049203973,0.9437833401723328
2017-02-07,-0.6605114982842664,131.659,6.2739995557107076,,124.0,,11.289999961853027,9.470000267028809,-1.8199996948242188,0,130.4600067138672,,,116.4082,-1.3488994482198757,-2.0000000000000018,0.022682918569594257,-0.3474344992772771,-0.11791877763996927,-0.12340880516179542,-1.5846070160064007,0.3414594448678754
2017-02-08,-0.6696419615547677,122.934,6.2739995557107076,,119.0,,11.449999809265137,9.600000381469727,-1.8499994277954102,0,134.00999450683594,,,116.1382,-1.868448958381752,-6.000000000000005,0.0693322385540096,0.5119847838105818,-0.4881377307924928,0.440648768785068,0.3258615863700909,0.27548408269131297
2017-02-09,-0.6696419615547677,83.894,6.2739995557107076,,120.0,,10.880000114440918,8.850000381469727,-2.0299997329711914,0,129.19000244140625,,,116.306,-1.7777894133235828,6.000000000000005,0.5752546449780516,-0.525735440316788,0.038729959964856064,0.5114339716487004,1.2609855664654113,-0.2020038824593895
2017-02-10,-0.6696419615547677,74.169,6.2739995557107076,,121.0,,10.850000381469727,9.020000457763672,-1.8299999237060547,0,130.47000122070312,,,116.148,-2.0167270408120275,1.000000000000023,0.3566050102845164,2.492426446898044,0.44534028280360793,0.42473325320531163,1.6226426610406852,-0.05667162057411135
2017-02-13,-0.6696419615547677,98.103,6.2739995557107076,,123.0,,11.069999694824219,9.319999694824219,-1.75,0,130.10000610351562,,,116.3427,-2.2510143091313495,2.0000000000000018,0.5245845097992419,0.41395837860305207,0.17203308230762104,0.6300291919482781,-1.7266993959094812,-0.8101101589613746
2017-02-14,-0.6696419615547677,87.998,6.2739995557107076,,122.0,,10.739999771118164,8.9399995803833,-1.8000001907348633,0,133.66000366210938,,,116.3949,-1.1928682573274507,4.0000000000000036,0.4007335176634763,-1.1314467356245528,-0.19627326274496149,0.03384897875886583,0.5101085513072867,-0.04083632718312469
2017-02-15,-0.6457492357195505,105.123,6.2739995557107076,,124.0,,11.970000267028809,10.260000228881836,-1.7100000381469727,0,137.5500030517578,,,116.2162,-1.5020120622027289,3.999999999999959,0.4992308919898214,1.0343583451484673,0.4478055094011335,-0.15357380787401897,-0.16917321672406116,0.6373009724831569
2017-02-16,-0.6457492357195505,104.978,6.2739995557107076,,123.0,,11.760000228881836,10.020000457763672,-1.739999771118164,0,141.41000366210938,,,116.0067,-1.073545865113057,-5.999999999999961,-0.08641180363413437,-0.46533214713543325,-0.09693642697298221,0.5176441946139754,0.47072113938420035,0.673869380300629
2017-02-17,-0.6457492357195505,147.243,6.2739995557107076,,121.0,,11.489999771118164,9.029999732971191,-2.4600000381469727,0,141.1300048828125,,,116.4035,-1.121859396793523,-3.000000000000025,0.16785565287558146,-0.5835895349606046,-0.06052384969210678,-0.8527941344890211,0.07496423363906324,-0.19355035597278247
2017-02-21,-0.6457492357195505,163.259,6.2739995557107076,,121.0,,11.569999694824219,10.220000267028809,-1.3499994277954102,0,136.92999267578125,,,116.5921,-1.4588626263753235,1.000000000000023,0.6048066160828425,0.6771535647401183,0.8894707812830749,0.41250467188309603,1.2359547351178612,-0.008078182604209783
2017-02-22,-0.46982090054871195,177.833,6.2739995557107076,,120.0,,11.739999771118164,10.390000343322754,-1.3499994277954102,0,138.24000549316406,,,116.2136,-0.8821479958276424,-1.000000000000023,-0.10822001454080521,-0.008102145889621326,0.1750023015925528,0.2425852810033824,-0.8694066014865776,-0.4444444444444473
2017-02-23,-0.46982090054871195,187.176,6.2739995557107076,,120.0,,11.710000038146973,10.149999618530273,-1.5600004196166992,0,137.91000366210938,,,115.6527,-1.1951139497452412,-4.0000000000000036,0.041898672168572126,-0.04338627399383954,0.04840835933674903,-0.30182028693177543,1.6047781449950893,1.4772687639508897
2017-02-24,-0.46982090054871195,160.882,6.2739995557107076,,119.0,,11.470000267028809,9.40999984741211,-2.060000419616699,0,138.66000366210938,,,115.8143,-0.9588191780939059,-6.999999999999984,0.14933641914423035,-0.4538732276500479,-0.6409932661882722,0.0632995415401183,-0.8448100606561426,0.5359201330880969
2017-02-27,-0.46982090054871195,153.382,6.2739995557107076,,115.99999999999999,,12.09000015258789,10.829999923706055,-1.260000228881836,0,134.38999938964844,,,115.6764,-1.3644665687784219,4.999999999999982,0.10179830611165563,-0.9130500309323053,-0.4106783362455957,-0.7614477555334842,0.11112716563903557,0.039780411352374756
2017-02-28,-0.46982090054871195,204.651,6.2739995557107076,,113.99999999999999,,12.920000076293945,11.890000343322754,-1.0299997329711914,0,131.97999572753906,,,116.0032,-0.9142120121120367,0.0,-0.25783763780462543,0.06028810107303606,0.2934459026795011,0.40490477172412387,-0.07400724531354541,-0.3817439744652318
2017-03-01,-0.45700722454133924,156.01,6.336971458356366,,117.0,,12.539999961853027,10.569999694824219,-1.9700002670288086,0,132.16000366210938,,,116.438,-0.25228620992440165,10.000000000000009,1.3673854659866258,1.436000671371107,0.2934459026795011,0.1604441827611769,-0.33326512881366455,-0.2953817055715846
2017-03-02,-0.45700722454133924,168.142,6.336971458356366,,117.0,,11.8100004196167,9.600000381469727,-2.2100000381469727,0,133.36000061035156,,,116.8429,0.5324196960871275,3.000000000000025,-0.5859880503598425,0.883086466054861,0.5263817067504117,-0.5206759802403704,-2.266396394583259,-1.361197827502303
2017-03-03,-0.45700722454133924,193.272,6.336971458356366,,117.0,,10.960000038146973,8.5600004196167,-2.3999996185302734,0,136.10000610351562,,,116.6438,0.2168545098692798,0.0,0.05038772720600271,-0.4887903559265938,-1.1366562886721998,-0.3627233007525543,1.3685634144650738,-0.5195246600556369
2017-03-06,-0.45700722454133924,205.21,6.336971458356366,,118.0,,11.239999771118164,9.670000076293945,-1.5699996948242188,0,140.1699981689453,,,116.4313,0.4558121877777044,0.0,-0.32772408480052917,-0.46241980133855387,0.12556139131087996,0.4832954362873787,-0.24376722979884136,-0.081599347205219
2017-03-07,-0.45700722454133924,208.765,6.336971458356366,,120.0,,11.449999809265137,10.229999542236328,-1.2200002670288086,0,138.85000610351562,,,116.4303,0.6956918821821034,2.9999999999999805,-0.29133737680216987,-0.180556171463353,0.6096946588434848,0.2640814167990557,-0.11278453464387272,-0.7676622632962427
2017-03-08,-0.47405950748959924,212.124,6.336971458356366,,121.0,,11.859999656677246,10.90999984741211,-0.9499998092651367,0,139.6300048828125,,,116.875,0.71055334578769,4.999999999999982,-0.22842151650487308,-0.46588292548468413,0.06493938776730435,-0.053693670494348034,-5.382010995861409,-0.54316317328168
2017-03-09,-0.47405950748959924,217.831,6.336971458356366,,123.0,,12.300000190734863,11.779999732971191,-0.5200004577636719,0,139.47999572753906,,,116.9959,0.5048613413831671,3.000000000000025,0.07998953585612867,0.3352585594147639,-0.20758962198694775,-0.7380875537639553,-1.9888624190097515,-0.5047559442232119
2017-03-10,-0.47405950748959924,233.046,6.336971458356366,,122.0,,11.65999984741211,10.670000076293945,-0.9899997711181641,0,138.99000549316406,,,116.616,0.4114064106383708,-2.0000000000000018,0.3268670195698986,1.4805917190512385,0.30080623637036563,-0.1239166495645927,-1.603078572238048,-0.14138998733104202
2017-03-13,-0.47405950748959924,232.962,6.336971458356366,,122.0,,11.350000381469727,10.779999732971191,-0.5700006484985352,0,145.75,,,116.4004,0.08116520213918843,4.0000000000000036,0.03666328125562224,0.1486417017681596,0.9650267857995054,0.7552358701512496,-0.18560558769347146,0.1415901816709697
2017-03-14,-0.47405950748959924,200.798,6.336971458356366,,120.0,,12.300000190734863,11.779999732971191,-0.5200004577636719,0,146.11000061035156,,,116.5646,0.358680304439174,-2.0000000000000018,-0.3379027175504645,-0.1235118100210042,0.7645455793749534,0.07117510191305687,-1.4049592639210795,-0.041583498823005716
2017-03-15,-0.3734898858377189,226.51,6.336971458356366,,118.0,,11.630000114440918,10.760000228881836,-0.869999885559082,0,147.1999969482422,,,116.3584,0.013494615476528082,-9.00000000000003,0.8374752796581397,-0.16379377661337458,-0.0365562188306745,0.07508128215798493,2.3889341166945632,-0.14976693498300886
2017-03-16,-0.3734898858377189,209.114,6.336971458356366,,118.0,,11.210000038146973,9.739999771118164,-1.4700002670288086,0,149.49000549316406,,,115.4456,-0.815585562597676,2.0000000000000018,-0.16267102694209612,0.06517606066231973,0.8007537798874864,0.8382807100544731,-0.22513427952814968,2.1998187610305475
2017-03-17,-0.3734898858377189,240.669,6.336971458356366,,117.0,,11.279999732971191,9.869999885559082,-1.4099998474121094,0,154.33999633789062,,,115.2783,-0.8070303451670258,-2.9999999999999805,-0.13143147950017697,-0.349924906422161,0.6743934864344547,-0.9632506166372345,0.061535957532043994,0.2690622770586959
2017-03-20,-0.3734898858377189,235.827,6.336971458356366,,117.0,,11.34000015258789,10.229999542236328,-1.1100006103515625,0,152.92999267578125,,,115.0426,-0.8310726880430219,-2.9999999999999805,-0.20098935338483948,-0.349924906422161,-0.34972456948473285,0.41270432830895487,-1.1480065039104148,0.308987364363289
2017-03-21,-0.3734898858377189,237.331,6.336971458356366,,115.99999999999999,,12.470000267028809,14.229999542236328,1.7599992752075195,1,141.02000427246094,,,114.8119,-1.367312838531487,-4.0000000000000036,-1.24079729406269,-0.33659648061931113,0.9907173796192437,0.3323167091115353,-1.8249710614636205,1.0132944428815183
2017-03-22,-0.3254276733045347,251.013,6.336971458356366,,112.99999999999999,,12.8100004196167,14.510000228881836,1.6999998092651367,1,136.07000732421875,,,114.7937,-1.5424715739745687,-3.000000000000025,0.18898864360001877,-2.130461236866943,-0.46272158790600093,-0.5025465286691011,1.478666583614685,0.2568071025507157
2017-03-23,-0.3254276733045347,231.463,6.336971458356366,,114.99999999999999,,13.119999885559082,15.140000343322754,2.020000457763672,1,132.5399932861328,,,114.7899,-1.225071764406227,1.000000000000023,-0.1060269661328106,0.2307064168530104,0.2038427235838025,0.10261486602027858,-0.7077438511829737,-0.1921095269558193
2017-03-24,-0.3254276733045347,200.237,6.336971458356366,,113.99999999999999,,12.960000038146973,13.430000305175781,0.4700002670288086,1,136.6199951171875,,,114.6372,-0.8780599155920998,-1.000000000000023,-0.08439958489141475,0.928560997552208,-0.1735161264260876,0.6432106391215164,0.5660386864678069,0.1042526852482295
2017-03-27,-0.3254276733045347,215.473,6.336971458356366,,111.00000000000001,,12.5,12.119999885559082,-0.38000011444091797,0,135.3699951171875,,,114.2347,-1.3639075658187227,-2.0000000000000018,-0.1019587452981141,-1.4377107432611558,-0.6127406976504712,-0.0761594148949718,-0.5003161816956925,0.5768365265058417
2017-03-28,-0.3254276733045347,224.475,6.336971458356366,,112.00000000000001,,11.529999732971191,10.510000228881836,-1.0199995040893555,0,134.42999267578125,,,114.419,-1.0869978664619584,4.0000000000000036,0.7251474353500598,1.1444432259581694,0.35488652182102953,-0.42875031162546984,1.3408744935815564,-0.007963643778341467
2017-03-29,-0.29494695327069165,260.357,6.336971458356366,,112.99999999999999,,11.420000076293945,10.079999923706055,-1.3400001525878906,0,132.3699951171875,,,114.7167,-1.1090211304515818,-2.9999999999999805,0.1085324742930105,0.07608929695870348,0.16964382245723275,-0.3576458403303784,2.3568315377757276,-0.15136018004908713
2017-03-30,-0.29494695327069165,224.134,6.336971458356366,,113.99999999999999,,11.539999961853027,9.579999923706055,-1.9600000381469727,0,138.83999633789062,,,114.5245,-1.6433638502894254,2.9999999999999805,0.2935109936855751,-0.8027054632673947,-0.10798844067395619,-0.9587748867880164,1.696627309766141,-0.6701790530113771
2017-03-31,-0.29494695327069165,346.853,6.336971458356366,,112.99999999999999,,12.369999885559082,9.65999984741211,-2.7100000381469727,0,138.30999755859375,,,114.7938,-1.753722305762695,-2.0000000000000018,-0.22550474897145012,-0.8076333999257557,-0.20372497635727793,0.3824283140840157,0.4965243447395462,0.18474287776104603
2017-04-03,-0.29494695327069165,233.582,6.1089790376631425,,111.00000000000001,,12.380000114440918,10.15999984741211,-2.2200002670288086,0,135.22999572753906,,,114.8734,-1.517783199792866,-4.999999999999982,-0.16421255420062675,0.3911877251772111,0.3370025118943687,0.3824283140840157,-0.7114561393483321,0.28060609821096705
2017-04-04,-0.29494695327069165,207.711,6.1089790376631425,,111.00000000000001,,11.789999961853027,9.510000228881836,-2.2799997329711914,0,132.27999877929688,,,115.0038,-1.2260448865554108,0.9999999999999787,0.05595225490382383,-0.9112277756663123,-0.29572698997907265,0.3824283140840157,1.5724464061247723,0.33578118067791873
2017-04-05,-0.21041157038395042,174.644,6.1089790376631425,,110.00000000000001,,12.890000343322754,11.890000343322754,-1.0,0,130.91000366210938,,,114.9494,-1.2719197665899684,-2.0000000000000018,-0.30548611983906016,0.271232605893057,-0.011568182347088118,1.4830351976909295,0.23516117862560915,-0.7649382937002014
2017-04-06,-0.21041157038395042,117.337,6.1089790376631425,,110.00000000000001,,12.390000343322754,10.270000457763672,-2.119999885559082,0,131.27000427246094,,,115.0181,-1.5887914438502682,0.0,0.1929509405943275,-1.400801700740506,-0.3748569910071886,0.3271851217405253,1.0752672935547825,0.39344984085478707
2017-04-07,-0.21041157038395042,117.774,6.1089790376631425,,109.00000000000001,,12.869999885559082,10.0600004196167,-2.809999465942383,0,132.6999969482422,,,115.0547,-1.6592034421719082,4.0000000000000036,-0.08271302020167459,0.36333867026827615,-0.04738216380211213,0.17101723968069305,1.0444891828985003,0.31992320593356993
2017-04-10,-0.21041157038395042,120.504,6.1089790376631425,,108.0,,14.050000190734863,10.359999656677246,-3.690000534057617,0,132.86000061035156,,,115.11,-1.2914179872401732,-0.9999999999999787,0.06876864837839225,0.7139171463070859,-0.8555865408988006,-0.5240314221259701,1.607963486980779,-0.25512820837225725
2017-04-11,-0.21041157038395042,114.753,6.1089790376631425,,108.0,,15.069999694824219,10.539999961853027,-4.529999732971191,0,136.66000366210938,,,115.009,-1.1953567169872281,-5.000000000000027,-0.1433879303282093,-0.26604976978060746,-0.44390763690738133,0.5986737492041483,0.6028630063780405,1.6065842840836009
2017-04-12,-0.33862039247252174,105.528,6.1089790376631425,,104.0,,15.770000457763672,10.90999984741211,-4.8600006103515625,0,131.92999267578125,,,114.9162,-1.4141514662255883,-4.0000000000000036,-0.3759951034546627,-1.0415037792315784,0.23823783320247038,-0.4602050015569792,-0.5430728600013257,0.32253758761320306
2017-04-13,-0.33862039247252174,105.528,6.1089790376631425,,103.0,,15.960000038146973,12.75,-3.2100000381469727,0,134.36000061035156,,,114.5059,-1.59206383037237,-3.999999999999959,-0.6814694227374907,-0.6779075045878824,0.925365380678822,0.06505783017669575,0.13180134441681535,0.8311750317643085
2017-04-17,-0.33862039247252174,64.37,6.1089790376631425,,105.0,,14.65999984741211,13.4399995803833,-1.2200002670288086,0,139.6300048828125,,,114.3283,-0.8240926523031655,1.9999999999999574,0.8613348940219367,0.10705334548095635,0.5096364924658703,-0.6878112348471355,-0.99661296776129,0.27218290174579884
2017-04-18,-0.33862039247252174,109.402,6.1089790376631425,,100.0,,14.420000076293945,14.199999809265137,-0.2200002670288086,0,137.1999969482422,,,114.2575,-0.6824428516045367,-7.999999999999963,-0.29033798625895946,0.3450241453057723,0.1258272667766791,-0.7899684164171639,-0.45584363060052757,0.17837185623272855
2017-04-19,-0.2418860385142385,116.567,6.1089790376631425,,102.0,,14.930000305175781,16.200000762939453,1.2700004577636719,1,140.1999969482422,,,114.7923,-0.017071401135249076,2.9999999999999805,-0.17163507793208632,0.07388934286203241,-0.46824510471027425,-0.8141450232385883,-3.7588269918691797,-0.7973931367317943
2017-04-20,-0.2418860385142385,128.726,6.1089790376631425,,103.0,,14.149999618530273,15.829999923706055,1.6800003051757812,1,146.85000610351562,,,114.6205,-0.15087936010425018,3.000000000000025,0.7557263417987681,-0.009271733419968786,0.5027123312256743,0.044567184722965614,-0.33703047893283156,0.039019821326169435
2017-04-21,-0.2418860385142385,136.521,6.1089790376631425,,104.0,,14.630000114440918,17.09000015258789,2.4600000381469727,1,148.4199981689453,,,114.8128,0.019949490329707054,0.0,-0.30350729326357184,1.0323098474621428,0.7393684685010227,0.033125727992522336,-1.293020727988714,0.42905061980273995
2017-04-24,-0.2418860385142385,118.667,6.1089790376631425,,103.0,,10.84000015258789,9.960000038146973,-0.880000114440918,0,144.4499969482422,,,114.3659,-0.23665965323648175,3.999999999999959,1.084006896297951,1.3701427674771338,0.4018378882102436,-1.374654868661973,-0.7859721846906975,-0.9010389440700095
2017-04-25,-0.2418860385142385,116.956,6.1089790376631425,,106.0,,10.760000228881836,9.800000190734863,-0.9600000381469727,0,139.0399932861328,,,114.5111,0.24195800400403922,7.000000000000028,0.6090687476747014,1.0778263555788037,1.0631495728881113,0.1609151231429351,0.6703266994174228,-0.7995040642580831
2017-04-26,-0.10108019259542633,122.323,6.1089790376631425,,104.0,,10.850000381469727,9.789999961853027,-1.0600004196166992,0,142.1300048828125,,,114.9479,0.46224840280024715,-3.000000000000025,-0.04857034835427099,1.10118965663204,0.5002612716315857,0.20034759212927966,0.12106044578539255,-0.2765486779011339
2017-04-27,-0.10108019259542633,127.826,6.1089790376631425,,105.0,,10.359999656677246,9.239999771118164,-1.119999885559082,0,142.5500030517578,,,114.9946,0.2422489489324553,-2.0000000000000018,0.05529198041311911,-0.1947208781363785,0.07336912921183103,0.36105191260971115,-1.3099510785437918,0.12677090697150728
2017-04-28,-0.10108019259542633,181.976,6.1089790376631425,,101.0,,10.819999694824219,9.420000076293945,-1.3999996185302734,0,146.97999572753906,,,114.7877,0.22981982021315073,-0.9999999999999787,-0.1913147068160148,-0.2863561239031531,-0.18194579681563017,0.0783883461367818,0.7351451937464226,0.18992043260244174
2017-05-01,-0.10108019259542633,162.198,5.9895161983329,,105.0,,10.109999656677246,9.489999771118164,-0.619999885559082,0,128.4600067138672,,,114.5921,-0.17570635347902153,4.0000000000000036,0.17322905115801923,0.5927011330353782,-0.18194579681563017,0.0783883461367818,-0.9933137244651946,-1.0109728303160925
2017-05-02,-0.10108019259542633,183.851,5.9895161983329,,102.0,,10.59000015258789,10.489999771118164,-0.10000038146972656,0,127.48999786376953,,,114.6792,-0.16905567346314765,-4.0000000000000036,0.11890499458222514,0.700031334119422,0.6452218535444088,-0.346980403713848,-2.416053033352128,0.1436149914376461
2017-05-03,-0.13454627485052217,186.667,5.9895161983329,,103.0,,10.680000305175781,10.779999732971191,0.09999942779541016,1,129.38999938964844,,,114.6637,-0.2957293585081455,4.0000000000000036,-0.12713605313821041,0.700031334119422,0.6452218535444088,-0.2661174759510332,0.33571096920763654,-0.6931679819221936
2017-05-04,-0.13454627485052217,152.793,5.9895161983329,,104.0,,10.460000038146973,11.039999961853027,0.5799999237060547,1,130.47999572753906,,,114.9076,-0.03636382617047129,2.9999999999999805,0.058210264389502164,0.700031334119422,0.9717691872471956,-0.25442330496916465,-4.809701488370122,-1.5966001303167165
2017-05-05,-0.13454627485052217,156.789,5.9895161983329,,104.0,,10.569999694824219,11.4399995803833,0.869999885559082,1,131.36000061035156,,,114.7725,-0.2135316093727968,0.0,0.40886954080285864,0.700031334119422,0.9717691872471956,-0.777996179927043,1.5377872493409939,-0.13860180773542785
2017-05-08,-0.13454627485052217,162.58,5.9895161983329,,106.0,,9.770000457763672,9.09000015258789,-0.6800003051757812,0,128.1199951171875,,,115.0895,0.03024648275993247,3.000000000000025,0.003744597299082386,2.314136380172438,2.2987283716038975,-0.7871333883659237,0.4543467739645868,0.04082298988135058
2017-05-09,-0.13454627485052217,167.302,5.9895161983329,,105.0,,9.960000038146973,9.3100004196167,-0.6499996185302734,0,128.27999877929688,,,115.3933,0.24611241421248486,2.9999999999999805,-0.10252486299153762,-0.26487743994609847,2.2987283716038975,0.06217288359817719,-1.184577285043087,-0.8977392933690265
2017-05-10,-0.11057493383256345,187.269,5.9895161983329,,106.0,,10.210000038146973,9.430000305175781,-0.7799997329711914,0,128.27000427246094,,,115.1145,0.09173195141249924,-0.9999999999999787,0.11306013658478609,0.28770772438644343,-0.9874514768965836,-0.9005662538569381,3.160420072324599,0.24705590705487168
2017-05-11,-0.11057493383256345,161.232,5.9895161983329,,104.0,,10.600000381469727,10.350000381469727,-0.25,0,128.2100067138672,,,115.0669,0.13113903870820565,-2.0000000000000018,-0.2162809124616749,0.3088475377878819,1.1563264781126126,0.2854799188785062,1.0564123825407057,0.4435966587652995
2017-05-12,-0.11057493383256345,167.696,5.9895161983329,,104.0,,10.399999618530273,9.399999618530273,-1.0,0,129.64999389648438,,,114.7479,0.21134282163626228,-6.000000000000005,-0.14784413679722608,-0.38899979002602336,-0.4507155697064391,0.7190246432508651,0.020903870270627678,0.2862517493883443
2017-05-15,-0.11057493383256345,144.99,5.9895161983329,,103.0,,10.420000076293945,9.15999984741211,-1.260000228881836,0,129.44000244140625,,,114.3504,-0.16274245482674754,0.9999999999999787,0.47765136484509974,-0.0706641100285621,0.20253028289092256,0.2178056192725375,2.1112004981433286,0.19572863396126738
2017-05-16,-0.11057493383256345,157.693,5.9895161983329,,104.0,,10.649999618530273,8.960000038146973,-1.6899995803833008,0,131.24000549316406,,,113.9923,-0.29389048905651416,-0.9999999999999787,-0.06868970151433507,0.2514900923126451,0.20431650320991146,0.7357094698527522,-0.38894295321142414,0.5209201156796572
2017-05-17,-0.14826517672793527,167.158,5.9895161983329,,96.0,,15.59000015258789,20.170000076293945,4.579999923706055,1,133.50999450683594,,,113.7506,-0.4436470253593727,-10.999999999999988,-1.8178214414433458,-0.5268092356192078,-0.09802511723446816,-0.2737653404310869,0.8425808645659449,1.8218623481781382
2017-05-18,-0.14826517672793527,185.287,5.9895161983329,,96.0,,14.65999984741211,16.670000076293945,2.010000228881836,1,137.00999450683594,,,114.2683,-0.45647661036498643,0.9999999999999787,0.3686818283279214,-1.3173002968196124,-0.27299568930639895,-0.46072624328453715,0.5706109252868075,-0.4612364873260444
2017-05-19,-0.14826517672793527,182.273,5.9895161983329,,95.0,,12.039999961853027,10.979999542236328,-1.0600004196166992,0,131.38999938964844,,,113.7001,-0.802997718558196,0.0,0.6767499942466504,0.18871154751261,0.07258603911788342,0.015927682003202825,1.9858224665346258,0.07989135088355415
2017-05-22,-0.14826517672793527,185.031,5.9895161983329,,96.0,,10.930000305175781,9.390000343322754,-1.5399999618530273,0,128.57000732421875,,,113.5442,-1.104929067142335,2.0000000000000018,0.5160131149745784,0.4467388314544518,0.6794924561647209,-0.48388428201568967,0.7947500429750232,0.6386206044405318
2017-05-23,-0.14826517672793527,198.865,5.9895161983329,,98.0,,10.720000267028809,9.319999694824219,-1.4000005722045898,0,124.54000091552734,,,113.6862,-0.5943205098722593,4.0000000000000036,0.1837871992654172,-0.33031343350392595,0.33462935983750164,-0.446373538464806,1.4587062589083821,-0.4679862435360449
2017-05-24,0.21835367916198667,184.946,5.9895161983329,,97.0,,10.020000457763672,8.5600004196167,-1.4600000381469727,0,123.11000061035156,,,113.675,-0.7301475577476735,-3.000000000000025,0.2489126548973042,0.6612926370536343,0.24224599997866303,0.06952786037976999,-0.213717908961919,-0.1912674785360391
2017-05-25,0.21835367916198667,153.451,5.9895161983329,,95.0,,9.989999771118164,8.119999885559082,-1.869999885559082,0,123.6500015258789,,,113.3719,-1.3710559305563752,-0.9999999999999787,0.444194837709877,0.35531813819111857,1.1042765748420447,1.4280040046356968,-4.789717786679393,0.2714807048692869
2017-05-26,0.21835367916198667,168.041,5.9895161983329,,95.0,,9.8100004196167,7.599999904632568,-2.210000514984131,0,125.41000366210938,,,113.4839,-1.3137138613465327,0.0,0.031054999597146526,-0.6374106975891802,0.5279764034103129,0.07169074845267964,1.8404860595052197,0.9396342012268466
2017-05-30,0.21835367916198667,182.065,5.9895161983329,,93.0,,10.380000114440918,9.039999961853027,-1.3400001525878906,0,125.37000274658203,,,113.5552,-1.0737213133462875,-4.0000000000000036,-0.12046245861250249,-0.023984180165748104,-0.39482182850484326,0.07169074845267964,-0.28112327669325143,-0.4338908256492857
2017-05-31,-0.0331510808395441,256.176,5.9895161983329,,93.0,,10.40999984741211,8.710000038146973,-1.6999998092651367,0,125.11000061035156,,,113.2956,-1.1314043463729218,0.0,-0.0459968801852062,-0.13862946112772612,0.15786930296770585,0.2288990754389708,-2.6983490872034777,0.7844088903865343
2017-06-01,-0.0331510808395441,163.755,5.663343528441245,,93.0,,9.890000343322754,8.5,-1.390000343322754,0,124.55000305175781,,,113.3017,-1.2011768481119511,0.0,0.7571112611303388,1.065918093185103,-0.1179943395998806,-0.46692655154569884,0.08278335219367161,-0.39308176100628645
2017-06-02,-0.0331510808395441,170.496,5.663343528441245,,87.0,,9.75,8.470000267028809,-1.2799997329711914,0,124.2300033569336,,,113.1908,-1.2845390476672325,-6.000000000000005,0.37077313104922904,1.5974296676889654,1.1562631755034136,0.09401697026771849,-1.4474788132852412,0.7734845168212212
2017-06-05,-0.0331510808395441,164.208,5.663343528441245,,86.0,,10.069999694824219,9.6899995803833,-0.38000011444091797,0,125.05000305175781,,,112.9755,-1.6814379553658831,3.000000000000025,-0.1217665183814387,-0.03201117593688574,-0.1307006541208966,-0.44707307033517996,-0.5455273234695968,0.1958019975245584
2017-06-06,-0.0331510808395441,160.949,5.663343528441245,,84.0,,10.449999809265137,10.390000343322754,-0.05999946594238281,0,125.72000122070312,,,112.7095,-1.7974689058790072,-4.0000000000000036,-0.27790399654609166,-0.9465154064987935,-0.1307006541208966,0.3386525112522909,1.6666604966220522,1.1803310411634405
2017-06-07,-0.02462170177853773,165.138,5.663343528441245,,86.0,,10.390000343322754,10.130000114440918,-0.26000022888183594,0,125.9800033569336,,,112.8191,-1.972725574444234,4.0000000000000036,0.15682572275503848,0.023617485111260272,-0.35802383623442235,1.2313805080122364,-5.125539482038666,-0.33220401321233384
2017-06-08,-0.02462170177853773,151.582,5.663343528441245,,86.0,,10.15999984741211,9.619999885559082,-0.5399999618530273,0,127.08999633789062,,,112.8351,-2.216939804997342,0.9999999999999787,0.026720472849017796,-0.37708687100675986,0.1453378162894925,0.3187260350044241,-0.1749821279936059,-1.0696788635737198
2017-06-09,-0.02462170177853773,155.344,5.663343528441245,,86.0,,10.699999809265137,10.369999885559082,-0.3299999237060547,0,131.25999450683594,,,112.9562,-1.8749158446590197,2.0000000000000018,-0.08299892344156845,0.5223699988061048,0.7666315160037795,0.2560337414621916,0.41630684475719715,-0.6111453835081271
2017-06-12,-0.02462170177853773,152.198,5.663343528441245,,86.0,,11.460000038146973,11.350000381469727,-0.1099996566772461,0,136.86000061035156,,,112.9837,-1.810425065766097,0.0,-0.09787631782646189,-0.5230516603786817,-1.000122803755299,-0.5864662421311673,0.5454941959670556,-0.18920176697379
2017-06-13,-0.02462170177853773,172.973,5.663343528441245,,83.0,,10.420000076293945,9.350000381469727,-1.0699996948242188,0,136.41000366210938,,,112.6271,-1.8482255448683649,0.0,0.4511505177332342,-0.049376088532804285,0.7137727333535127,0.441608604537036,0.8246467845447913,-0.0236890264272982
2017-06-14,0.07717731353640289,163.056,5.663343528441245,,80.0,,10.640000343322754,9.90999984741211,-0.7300004959106445,0,135.88999938964844,,,112.0734,-1.991247953658215,-6.000000000000005,-0.09958307964025304,-0.07653982662227943,-0.08675026892275284,-0.7314752103136368,-3.723632320979764,0.5530099328468596
2017-06-15,0.07717731353640289,131.378,5.663343528441245,,81.0,,10.899999618530273,10.140000343322754,-0.7599992752075195,0,134.1199951171875,,,112.8708,-0.98383838206616,1.000000000000023,-0.22395981461527104,-0.26001040041602197,-0.46319672314171223,0.05787928340426074,-0.6036227599526933,-1.6184865545233573
2017-06-16,0.07717731353640289,158.566,5.663343528441245,,84.0,,10.380000114440918,8.329999923706055,-2.0500001907348633,0,135.02000427246094,,,112.6155,-0.9978848463216949,0.0,0.028363936810049672,0.5619224628349295,0.007629233319939033,-0.29752944177553475,0.6297854245614021,0.1437509102631962
2017-06-19,0.07717731353640289,166.745,5.663343528441245,,83.0,,10.369999885559082,8.520000457763672,-1.8499994277954102,0,138.77000427246094,,,112.7576,-1.322063949494301,2.9999999999999805,0.8347228657875183,0.6242220972800805,0.38401679709110237,0.6790547702683059,-1.2069756264386666,-0.7815030963417069
2017-06-20,0.07717731353640289,192.347,5.663343528441245,,80.0,,10.859999656677246,9.420000076293945,-1.4399995803833008,0,133.3699951171875,,,113.2698,-0.37845173399143617,-2.9999999999999805,-0.66966373620162,0.8105550260990801,-0.0704340943853965,-0.13866376548641313,-2.1945728596377,-0.2571894629043392
2017-06-21,-0.17295815336381137,198.769,5.663343528441245,,80.0,,10.75,9.5600004196167,-1.1899995803833008,0,129.88999938964844,,,113.3327,-0.18627107329127757,0.0,-0.05826443900691647,-0.45288796936079345,-0.49382927230897655,0.5158575242057761,-1.6192476760392815,0.19339439275281034
2017-06-22,-0.17295815336381137,195.144,5.663343528441245,,81.0,,10.479999542236328,9.229999542236328,-1.25,0,130.86000061035156,,,113.1654,-0.45810309430696083,-1.000000000000023,-0.045578207221763645,-0.14042203226438676,0.5446415414040118,-0.2775172720215324,0.49377593509865036,0.33777956324667624
2017-06-23,-0.17295815336381137,201.475,5.663343528441245,,81.0,,10.020000457763672,8.380000114440918,-1.640000343322754,0,132.75999450683594,,,112.8665,-0.7112381790191247,0.0,0.15609155178168965,0.11019191710335274,0.3472023381106082,0.33106662466635406,0.6317188405784213,0.6893215577291611
2017-06-26,-0.17295815336381137,185.227,5.663343528441245,,78.0,,9.899999618530273,8.699999809265137,-1.1999998092651367,0,128.60000610351562,,,112.7633,-0.5368173242223162,-0.9999999999999787,0.0315801794623205,0.10271706425550864,0.422930044568548,0.8730890859959928,0.8602714741255513,-0.788083324992539
2017-06-27,-0.17295815336381137,212.664,5.663343528441245,,83.0,,11.0600004196167,10.5,-0.5600004196166992,0,125.45999908447266,,,112.55,-0.8229361169293736,6.999999999999984,-0.8072824886133589,0.35597176531700914,0.13773576748288274,0.18060055432504996,1.9824817638920633,0.00802179106320633
2017-06-28,-0.07018946902730416,263.699,5.663343528441245,,88.0,,10.029999732971191,8.489999771118164,-1.5399999618530273,0,126.94999694824219,,,112.0747,-1.303771205545845,1.000000000000023,0.8808066374833778,-0.46812987349600377,-0.39256225129311595,-0.5639292600501777,1.1301988721292622,0.12836774346900448
2017-06-29,-0.07018946902730416,269.565,5.663343528441245,,89.0,,11.4399995803833,11.369999885559082,-0.06999969482421875,0,129.14999389648438,,,111.998,-1.1453225014916635,4.999999999999982,-0.8600023246820632,0.4465414479997154,0.5498225939100543,0.46836178626377123,0.4246728198055161,-0.3044910919971944
2017-06-30,-0.07018946902730416,398.875,5.663343528441245,,93.0,,11.180000305175781,9.930000305175781,-1.25,0,129.50999450683594,,,111.9896,-1.158058528689332,4.0000000000000036,0.15332318107057485,-0.9241756379968491,-0.1615368286338903,0.1368860555113427,2.4705110233967487,-0.2813052674293548
2017-07-03,-0.07018946902730416,255.693,5.6650112726906565,,94.0,,11.220000267028809,10.210000038146973,-1.010000228881836,0,126.62999725341797,,,112.4268,-0.6749665167133712,4.0000000000000036,0.2310833849555216,0.11166881606876622,0.11246561622542117,0.10916795966651183,2.237182360588319,-1.8376664508028218
2017-07-05,-0.07455366779216543,240.029,5.6650112726906565,,92.0,,11.069999694824219,9.649999618530273,-1.4200000762939453,0,128.6699981689453,,,112.6534,-0.28510606281891837,-2.0000000000000018,0.1453279024245635,0.2460083363208465,0.3289230109706054,0.7644227689921568,-4.121518247900702,0.20527136463461826
2017-07-06,-0.07455366779216543,189.992,5.6650112726906565,,97.0,,12.539999961853027,11.529999732971191,-1.010000228881836,0,127.25,,,112.4199,-0.25694373588739383,4.0000000000000036,-0.9368823820586791,-0.4360717170494022,-0.02261138612090763,0.16557021124703475,0.864168802167331,0.14748662092798348
2017-07-07,-0.07455366779216543,189.214,5.6650112726906565,,99.0,,11.1899995803833,9.260000228881836,-1.9299993515014648,0,131.5800018310547,,,112.3137,-0.4479737916718074,2.0000000000000018,0.6403125486305727,-0.3249500168946651,-0.3325198073303226,0.17161199683450867,-2.8339211391798846,-1.11274555140487
2017-07-10,-0.07455366779216543,189.721,5.6650112726906565,,98.0,,11.109999656677246,9.899999618530273,-1.2100000381469727,0,133.39999389648438,,,112.1587,-0.5994588563310588,-1.000000000000023,0.09277662125786179,0.7621553527575431,0.09370177190111129,-0.1654761427876017,0.38435899932631745,0.289591268467726
2017-07-11,-0.07455366779216543,173.774,5.6650112726906565,,100.0,,10.890000343322754,9.369999885559082,-1.5200004577636719,0,132.75,,,112.1434,-0.7195709487394231,-0.9999999999999787,-0.07826806116978391,0.5701912821347799,0.5835146204572261,-0.2986334538622848,1.4414400172383157,0.12375216815549983
2017-07-12,-0.1229819225518014,179.172,5.6650112726906565,,98.0,,10.300000190734863,8.0600004196167,-2.239999771118164,0,134.9499969482422,,,111.5904,-1.2331867340156122,-4.0000000000000036,0.7305607635895495,-0.4807987090242771,-0.17654342523998334,-0.17152904453809903,0.9991135741391988,0.37079763435454716
2017-07-13,-0.1229819225518014,162.379,5.6650112726906565,,98.0,,9.899999618530273,8.010000228881836,-1.8899993896484375,0,138.35000610351562,,,111.5365,-0.9683282265103066,2.0000000000000018,0.18745843139260643,0.007113446152717806,0.7408726825080647,0.6448430726097465,1.2969886366638095,-0.14776510909514373
2017-07-14,-0.1229819225518014,136.231,5.6650112726906565,,98.0,,9.510000228881836,7.550000190734863,-1.9600000381469727,0,137.7100067138672,,,110.9075,-1.0403003745759531,-2.0000000000000018,0.46735030786992926,0.09477118244760607,0.2133186939542009,0.1321842969546294,0.9982618624000406,0.8468244959569216
2017-07-17,-0.1229819225518014,122.436,5.6650112726906565,,95.0,,9.819999694824219,8.390000343322754,-1.4299993515014648,0,139.8699951171875,,,110.9304,-1.7191337352087444,-2.0000000000000018,-0.005291283677333336,0.09477118244760607,0.43361572381248603,-1.4260073853967992,-1.1173193973663675,0.5054682345991157
2017-07-18,-0.1229819225518014,157.322,5.6650112726906565,,91.0,,9.890000343322754,8.4399995803833,-1.4500007629394531,0,137.52999877929688,,,110.4356,-1.9357015686117807,-4.0000000000000036,0.05978573436131729,-0.5912324179660366,0.038758870496047315,0.3495019253618503,0.8257302571389458,0.6732581464206078
2017-07-19,-0.09082848747359318,144.731,5.6650112726906565,,90.0,,9.789999961853027,7.849999904632568,-1.940000057220459,0,136.8800048828125,,,110.4339,-2.0607923545729934,0.0,0.5372639356088893,0.10474656429120266,0.16075177165078003,1.3618280376162417,1.5517184963976582,0.008055401490958403
2017-07-20,-0.09082848747359318,126.676,5.6650112726906565,,90.0,,9.579999923706055,7.690000057220459,-1.8899998664855957,0,130.8800048828125,,,110.2512,-2.664964536001657,0.0,-0.015365928181010347,0.6180077809472051,0.4897300662290549,0.42986749813624936,-0.7003353646812593,0.2900497742407193
2017-07-21,-0.09082848747359318,122.712,5.6650112726906565,,88.0,,9.359999656677246,7.099999904632568,-2.2599997520446777,0,134.52999877929688,,,110.191,-2.772103726462005,-2.9999999999999805,-0.036787164783502746,-0.22259000604031298,0.3366301808168659,-0.21212151079752495,-2.179953917088262,0.763174777261888
2017-07-24,-0.09082848747359318,95.123,5.6650112726906565,,89.0,,9.430000305175781,7.639999866485596,-1.7900004386901855,0,132.6699981689453,,,110.2004,-2.6200587812175824,1.9999999999999574,-0.10637348279797232,-0.6173214996455179,0.05999733345185554,0.38966207220298976,1.2453565416723267,-0.03189224256479051
2017-07-25,-0.09082848747359318,74.54,5.6650112726906565,,93.0,,9.430000305175781,7.869999885559082,-1.5600004196166992,0,135.61000061035156,,,110.2835,-2.288544430809847,7.000000000000028,0.2923171678338221,-0.10247818073216841,-0.474402793934392,-0.21258100407272051,3.3448408113006645,-0.17545842566001335
2017-07-26,0.017605562820266485,103.311,5.6650112726906565,,93.0,,9.600000381469727,8.069999694824219,-1.5300006866455078,0,135.61000061035156,,,110.3811,-2.1125667659602,-4.0000000000000036,0.02826639480466575,0.47587065635894543,-0.2209062991865962,0.12288736767234187,1.795783297791087,-0.21570274644072684
2017-07-27,0.017605562820266485,95.636,5.6650112726906565,,96.0,,10.109999656677246,9.029999732971191,-1.0799999237060547,0,140.80999755859375,,,110.216,-2.073745002221239,2.9999999999999805,-0.09726882691745153,0.14703358237670994,0.3585929174138247,0.06484506607302709,0.5948736728766058,0.8486769884657797
2017-07-28,0.017605562820266485,108.479,5.6650112726906565,,96.0,,10.289999961853027,8.550000190734863,-1.739999771118164,0,139.91000366210938,,,109.92,-1.9225570088521327,-2.0000000000000018,-0.1341115577770502,-0.5966281144536123,-1.7292611519487688,0.10643746051697267,1.3662278883301848,0.6986383771587112
2017-07-31,0.017605562820266485,204.622,5.6650112726906565,,96.0,,10.260000228881836,9.430000305175781,-0.8299999237060547,0,139.82000732421875,,,109.8177,-1.9467311916284258,0.0,-0.07281456077897763,-0.17364947074388626,0.07163589644774149,0.608257798284173,0.925365304656256,-0.14191491591594163
2017-08-01,0.017605562820266485,98.069,5.45404144239876,,92.0,,10.09000015258789,8.930000305175781,-1.1599998474121094,0,138.72000122070312,,,109.8495,-1.9109810196661026,-4.0000000000000036,0.24491149692504877,0.3041848352214549,0.8427983539094575,0.599135199114631,-2.0131519999902703,0.4737091517173164
2017-08-02,0.0011865336047689468,119.334,5.45404144239876,,91.0,,10.279999732971191,8.680000305175781,-1.5999994277954102,0,142.02000427246094,,,109.7503,-2.3806601273006156,1.000000000000023,0.04926487188865458,0.4715850833072466,0.19273623791922212,-0.23024258442333467,0.8746954973768428,-0.06285767508711348
2017-08-03,0.0011865336047689468,87.844,5.45404144239876,,90.0,,10.4399995803833,9.3100004196167,-1.1299991607666016,0,138.32000732421875,,,109.8332,-2.503430877363666,-2.9999999999999805,-0.2183654185644257,-0.25288445264946,-1.6798188819872828,-0.3691847694858197,-1.1292626972532749,-0.3145148487520233
2017-08-04,0.0011865336047689468,93.778,5.45404144239876,,91.0,,10.029999732971191,8.579999923706055,-1.4499998092651367,0,139.80999755859375,,,110.2808,-1.9027769994458321,2.9999999999999805,0.18891035295691694,-0.3840865234172597,0.3603013663937116,-0.3314431978058696,1.1217684386116256,-0.749329518387476
2017-08-07,0.0011865336047689468,104.061,5.45404144239876,,90.0,,9.930000305175781,8.430000305175781,-1.5,0,138.91000366210938,,,110.373,-1.7279281156261317,-1.000000000000023,0.1647199789928111,0.5190398638630134,0.13776321340008835,0.532665383575659,-0.38322394995806697,-0.007954991048697568
2017-08-08,0.0011865336047689468,103.612,5.45404144239876,,93.0,,10.960000038146973,10.5,-0.46000003814697266,0,140.0500030517578,,,110.396,-1.5716123671190907,3.000000000000025,-0.24144327873969473,-0.2985699338645009,-0.16758809927045482,0.073671208434134,-0.4454367755048705,-0.14305570081576402
2017-08-09,0.00344601581274695,103.95,5.45404144239876,,91.0,,11.109999656677246,10.720000267028809,-0.3899993896484375,0,141.1999969482422,,,110.3671,-1.5839541158909065,-4.999999999999982,-0.036360867105078576,-1.2867508625011848,-1.099918909666342,-0.19196503759107975,0.7931731113873131,1.3212333065401705
2017-08-10,0.00344601581274695,90.273,5.45404144239876,,87.0,,16.040000915527344,17.829999923706055,1.789999008178711,1,136.47999572753906,,,110.1886,-1.2562012502867703,-4.0000000000000036,-1.4474441722801767,-0.0454472592126387,-0.3766238786507503,-0.42203225565780045,-1.957225976240351,0.8405303355754068
2017-08-11,0.00344601581274695,95.534,5.45404144239876,,89.0,,15.510000228881836,15.529999732971191,0.01999950408935547,1,135.42999267578125,,,110.0422,-1.3397408023382518,-1.000000000000023,0.12755699762128092,-0.0454472592126387,-1.6851246364358863,-1.6312722845985617,0.47334748202110255,0.3115992951739477
2017-08-14,0.00344601581274695,74.682,5.45404144239876,,89.0,,12.329999923706055,11.630000114440918,-0.6999998092651367,0,142.07000732421875,,,110.095,-0.7325924757117463,3.000000000000025,1.0043754544535322,-0.976397168495724,0.6255096546535777,0.8981992642927539,-2.5194583161104123,-0.2718024487626036
2017-08-15,0.00344601581274695,71.382,5.45404144239876,,92.0,,12.039999961853027,10.40999984741211,-1.630000114440918,0,143.22999572753906,,,110.4846,-0.401873607234815,4.999999999999982,-0.04988078808476626,1.1066685527684417,0.6255096546535777,0.4294194963630815,-0.08405319478690387,-0.8176296837901553
2017-08-16,-0.08071240055919082,92.84,5.45404144239876,,90.0,,11.739999771118164,9.729999542236328,-2.010000228881836,0,143.22999572753906,,,110.4394,0.0034409194136886256,-4.0000000000000036,0.14201029158569245,-0.12165682275370182,0.6014874021607719,-0.14797439305606064,-1.619349043361351,0.2512423148986809
2017-08-17,-0.08071240055919082,78.582,5.45404144239876,,87.0,,15.550000190734863,15.770000457763672,0.2200002670288086,1,142.72999572753906,,,110.1673,-0.24141137820904435,-4.0000000000000036,-1.543695216095864,-0.13507050662626696,0.5710573809377006,0.6770163601883983,0.6626793103470696,0.7439893349801885
2017-08-18,-0.08071240055919082,129.105,5.45404144239876,,86.0,,14.260000228881836,13.170000076293945,-1.0900001525878906,0,128.86000061035156,,,110.041,-0.19065552120974827,0.0,-0.18353673110713675,-1.1786278938200945,-0.13972336510430505,0.009000941102543791,3.015498331586386,-0.054421115430747236
2017-08-21,-0.08071240055919082,144.1,5.45404144239876,,86.0,,13.1899995803833,12.479999542236328,-0.7100000381469727,0,131.61000061035156,,,109.7349,-0.41391765207685616,-0.9999999999999787,0.1162651069903653,-0.39690636332174734,-0.14290026671127665,0.5562379721278266,-2.3500297445741225,0.3966786847585668
2017-08-22,-0.08071240055919082,166.094,5.45404144239876,,89.0,,11.350000381469727,9.920000076293945,-1.4300003051757812,0,135.72000122070312,,,109.8386,-0.32831096801826387,4.0000000000000036,0.994077978775465,-0.047908796637174955,0.4386445063694344,0.101008923086221,0.5699819798432371,-0.44159227041883353
2017-08-23,-0.22358868444111168,169.793,5.45404144239876,,85.0,,12.25,11.140000343322754,-1.109999656677246,0,129.97999572753906,,,109.8095,-0.4298013755457575,-5.000000000000027,-0.34535927149730306,0.26207800755422284,0.04522938378215269,-0.07662075604785157,1.6162898145019255,0.2957006381073546
2017-08-24,-0.22358868444111168,130.879,5.45404144239876,,86.0,,12.229999542236328,10.329999923706055,-1.8999996185302734,0,129.9499969482422,,,109.7524,-0.5695721459561542,2.0000000000000018,-0.20744620703185834,-0.4161182874972802,0.39892604531994724,-0.49253551792456385,-2.024374189889022,-0.1862071819847766
2017-08-25,-0.22358868444111168,122.167,5.45404144239876,,82.0,,11.279999732971191,8.970000267028809,-2.309999465942383,0,130.16000366210938,,,109.3415,-0.7934419684982208,-2.0000000000000018,0.16728693563305974,0.5107007376025985,0.11237801267047764,1.8343203523731422,0.9276799997426366,0.46638165565486833
2017-08-28,-0.22358868444111168,121.947,5.45404144239876,,83.0,,11.319999694824219,9.449999809265137,-1.869999885559082,0,128.32000732421875,,,109.1815,-0.6718522561863227,-0.9999999999999787,0.048707205438569545,-0.01392607193604345,-0.3451724358439434,0.9343749345042118,-2.7156867893612047,1.3307505742263137
2017-08-29,-0.22358868444111168,127.243,5.45404144239876,,80.0,,11.699999809265137,9.8100004196167,-1.8899993896484375,0,131.47999572753906,,,109.0946,-0.6584548756712327,-3.000000000000025,0.0842821736810162,-0.4491005486953692,-0.2345719309459926,0.07658229787261828,-0.27915196256632635,0.2596033092175265
2017-08-30,-0.12443059040935234,146.086,5.45404144239876,,82.0,,11.220000267028809,9.149999618530273,-2.070000648498535,0,130.52999877929688,,,109.4052,-0.404462469105471,2.0000000000000018,0.46151489339618657,0.7436431432858104,0.31927606668404884,-0.04751897966086549,-1.0335907761208851,-0.3807783179471058
2017-08-31,-0.12443059040935234,213.486,5.45404144239876,,79.0,,10.59000015258789,8.65999984741211,-1.9300003051757812,0,134.0,,,109.3686,-0.3477894821244165,-2.9999999999999805,0.5720976220730423,0.7161761060093141,-0.3835997077257125,-0.08374574738833074,2.7632734618411536,0.6192168593466496
2017-09-01,-0.12443059040935234,124.952,5.288560987381907,,81.0,,10.130000114440918,7.940000057220459,-2.190000057220459,0,134.85000610351562,,,109.0504,-0.7127171019327583,4.0000000000000036,0.19825406825328962,0.2302245529445468,-0.23273626481022935,0.1877177757931614,0.12704080853813693,0.6306069849596252
2017-09-05,-0.12443059040935234,136.131,5.288560987381907,,77.0,,12.229999542236328,11.34000015258789,-0.8899993896484375,0,133.47999572753906,,,108.8664,-1.2825441962698858,-9.00000000000003,-0.7550806889900619,-0.6276290960234743,-0.1300532390382747,0.13257912851722953,2.897016082389081,1.1098490880992795
2017-09-06,-0.13275346381145248,145.128,5.288560987381907,,80.0,,11.630000114440918,10.220000267028809,-1.4099998474121094,0,136.47999572753906,,,108.4897,-1.7063049840087774,3.000000000000025,0.3128726773688584,-0.1436093873025457,-0.29227155640453306,0.03167615556649572,1.0275380221288488,-0.3957532072170977
2017-09-07,-0.13275346381145248,126.607,5.288560987381907,,78.0,,11.550000190734863,9.75,-1.8000001907348633,0,135.38999938964844,,,107.9224,-2.2406608935106376,-5.000000000000027,-0.017843612323464875,0.1991367210757211,1.1367206192644197,-0.5875793356863834,-0.14239156843265377,0.8396394757391734
2017-09-08,-0.13275346381145248,113.842,5.288560987381907,,79.0,,12.119999885559082,11.289999961853027,-0.8299999237060547,0,130.57000732421875,,,107.808,-2.318716356595385,1.000000000000023,-0.1488850703918465,-0.6274281246897329,-0.10527582015139592,-0.007551644981862449,-3.2796915977737817,0.06691133970695429
2017-09-11,-0.13275346381145248,115.972,5.288560987381907,,82.0,,10.729999542236328,9.010000228881836,-1.7199993133544922,0,136.9600067138672,,,108.153,-1.8473780409225538,8.000000000000007,1.083929931877714,1.4057159255294716,0.6553729802996511,0.3321015943444694,1.2426288085008341,-1.1144130757800852
2017-09-12,-0.13275346381145248,127.019,5.288560987381907,,84.0,,10.579999923706055,9.25,-1.3299999237060547,0,139.60000610351562,,,108.3239,-1.56149186403034,2.9999999999999805,0.33639480109453057,1.181071991081839,0.27086374207372366,0.09089783722295852,0.33284761478651337,-0.22539444027047661
2017-09-13,-0.23341927667023255,125.668,5.288560987381907,,85.0,,10.5,9.380000114440918,-1.119999885559082,0,142.74000549316406,,,108.6628,-1.3008765157364044,3.000000000000025,0.07571207193879381,0.45104358455163585,-0.22363585790639018,0.13785921109104038,2.218535569106095,-0.34638370376035565
2017-09-14,-0.23341927667023255,97.564,5.288560987381907,,83.0,,10.4399995803833,9.289999961853027,-1.1499996185302734,0,142.74000549316406,,,108.618,-1.6894662242520675,0.0,-0.11007176162897148,-0.29387590573476396,0.7406206719416941,-0.3758981914322779,1.1967548919237458,0.09822629090459056
2017-09-15,-0.23341927667023255,109.645,5.288560987381907,,81.0,,10.170000076293945,8.300000190734863,-1.869999885559082,0,144.5399932861328,,,108.3147,-1.9238605063048198,0.0,0.18471814878802117,0.5152637074394617,0.3537156936182173,-0.5281779511738471,0.0,-0.3245962796336377
2017-09-18,-0.23341927667023255,138.909,5.288560987381907,,83.0,,10.149999618530273,8.720000267028809,-1.4299993515014648,0,143.64999389648438,,,108.6401,-1.3862552681240148,2.9999999999999805,0.14559207541648966,0.5152637074394617,1.3469802502582784,0.27552296547652677,0.04008911206325738,-1.0678563560459264
2017-09-19,-0.23341927667023255,156.728,5.288560987381907,,84.0,,10.180000305175781,9.09000015258789,-1.0900001525878906,0,142.63999938964844,,,108.6142,-1.2966076280659045,1.000000000000023,0.11101954279371107,1.9582654480273298,-0.08931863420733599,-0.17883343364113458,-0.8615514055107298,-0.007662684873954717
2017-09-20,-0.32318123366879004,168.025,5.288560987381907,,83.0,,9.779999732971191,8.949999809265137,-0.8299999237060547,0,138.94000244140625,,,108.4329,-1.1864958185590857,3.999999999999959,0.06343478158390425,0.05458333040675445,-0.15935504556776614,0.27261083328964375,1.879547925989633,0.4440398901348397
2017-09-21,-0.32318123366879004,152.866,5.288560987381907,,82.0,,9.670000076293945,8.4399995803833,-1.2300004959106445,0,137.8699951171875,,,108.9267,-0.8302181564586619,-0.9999999999999787,-0.30459176984141134,0.18226829693288593,-0.23629679492804812,-0.24313997412077626,0.27772146413846954,-1.631099421803539
2017-09-22,-0.32318123366879004,157.33,5.288560987381907,,80.0,,9.59000015258789,7.980000019073486,-1.6100001335144043,0,137.5,,,108.7542,-0.961027962061578,-1.000000000000023,0.06477937229520947,-0.2507988646475168,-0.23629679492804812,-0.1573333756010653,0.2176075410717626,0.20921069992749786
2017-09-25,-0.32318123366879004,158.503,5.288560987381907,,78.0,,10.210000038146973,9.210000038146973,-1.0,0,135.07000732421875,,,109.3302,-0.3846840706900112,-3.999999999999959,-0.22220502828884658,0.49826872811611356,-1.084566700862244,-0.327513357708098,3.0793552664621693,1.0438412967070265
2017-09-26,-0.32318123366879004,173.715,5.288560987381907,,79.0,,10.170000076293945,9.34000015258789,-0.8299999237060547,0,134.25,,,109.7769,0.39820196357285287,2.0000000000000018,0.0072166729788047945,-0.330385392492083,-0.2554122934717351,0.06086804361953302,-0.6510918127920151,-0.7499271856404643
2017-09-27,0.08218774385095884,220.083,5.288560987381907,,84.0,,9.869999885559082,9.029999732971191,-0.8400001525878906,0,129.49000549316406,,,110.0722,0.8157975481194013,6.999999999999984,0.4085143947080816,-0.3105660772152574,-0.07370531139928582,0.05051362086132549,0.5011532694300547,-1.0485717491085178
2017-09-28,0.08218774385095884,208.936,5.288560987381907,,86.0,,9.550000190734863,8.390000343322754,-1.1599998474121094,0,132.99000549316406,,,110.2415,1.0512894313742471,0.0,0.1204615596159142,0.47396434136766086,0.02401717135140924,-0.16829372495025252,-1.1123859285517623,0.16362595807930536
2017-09-29,0.08218774385095884,316.09,5.288560987381907,,86.0,,9.510000228881836,7.949999809265137,-1.5600004196166992,0,137.75,,,110.0867,0.622913718909146,2.0000000000000018,0.37051100814438076,-0.033541430236505576,0.8988125053945861,0.27850365818871126,0.21333745679703586,-0.3111629716063824
2017-10-02,0.08218774385095884,190.377,5.158291744447419,,85.0,,9.449999809265137,8.180000305175781,-1.2699995040893555,0,138.02000427246094,,,110.3686,0.9143392161918396,0.9999999999999787,0.3874003457017716,0.21860576459487024,0.8988125053945861,0.27850365818871126,-2.109534307175054,-0.686699089202103
2017-10-03,0.08218774385095884,181.605,5.158291744447419,,86.0,,9.510000228881836,8.039999961853027,-1.4700002670288086,0,137.14999389648438,,,110.3281,1.1716600764417384,-0.9999999999999787,0.21588381272976687,1.0455042551128058,0.8988125053945861,0.27850365818871126,-0.3163377942211443,-0.09428390177670387
2017-10-04,0.022760873811256133,178.738,5.158291744447419,,86.0,,9.630000114440918,8.020000457763672,-1.609999656677246,0,144.19000244140625,,,110.2425,1.2640263662617723,0.0,0.12467201713795006,0.06107403127642019,0.8988125053945861,0.27850365818871126,-0.8726668835541296,0.17302014721785053
2017-10-05,0.022760873811256133,132.827,5.158291744447419,,86.0,,9.1899995803833,7.809999942779541,-1.3799996376037598,0,140.3300018310547,,,110.5823,1.9288467015762922,2.0000000000000018,0.5646787369921524,0.009213273552788337,0.8988125053945861,0.27850365818871126,1.6206510218282677,-0.29833767005458256
2017-10-06,0.022760873811256133,119.529,5.158291744447419,,83.0,,9.649999618530273,7.880000114440918,-1.7699995040893555,0,140.35000610351562,,,110.7841,2.6516274656605,2.0000000000000018,-0.10736344069645076,0.3012832159751122,0.8988125053945861,0.27850365818871126,-2.9533372178802697,0.13386496095701972
2017-10-09,0.022760873811256133,119.529,5.158291744447419,,83.0,,10.329999923706055,9.34000015258789,-0.9899997711181641,0,139.8300018310547,,,110.7841,2.6516274656605,2.0000000000000018,-0.18044339160793177,0.3012832159751122,0.8988125053945861,0.7594878019104634,0.5883564823306431,0.8021448126787956
2017-10-10,0.022760873811256133,121.913,5.158291744447419,,84.0,,10.079999923706055,8.720000267028809,-1.359999656677246,0,139.24000549316406,,,110.3034,2.314670525378437,-2.0000000000000018,0.2322412261707374,0.6418282509776718,1.6429559932661375,0.25516132458442975,2.7026952166252505,0.686528820611132
2017-10-11,0.03851763847617651,129.805,5.158291744447419,,84.0,,9.850000381469727,8.319999694824219,-1.5300006866455078,0,138.74000549316406,,,110.3037,1.9885717455826457,0.0,0.18035072962026,0.2773776672381656,1.0004829025028528,0.15654499452575354,0.7462707811858982,-0.3719143691780502
2017-10-12,0.03851763847617651,102.807,5.158291744447419,,82.0,,9.90999984741211,8.34000015258789,-1.5699996948242188,0,136.36000061035156,,,110.3152,1.8382831489634377,-2.0000000000000018,-0.16867529508860502,0.3517562558400744,0.6753058486746344,-0.06445262357485104,-1.364523924658756,0.5832944248863159
2017-10-13,0.03851763847617651,99.961,5.158291744447419,,77.0,,9.609999656677246,8.029999732971191,-1.5799999237060547,0,138.27999877929688,,,110.2669,1.4762181721803547,-5.000000000000027,0.08781073155288421,0.9566292350778216,-0.04606073209632022,0.13061786228827366,1.6798464712466155,0.6340331603099436
2017-10-16,0.03851763847617651,78.531,5.158291744447419,,76.0,,9.90999984741211,8.460000038146973,-1.4499998092651367,0,147.52999877929688,,,110.5432,1.7724502384503626,2.0000000000000018,0.17507533144689447,0.47449778663100073,0.2599401418167613,-0.35549025021058833,0.8163229596059418,-0.12293319907318301
2017-10-17,0.03851763847617651,91.188,5.158291744447419,,76.0,,10.3100004196167,8.6899995803833,-1.6200008392333984,0,150.1199951171875,,,110.9141,2.399858929582055,0.0,0.06725789853143649,0.3790000906931823,0.17419278943247019,-0.19029191124605438,0.019283085476073936,-1.3001018614243298
2017-10-18,0.05240205561110045,121.457,5.158291744447419,,75.0,,10.069999694824219,8.369999885559082,-1.6999998092651367,0,147.9499969482422,,,110.7214,1.9157751143454416,4.0000000000000036,0.07423349056041584,0.1262255822977787,-0.05877566583267768,0.2892292721917711,0.30840370878566503,-0.24161929742303467
2017-10-19,0.05240205561110045,102.612,5.158291744447419,,75.0,,10.050000190734863,8.880000114440918,-1.1700000762939453,0,146.16000366210938,,,110.4577,1.69729188264518,-0.9999999999999787,0.032799789456050554,0.40007745558052754,-0.3967060370409059,-0.34365861314478163,-1.4411990522779194,0.5469177175150497
2017-10-20,0.05240205561110045,102.488,5.158291744447419,,79.0,,9.970000267028809,8.40999984741211,-1.5600004196166992,0,148.80999755859375,,,111.0375,2.4020384956964014,6.000000000000005,0.5116842738986938,0.04252551667591753,0.6663801152536841,0.2514954660620239,0.3509461921676227,-0.7382080829725246
2017-10-23,0.05240205561110045,110.26,5.158291744447419,,80.0,,11.069999694824219,10.770000457763672,-0.2999992370605469,0,142.4600067138672,,,111.2134,2.099301640460971,-1.000000000000023,-0.3972484039719171,1.1138678748610076,0.020486104164740837,0.06070550768981775,0.8354386923985935,0.023479470180065576
2017-10-24,0.05240205561110045,97.202,5.158291744447419,,82.0,,11.15999984741211,10.479999542236328,-0.6800003051757812,0,142.14999389648438,,,111.4027,2.435308245566614,4.0000000000000036,0.1617908278173541,0.500167211510627,0.017667974443202894,0.22329915565750813,1.0982652756570621,-0.21131339712415764
2017-10-25,0.15245853132437315,112.057,5.158291744447419,,83.0,,11.229999542236328,11.09000015258789,-0.1399993896484375,0,138.0,,,111.3904,1.884383271959611,2.0000000000000018,-0.4663049754275228,-0.4473745519962047,0.08070740189707326,0.25529129579895393,-0.5526985111121374,0.03137446384804399
2017-10-26,0.15245853132437315,98.412,5.158291744447419,,83.0,,11.300000190734863,10.6899995803833,-0.6100006103515625,0,135.36000061035156,,,111.6418,1.6988091301539887,2.0000000000000018,0.1270946219078306,0.14815146719528993,-0.4762333876629943,0.3140790648407332,0.881562057842733,-0.713499718656363
2017-10-27,0.15245853132437315,105.903,5.158291744447419,,83.0,,9.800000190734863,8.609999656677246,-1.1900005340576172,0,135.6999969482422,,,112.1495,1.8872158455995214,-4.0000000000000036,0.8073022498049642,1.235844753555626,0.6449974706367545,0.2713113923702437,2.3936211072187907,0.17373063942554
2017-10-30,0.15245853132437315,102.147,5.158291744447419,,79.0,,10.5,9.8100004196167,-0.6899995803833008,0,132.5399932861328,,,111.901,1.5053314768031845,-4.999999999999982,-0.3192470570786421,0.014633939415675812,0.2122881274718491,-0.7748479449688039,0.4638218792627935,0.44146437413776773
2017-10-31,0.15245853132437315,173.605,5.158291744447419,,78.0,,10.180000305175781,9.319999694824219,-0.8600006103515625,0,131.80999755859375,,,111.8052,1.561042342081298,0.9999999999999787,0.09444586571358826,-0.00027506715853942154,0.859336615630224,0.08863800351699425,0.4247452183845368,-0.5572541968437261
2017-11-01,0.06287772953907922,87.165,4.804679814139323,,76.0,,10.199999809265137,9.289999961853027,-0.9099998474121094,0,129.0500030517578,,,111.7942,1.2916717254726429,-0.9999999999999787,0.15921101716727115,1.8557057603835414,1.3093305523652399,0.07576733765115584,-0.14711627341543743,0.5603769207527698
2017-11-02,0.06287772953907922,58.758,4.804679814139323,,74.0,,9.930000305175781,8.539999961853027,-1.390000343322754,0,128.97000122070312,,,111.5474,1.105158160069819,-2.0000000000000018,0.018996581088659426,0.5309484269690135,-0.39546184375752746,-0.3711233775663847,0.44199204758550437,0.06279325354803245
2017-11-03,0.06287772953907922,60.915,4.804679814139323,,71.0,,9.140000343322754,7.840000152587891,-1.3000001907348633,0,130.33999633789062,,,111.9383,1.5382452321019535,-1.000000000000023,0.30970753849743904,0.5309484269690135,0.4559395683042089,-0.34185935988918503,2.0168655219217735,-0.65887710825977
2017-11-06,0.06287772953907922,70.365,4.804679814139323,,71.0,,9.399999618530273,8.09000015258789,-1.3099994659423828,0,130.52000427246094,,,111.7197,1.028555202776582,-2.0000000000000018,0.12712512404724485,0.04095310332408175,-0.33464265381493163,0.48729014675110705,3.0733269288834464,1.0185570007155587
2017-11-07,0.06287772953907922,58.971,4.804679814139323,,69.0,,9.890000343322754,8.829999923706055,-1.0600004196166992,0,129.14999389648438,,,111.9446,1.0475329943556932,0.0,-0.018910292286977715,1.7262904236599264,-0.15572116058183427,0.7496922638707604,-0.26154789044907645,-0.44552705435487727
2017-11-08,0.07777625891480788,74.546,4.804679814139323,,67.0,,9.779999732971191,8.279999732971191,-1.5,0,131.5,,,111.6935,1.2602512705863989,0.0,0.1443655000098465,-0.10366950892839455,0.27342860557357795,0.05522098657824159,-0.6818171056758526,0.6202421855158402
2017-11-09,0.07777625891480788,46.378,4.804679814139323,,70.0,,10.5,9.649999618530273,-0.8500003814697266,0,128.9499969482422,,,111.5626,1.141303510217706,1.000000000000023,-0.3761887644002093,-0.1968653606635451,-0.07169072458805825,0.3611507989721652,0.6336855957612242,0.31210986861724965
2017-11-10,0.07777625891480788,39.671,4.804679814139323,,73.0,,11.289999961853027,10.3100004196167,-0.9799995422363281,0,130.55999755859375,,,111.5626,1.141303510217706,6.999999999999984,-0.0897643852551755,-0.8189837028281355,-0.2987613350454499,0.14231230103627368,-0.7521366175451294,-1.0267541554563886
2017-11-13,0.07777625891480788,35.243,4.804679814139323,,70.0,,11.5,9.84000015258789,-1.6599998474121094,0,129.75,,,111.7833,1.3308229509623182,0.0,0.09836343625724275,-1.3245629618199195,-0.4954817734347694,0.4417211127926812,0.035242584552119816,0.3851009368157632
2017-11-14,0.07777625891480788,32.219,4.804679814139323,,70.0,,11.59000015258789,9.729999542236328,-1.8600006103515625,0,130.14999389648438,,,111.5097,1.127083467477541,-2.0000000000000018,-0.23096092988857952,-0.00438081040978755,-0.14662813187635848,-0.5304150814709363,-1.8675080865737326,0.3288147664073371
2017-11-15,-0.11999192569301931,35.038,4.804679814139323,,65.0,,13.130000114440918,11.729999542236328,-1.4000005722045898,0,135.2100067138672,,,111.4809,0.848265655417979,-4.999999999999982,-0.5525675723266343,-1.571444591883886,-0.3320573146481931,-0.7879520159881248,-0.6642709637644129,-0.3901677721420249
2017-11-16,-0.11999192569301931,20.709,4.804679814139323,,65.0,,11.760000228881836,8.739999771118164,-3.020000457763672,0,136.3000030517578,,,111.2568,0.30897784862338185,4.0000000000000036,0.8196058063241196,1.4653810347120544,0.6568068723319831,-0.09624918076261979,-0.3433985814538798,0.07050720047492298
2017-11-17,-0.11999192569301931,38.838,4.804679814139323,,62.0,,11.430000305175781,8.489999771118164,-2.940000534057617,0,137.19000244140625,,,111.0016,0.2530676093329687,-2.0000000000000018,-0.26259630899742037,0.20438189397848916,-0.03156272574043051,-0.4807543139111581,2.5571270638730104,1.4404277487392703
2017-11-20,-0.11999192569301931,34.576,4.804679814139323,,60.0,,10.649999618530273,8.600000381469727,-2.049999237060547,0,135.8300018310547,,,111.2599,0.7262508634527043,2.0000000000000018,0.12756828808564435,-0.6029477912669279,-0.24941173342166723,0.2805564594705823,-0.813437826133856,-1.6360605373768933
2017-11-21,-0.11999192569301931,42.899,4.804679814139323,,59.0,,9.729999542236328,7.96999979019165,-1.7599997520446777,0,133.55999755859375,,,110.9828,-0.04926263649667195,-1.000000000000023,0.6541139295859866,0.6950066156221402,0.11987440569880548,0.533519833301499,1.3193112434546128,0.5099639200143447
2017-11-22,-0.33962696790842406,51.634,4.804679814139323,,57.99999999999999,,9.880000114440918,7.869999885559082,-2.010000228881836,0,132.52000427246094,,,110.5632,-0.5846417787784497,-4.0000000000000036,-0.07502611166068096,0.4758549051609773,0.3876421062563029,0.585429581800212,2.0939619714365643,0.8196081648661036
2017-11-24,-0.33962696790842406,40.488,4.804679814139323,,59.0,,9.670000076293945,7.869999885559082,-1.8000001907348633,0,130.97999572753906,,,110.0253,-1.236415275392777,2.0000000000000018,0.20560951489239088,0.12298110286352859,0.2830016379645972,0.024814613069334968,1.6028960665948055,-0.3793763167144415
2017-11-27,-0.33962696790842406,39.381,4.804679814139323,,57.99999999999999,,9.869999885559082,9.0,-0.869999885559082,0,130.17999267578125,,,110.1136,-1.146238814116829,-2.0000000000000018,-0.03842577408796899,-0.24326965923799904,-1.4353491256984596,-0.9419424599579673,-1.424936627169615,0.5518067867946508
2017-11-28,-0.33962696790842406,50.834,4.804679814139323,,59.0,,10.029999732971191,9.180000305175781,-0.8499994277954102,0,124.08000183105469,,,110.3018,-1.2002672834010242,2.0000000000000018,0.984851271879017,-0.04334105722139103,0.2544005591905707,0.3439557773033064,-0.20650306423054543,0.06955497834191249
2017-11-29,-0.1735147842917728,67.019,4.804679814139323,,59.0,,10.699999809265137,10.15999984741211,-0.5399999618530273,0,126.27999877929688,,,110.3265,-1.6255088074400792,3.000000000000025,-0.0369225702197995,0.49345281033410515,-0.051310326290565644,0.1261400962118575,-1.1898644963524219,-0.9731965753557725
2017-11-30,-0.1735147842917728,102.719,4.804679814139323,,64.0,,11.279999732971191,11.380000114440918,0.10000038146972656,1,128.89999389648438,,,110.4648,-1.283455911922149,4.999999999999982,0.8190950433802913,0.5653874071437581,-1.4536904204651813,-0.6193806661452528,0.17452406657918473,-0.694175538845565
2017-12-01,-0.1735147842917728,59.03,4.884219748349761,,59.0,,11.430000305175781,11.979999542236328,0.5499992370605469,1,128.8300018310547,,,110.1413,-1.4882134283557447,-4.999999999999982,-0.2024530803113933,0.41394288700302706,-0.038774699769661414,0.012931286367856565,1.6724722281406867,0.43984431911858746
2017-12-04,-0.1735147842917728,72.389,4.884219748349761,,56.99999999999999,,11.680000305175781,12.210000038146973,0.5299997329711914,1,132.13999938964844,,,110.397,-1.2497965010707102,0.0,-0.10521566439205543,-0.4902449581425494,1.0608347990029632,-0.2411075049972511,-1.5250160732359075,-0.35189238568795744
2017-12-05,-0.1735147842917728,68.297,4.884219748349761,,53.0,,11.329999923706055,11.109999656677246,-0.2200002670288086,0,132.07000732421875,,,110.4905,-0.9474895873861633,-1.000000000000023,-0.3739381560474708,-0.37335931173967385,0.3377821845564011,-0.17956366074698416,0.26100175395089575,-0.9966313078200728
2017-12-06,-0.2578328820321274,76.368,4.884219748349761,,55.00000000000001,,11.020000457763672,10.899999618530273,-0.12000083923339844,0,130.97999572753906,,,110.8711,-0.9533823543863007,-2.9999999999999805,-0.011410565998426492,-1.9685894232058465,-1.4242346314508936,-0.2939139229490628,-2.880943905213307,0.09512311869142032
2017-12-07,-0.2578328820321274,63.552,4.884219748349761,,56.99999999999999,,10.15999984741211,9.510000228881836,-0.6499996185302734,0,130.83999633789062,,,111.0178,-0.628268783392727,4.0000000000000036,0.29323579853828274,1.4473989673300158,-0.5007390217286245,-0.6651901956414297,1.3045024199060062,-1.0294583067259166
2017-12-08,-0.2578328820321274,82.714,4.884219748349761,,57.99999999999999,,9.579999923706055,8.4399995803833,-1.140000343322754,0,132.5399932861328,,,111.2273,-0.6407633775992738,0.9999999999999787,0.5506306319651655,1.3914586789763206,0.08204857664462217,0.5482179856298064,1.1818698180862341,-0.36806668879260096
2017-12-11,-0.2578328820321274,107.473,4.884219748349761,,56.99999999999999,,9.34000015258789,8.789999961853027,-0.5500001907348633,0,133.97999572753906,,,111.0827,-0.5468536665069967,1.000000000000023,0.3201957471006933,0.5595981873186773,0.30397687639509563,0.978850468843917,1.0983282102712266,-0.12046258101667817
2017-12-12,-0.2578328820321274,119.09,4.884219748349761,,56.99999999999999,,9.920000076293945,9.239999771118164,-0.6800003051757812,0,133.02000427246094,,,111.5214,-0.036929938886332,0.9999999999999787,0.1548922064604108,-0.3163232898780177,-0.42443992392541263,-1.2456242653524074,-1.4657738648315766,-0.4181033509710552
2017-12-13,-0.40812145365225483,143.392,4.884219748349761,,56.99999999999999,,10.180000305175781,9.350000381469727,-0.8299999237060547,0,134.7100067138672,,,111.2759,-0.4539139567359407,-4.0000000000000036,-0.04729570906678582,-0.47274908628920365,0.7943945074410763,0.6773667988915877,-0.9450488647102961,0.5571275263675846
2017-12-14,-0.40812145365225483,107.679,4.884219748349761,,53.0,,10.489999771118164,9.869999885559082,-0.619999885559082,0,134.02999877929688,,,111.0893,-0.37700756077722053,-0.9999999999999787,-0.4070859227173984,-0.2795539906345068,-0.44627474316047966,-0.3208605952736421,0.7773894934068437,0.674484041223189
2017-12-15,-0.40812145365225483,80.206,4.884219748349761,,51.0,,9.420000076293945,8.25,-1.1700000762939453,0,135.72999572753906,,,111.1286,-0.3160182596301242,0.0,0.8974343513216354,-0.6223042218989727,0.5098274936505165,-0.7988607301145034,0.45581752692858135,0.039878766990586456
2017-12-18,-0.40812145365225483,117.276,4.884219748349761,,55.00000000000001,,9.529999732971191,8.050000190734863,-1.4799995422363281,0,132.72000122070312,,,110.9086,-0.31296963421560964,4.0000000000000036,0.5362807225250732,1.5454503492563498,-0.007662376227790535,0.05465650308860148,-0.24432703579844173,0.6298255629608507
2017-12-19,-0.40812145365225483,112.628,4.884219748349761,,59.0,,10.029999732971191,9.029999732971191,-1.0,0,130.69000244140625,,,111.1255,0.11162001268449906,6.999999999999984,-0.32302694598687065,-0.14745380789864537,-0.13497242710347468,0.8756624470720231,0.5248412138932679,-0.11884012502197949
2017-12-20,-0.48374512120926694,127.582,4.884219748349761,,62.0,,9.720000267028809,8.34000015258789,-1.380000114440918,0,133.14999389648438,,,110.8361,-0.38090992352141084,3.000000000000025,-0.08278931807477186,0.10372880498950021,-0.13497242710347468,-0.27095482210118815,1.0964167736742692,0.4283354186730204
2017-12-21,-0.48374512120926694,116.978,4.884219748349761,,59.0,,9.619999885559082,7.630000114440918,-1.989999771118164,0,132.6300048828125,,,110.8786,-0.09388842235011907,-1.000000000000023,0.19856558213586784,-0.1119229702400748,-1.9648723475700791,0.3787900728603466,0.4647967930012875,0.09478503003936822
2017-12-22,-0.48374512120926694,113.852,4.884219748349761,,56.99999999999999,,9.899999618530273,7.510000228881836,-2.3899993896484375,0,134.39999389648438,,,111.0997,0.4852428294405353,0.0,-0.04581666477052604,0.1603253588337017,0.4407699548177657,-0.09078909424118375,0.18848630774697117,0.6391521560681346
2017-12-26,-0.48374512120926694,119.456,4.884219748349761,,55.00000000000001,,10.25,8.479999542236328,-1.7700004577636719,0,135.60000610351562,,,110.9758,0.8638922138817229,-0.9999999999999787,-0.10584151831672939,-0.20266737960265013,-0.5408618978013369,0.7707140708170579,2.5654181096012696,0.6821350952907368
2017-12-27,-0.06224936543163251,147.749,4.884219748349761,,53.0,,10.470000267028809,9.710000038146973,-0.7600002288818359,0,138.42999267578125,,,110.8553,0.6735771058252515,-5.000000000000027,0.07909409391904099,0.08090567258567383,0.384364516159863,-0.9177523843056479,-0.5502781796521972,0.22584101465614737
2017-12-28,-0.06224936543163251,158.478,4.884219748349761,,52.0,,10.180000305175781,9.270000457763672,-0.9099998474121094,0,137.82000732421875,,,110.5154,0.19365051159636604,1.000000000000023,0.18339987251561052,-0.5553197039522506,1.2648437969661197,0.6289198960738762,0.33534668844106275,0.5516686546960026
2017-12-29,-0.06224936543163251,319.595,4.884219748349761,,51.0,,11.039999961853027,10.420000076293945,-0.619999885559082,0,137.0500030517578,,,110.0783,-0.22496861588103823,-3.000000000000025,-0.5183153157965359,-0.08357194499493126,1.2648437969661197,0.32724057848347865,0.9692480195161446,0.9427458057607696
2018-01-02,-0.06224936543163251,136.967,4.3809924242993015,,54.0,,9.770000457763672,8.539999961853027,-1.2300004959106445,0,135.3699951171875,,,109.6445,-0.7425894945720324,6.000000000000005,0.8303361477520088,-0.08357194499493126,0.4928049214991903,1.244380610116047,-0.08275279472987895,0.5664779964134947
2018-01-03,-0.21070710051265262,131.622,4.3809924242993015,,50.0,,9.149999618530273,7.849999904632568,-1.299999713897705,0,133.42999267578125,,,109.6751,-0.42327446652618006,-2.0000000000000018,0.6398818768781567,-0.08357194499493126,0.2702073105629532,0.6206678462731707,2.087132944382075,0.19030220696665268
2018-01-04,-0.21070710051265262,76.624,4.3809924242993015,,50.0,,9.220000267028809,7.730000019073486,-1.4900002479553223,0,131.24000549316406,,,109.4777,-0.8327219036749267,2.0000000000000018,0.40286360805039667,3.256721268802787,-0.7999732916735836,0.49277290083831193,0.6165783657832158,0.2431297189563253
2018-01-05,-0.21070710051265262,63.804,4.3809924242993015,,51.0,,9.220000267028809,7.699999809265137,-1.5200004577636719,0,127.02999877929688,,,109.3496,-1.0325774614107108,1.000000000000023,0.7033767443369587,0.885715541550014,1.2592970932292724,0.17839800609582568,-0.9192061123250883,0.06821467313995466
2018-01-08,-0.21070710051265262,63.531,4.3809924242993015,,53.0,,9.520000457763672,7.900000095367432,-1.6200003623962402,0,128.0,,,109.5681,-1.1752386329710762,2.0000000000000018,0.16623439316436617,0.885715541550014,0.6310263638480418,0.5227384231959897,0.47200670899962827,-0.12876415809394137
2018-01-09,-0.21070710051265262,56.468,4.3809924242993015,,56.99999999999999,,10.079999923706055,8.350000381469727,-1.7299995422363281,0,126.37000274658203,,,109.9025,-1.0046136745638923,5.999999999999961,0.13029315960912946,0.5712149535173294,-0.12135730171612957,0.129636246592435,1.9925474669649779,-0.5232841302758584
2018-01-10,-0.1447947662767235,57.954,4.3809924242993015,,56.99999999999999,,9.819999694824219,7.849999904632568,-1.9699997901916504,0,129.1199951171875,,,109.628,-1.4378664230813798,0.0,-0.11122268282528491,-0.2590819326036442,-0.4174908494556706,0.23240523325838147,0.9688701067691152,0.43455618314958144
2018-01-11,-0.1447947662767235,33.597,4.3809924242993015,,56.00000000000001,,9.880000114440918,7.840000152587891,-2.0399999618530273,0,126.0999984741211,,,109.4888,-1.43487689802283,-0.9999999999999787,0.7033646478779465,-0.3269248358602206,-0.4736508807130724,0.10260539652586775,0.36180516492130277,0.24289897620870526
2018-01-12,-0.1447947662767235,21.59,4.3809924242993015,,56.00000000000001,,10.15999984741211,8.680000305175781,-1.4799995422363281,0,124.94999694824219,,,108.901,-2.3496835584919107,0.9999999999999787,0.6749602987881076,-0.2387530540192806,0.34205457859242117,0.10498058725123549,0.7837050480822283,0.969260113945225
2018-01-16,-0.1447947662767235,22.003,4.3809924242993015,,51.0,,11.65999984741211,11.25,-0.4099998474121094,0,128.64999389648438,,,108.3218,-2.6547527362169143,-0.9999999999999787,-0.3524487622672101,0.9990760185764724,0.719327160121841,0.7654610351126356,-0.8864750893754492,0.1499924976286815
2018-01-17,-0.48451406689177245,20.548,4.3809924242993015,,52.0,,11.90999984741211,11.65999984741211,-0.25,0,136.19000244140625,,,108.1526,-2.643548928654682,2.9999999999999805,0.9415051560751175,-0.34849433599870583,-0.25022637616035626,0.23502643345842955,0.3765913701407442,0.19469638598204053
2018-01-18,-0.48451406689177245,22.804,4.3809924242993015,,56.99999999999999,,12.220000267028809,12.369999885559082,0.14999961853027344,1,131.41000366210938,,,108.0655,-2.756356149542072,5.000000000000027,-0.16163897301626484,-0.4397905502107502,0.015111808456413911,0.8733202299861409,-0.03126537030172516,-0.8968609865470878
2018-01-19,-0.48451406689177245,22.196,4.3809924242993015,,57.99999999999999,,11.270000457763672,10.40999984741211,-0.8600006103515625,0,132.27999877929688,,,107.9455,-2.6716593663611454,2.0000000000000018,0.43852351128388367,0.18806847625658651,0.1768794570430554,0.3772959978056045,-0.9069614138156656,0.4449490508342757
2018-01-22,-0.48451406689177245,28.706,4.3809924242993015,,57.99999999999999,,11.029999732971191,10.859999656677246,-0.1700000762939453,0,127.18000030517578,,,108.107,-2.716298239378001,2.0000000000000018,0.8066726499347698,0.03473416590871192,-0.7201599149858295,0.3870003767947994,0.1893683897817633,-0.0750807103888973
2018-01-23,-0.48451406689177245,31.791,4.3809924242993015,,56.99999999999999,,11.100000381469727,11.020000457763672,-0.07999992370605469,0,122.94999694824219,,,107.9979,-2.560718033203979,-3.000000000000025,0.21743654797181655,1.292475841115115,1.3784361500347009,1.2892931803394792,1.543549403572797,0.36065269139398115
2018-01-24,-0.2587338681532936,36.371,4.3809924242993015,,56.99999999999999,,11.470000267028809,11.449999809265137,-0.020000457763671875,0,120.19999694824219,,,107.0802,-3.425728679835427,2.0000000000000018,-0.05599757022828333,-0.760114204151463,0.05518813726466121,0.365435985748519,1.7682633287780192,1.5123211784551671
2018-01-25,-0.2587338681532936,19.891,4.3809924242993015,,55.00000000000001,,11.579999923706055,11.640000343322754,0.06000041961669922,1,121.87000274658203,,,106.5052,-4.135474713253052,-2.0000000000000018,0.060262090189389106,-1.1331672170563412,0.9546879617316817,-0.3134797743335249,-0.15241346317761417,0.47938637679492135
2018-01-26,-0.2587338681532936,21.427,4.3809924242993015,,53.0,,11.079999923706055,10.460000038146973,-0.619999885559082,0,117.98999786376953,,,106.6911,-3.8609318427981654,3.000000000000025,1.1841196508761032,-0.15889389516881014,0.4890282836587101,0.27680868096682243,0.9616810149202459,-0.7927223014231655
2018-01-29,-0.2587338681532936,23.98,4.3809924242993015,,59.0,,13.84000015258789,14.90999984741211,1.0699996948242188,1,118.80000305175781,,,107.1142,-3.374759709278674,4.0000000000000036,-0.6731974332887192,-0.01075248999485856,0.9099850685795774,-0.9872584893087066,-0.8769305056048449,-0.7927223014231655
2018-01-30,-0.2587338681532936,31.766,4.3809924242993015,,60.0,,14.789999961853027,16.200000762939453,1.4100008010864258,1,122.8499984741211,,,107.1064,-3.084637978055549,2.9999999999999805,-1.0898815620283941,-1.4277552519700865,-1.1719678644970144,-0.9932425109208332,-1.6168358725858534,-1.1985758704125549
2018-01-31,-0.7781079018500892,65.797,4.3809924242993015,,57.99999999999999,,13.539999961853027,13.859999656677246,0.31999969482421875,1,121.2300033569336,,,106.7696,-3.005769529507629,-0.9999999999999787,0.048898537308339485,-0.831538228746842,-0.04985042495514458,-0.20573414008722146,0.35659435183503785,0.26958031452164466
2018-02-01,-0.7781079018500892,31.825,4.14028905876731,,62.0,,13.470000267028809,13.859999656677246,0.3899993896484375,1,120.58999633789062,,,106.4877,-2.8791229838249888,5.999999999999961,-0.06480882520516484,1.6790001694524825,0.08104853208932283,-0.9725553414303145,1.6530196807252429,0.39582142106981966
2018-02-02,-0.7781079018500892,43.931,4.14028905876731,,69.0,,17.309999465942383,18.860000610351562,1.5500011444091797,1,126.44999694824219,,,107.1151,-2.334167007825849,6.000000000000005,-2.120854792396809,-0.9008732555346843,-1.6799483686508743,0.43809579122349174,-0.5319241448063616,-0.7885217043241521
2018-02-05,-0.7781079018500892,59.008,4.14028905876731,,69.0,,37.31999969482422,59.34000015258789,22.020000457763672,1,126.44999694824219,,,107.33,-1.9617693831711858,-6.999999999999984,-4.097922480422822,-2.545483138211291,-1.3320672850156479,0.7341253778731627,-1.986242143588357,-0.05248190728807112
2018-02-06,-0.7781079018500892,49.214,4.14028905876731,,69.0,,29.979999542236328,39.459999084472656,9.479999542236328,1,129.61000061035156,,,107.5204,-1.6727999005026084,2.0000000000000018,1.7440920592313836,-4.725491842274643,-1.5426885283936986,-3.350396239692177,-1.184726606629738,-0.5176312388644022
2018-02-07,-0.7964344796819511,48.12,4.14028905876731,,69.0,,27.729999542236328,32.86000061035156,5.130001068115234,1,136.89999389648438,,,107.7175,-1.6889952458790436,4.999999999999982,-0.5001588416939429,0.1625567595223698,-2.3132012931349366,-1.8213712963988438,-2.5240550394805217,-1.0934318880138072
2018-02-08,-0.7964344796819511,33.272,4.14028905876731,,72.0,,33.459999084472656,41.439998626708984,7.979999542236328,1,130.9199981689453,,,108.3025,-1.4558358545074146,1.000000000000023,-3.753641975808808,1.1341466748850726,0.46149724285398097,-1.4266017417242316,-1.0357653020969804,0.40409034208446215
2018-02-09,-0.7964344796819511,36.567,4.14028905876731,,78.0,,29.059999465942383,31.639999389648438,2.5799999237060547,1,128.50999450683594,,,108.2582,-1.2494983033531581,-2.0000000000000018,1.4936090208494734,-2.3217006955671415,-1.821304671082169,-4.052634773548824,-3.188880971841357,-0.28856016080763824
2018-02-12,-0.7964344796819511,30.631,4.14028905876731,,77.0,,25.610000610351562,26.829999923706055,1.2199993133544922,1,148.02000427246094,,,108.0332,-1.3294510488744082,2.9999999999999805,1.3914584754042503,-2.3217006955671415,0.9142117508341707,0.7755616866629733,0.1520272828176017,0.8453260065734547
2018-02-13,-0.7964344796819511,43.137,4.14028905876731,,73.0,,24.969999313354492,25.290000915527344,0.32000160217285156,1,143.07000732421875,,,107.7574,-1.0501280979972605,-2.9999999999999805,0.26129297463290957,-0.6451008280034642,0.4112577063483558,0.9775764871398529,-0.16866636409879066,0.2945192990387202
2018-02-14,-0.44476859821006576,38.518,4.14028905876731,,74.0,,19.260000228881836,18.729999542236328,-0.5300006866455078,0,127.83999633789062,,,107.4691,-0.7871914979256212,8.000000000000007,1.3402458257245842,-0.4260349741975866,1.112234827736014,0.44584408281356236,2.3821589459808834,2.063099534504098
2018-02-15,-0.44476859821006576,29.08,4.14028905876731,,71.0,,19.1299991607666,18.579999923706055,-0.5499992370605469,0,131.6699981689453,,,106.9867,-1.0780138434027586,-1.000000000000023,1.2069112762299383,1.4692637339250858,1.112234827736014,0.44584408281356236,1.22112491270574,-0.2508317531584314
2018-02-16,-0.44476859821006576,29.615,4.14028905876731,,66.0,,19.459999084472656,18.68000030517578,-0.779998779296875,0,131.6699981689453,,,107.0359,-0.952755504763314,-2.9999999999999805,0.03734693722488025,1.1892371932116896,1.112234827736014,0.44584408281356236,0.5542878248159688,0.0813531251977695
2018-02-20,-0.44476859821006576,32.495,4.14028905876731,,63.0,,20.600000381469727,20.639999389648438,0.03999900817871094,1,131.6300048828125,,,107.6249,-0.29700172772371136,0.9999999999999787,-0.5841389459353419,-1.0118253366108165,-1.1339333392032636,0.44584408281356236,0.3566816141611806,-1.8031261619999017
2018-02-21,-1.276478046645313,45.171,4.14028905876731,,68.0,,20.020000457763672,20.010000228881836,-0.010000228881835938,0,130.02999877929688,,,107.8679,-0.2211697669901036,6.000000000000005,-0.5496503128179286,0.20848679510880874,0.6016174952478304,0.44584408281356236,-0.35541391806128697,0.09030336602811051
2018-02-22,-1.276478046645313,36.32,4.14028905876731,,67.0,,18.719999313354492,18.1299991607666,-0.5900001525878906,0,134.30999755859375,,,107.8668,-0.12139124927429412,-2.0000000000000018,0.09735510790762625,-1.066738494922459,-0.6325962037595834,2.169324746990453,1.7671857120539425,0.04511094631109991
2018-02-23,-1.276478046645313,15.875,4.14028905876731,,63.0,,16.489999771118164,14.979999542236328,-1.510000228881836,0,139.1999969482422,,,107.6804,0.5605144555202557,-4.0000000000000036,1.602837635051313,0.719252314010066,1.542488434749667,0.6261120951585264,1.242629876706336,-0.1803715961294583
2018-02-26,-1.276478046645313,9.36,4.14028905876731,,64.0,,15.800000190734863,15.15999984741211,-0.6400003433227539,0,131.72000122070312,,,107.7347,1.1544037286442377,-2.0000000000000018,1.1757015343810906,1.191495876164228,0.2500441670336473,1.2328900531939135,0.5664840514138403,0.18822467187973313
2018-02-27,-1.276478046645313,19.729,4.14028905876731,,63.0,,18.59000015258789,18.1200008392334,-0.4699993133544922,0,132.27000427246094,,,108.1731,1.389056819172363,4.0000000000000036,-1.2706888443829278,1.066319634575974,-0.06144120707286538,-1.1264461958500283,-1.408232714798463,-1.1422523280690933
2018-02-28,-1.4494557895459392,44.51,4.14028905876731,,62.0,,19.850000381469727,19.190000534057617,-0.6599998474121094,0,138.9499969482422,,,108.3903,1.1913453118260753,-2.9999999999999805,-1.1095788639207016,-1.436450025157876,-1.1717486142876377,-0.9920862845717471,-2.17425641704323,0.0
2018-03-01,-1.4494557895459392,14.334,4.084042600597115,,59.0,,22.469999313354492,23.889999389648438,1.4200000762939453,1,136.5399932861328,,,108.5358,1.3345607732124343,-6.000000000000005,-1.3324399541987275,-1.557756883190542,-1.1717486142876377,0.4401696261610466,-1.0545063556421708,-0.9578088624809911
2018-03-02,-1.4494557895459392,15.642,4.084042600597115,,61.0,,19.59000015258789,18.8700008392334,-0.7199993133544922,0,127.4800033569336,,,108.5358,1.3345607732124343,4.999999999999982,0.5071602744632031,-2.49870335412552,-1.0381729202621481,-0.5873013505552138,0.4262966295752735,1.3968801006093878
2018-03-05,-1.4494557895459392,15.23,4.084042600597115,,64.0,,18.729999542236328,18.260000228881836,-0.4699993133544922,0,130.1199951171875,,,108.3614,1.4908738067764604,2.0000000000000018,1.1032026532745043,-0.6588289534347647,-1.128145273718606,0.07368039736104226,2.155101542570148,-0.227083495226732
2018-03-06,-1.4494557895459392,11.205,4.084042600597115,,63.0,,18.360000610351562,17.229999542236328,-1.1300010681152344,0,128.41000366210938,,,107.7969,1.229437766051844,0.0,0.2638858606169414,1.7853260995679188,1.5304814454733195,1.0045074465331538,0.04794434943773407,1.175935079818946
2018-03-07,-1.4292665207720434,14.295,4.084042600597115,,64.0,,17.760000228881836,16.709999084472656,-1.0500011444091797,0,128.1699981689453,,,108.0911,0.9111693869491733,1.000000000000023,-0.0483874720566102,-0.7705710788897924,-0.3976861711417312,-0.5463853088833681,-2.316289111159675,-0.5698842025396944
2018-03-08,-1.4292665207720434,6.963,4.084042600597115,,61.0,,16.540000915527344,15.859999656677246,-0.6800012588500977,0,129.6199951171875,,,108.2671,0.8731016491195343,-3.000000000000025,0.4463078207817217,0.5427522009360475,1.3015133888434116,0.5116056173563921,-1.6843868655640803,-0.46002832473133193
2018-03-09,-1.4292665207720434,3.247,4.084042600597115,,63.0,,14.640000343322754,13.529999732971191,-1.1100006103515625,0,127.79000091552734,,,107.923,0.3744405712776455,4.0000000000000036,1.737883151892694,0.4732711226190567,1.0838062127078274,0.5704894630467638,3.193616130662136,0.18940828500324525
2018-03-12,-1.4292665207720434,1.77,4.084042600597115,,60.0,,15.779999732971191,15.239999771118164,-0.5399999618530273,0,141.97999572753906,,,107.9438,0.21008656903473977,-2.9999999999999805,-0.1273985129042532,1.6527401628241067,1.0030765620528292,0.5906252934412715,-1.096067529240785,-0.22686024989519993
2018-03-13,-1.4292665207720434,2.145,4.084042600597115,,57.99999999999999,,16.350000381469727,15.359999656677246,-0.9900007247924805,0,140.42999267578125,,,107.7384,-0.520855935920217,-3.000000000000025,-0.6363576551088879,0.66014534044192,0.4174465226188584,-0.49478359969232777,-1.0593245101259807,0.4926481642962388
2018-03-14,-1.3942930169902001,4.97,4.084042600597115,,55.00000000000001,,17.229999542236328,17.280000686645508,0.05000114440917969,1,141.66000366210938,,,107.8623,-0.36569978070944975,-2.9999999999999805,-0.5724521948562322,-0.8685801242159785,-0.33713954124084955,-0.5696547444419386,0.4117937798881366,-0.11313070158988081
2018-03-15,-1.3942930169902001,3.746,4.084042600597115,,53.0,,16.59000015258789,15.960000038146973,-0.630000114440918,0,146.5500030517578,,,108.2032,0.15735903407472218,0.9999999999999787,-0.0781930531963182,0.12242183209070223,0.25340312819897015,-0.00820383427632132,0.3772958426682571,-0.5738429059075179
2018-03-16,-1.3942930169902001,10.28,4.084042600597115,,54.0,,15.800000190734863,14.930000305175781,-0.869999885559082,0,147.35000610351562,,,108.4332,0.6271495043495889,3.000000000000025,0.1703447167811456,-0.5844787650459704,0.06379797484286076,-0.6450701184943064,1.8793945933787581,-0.4176792068693147
2018-03-19,-1.3942930169902001,7.82,4.084042600597115,,54.0,,19.020000457763672,21.950000762939453,2.9300003051757812,1,143.9600067138672,,,108.3145,0.7866447192727888,0.0,-1.4204195388793028,-0.9024025413454706,-0.7594294088837938,0.28655079349684254,-0.44914786431108356,0.41943108329136614
2018-03-20,-1.3942930169902001,11.95,4.084042600597115,,55.00000000000001,,18.200000762939453,19.700000762939453,1.5,1,139.52000427246094,,,108.4953,1.4100818139077154,4.0000000000000036,0.14818054520648882,-0.46520250866026736,0.4238328468828767,0.3472724760374968,2.1592009715368565,-0.4328731037988809
2018-03-21,-1.719739647486196,20.586,4.084042600597115,,57.99999999999999,,17.860000610351562,18.520000457763672,0.6599998474121094,1,139.52000427246094,,,108.4953,1.4100818139077154,0.0,-0.18439898833508828,-0.46520250866026736,-0.022130130668940318,-0.294410467189099,2.791792745216126,0.7322077465257593
2018-03-22,-1.719739647486196,11.592,4.084042600597115,,54.0,,23.34000015258789,26.309999465942383,2.969999313354492,1,131.52000427246094,,,107.9935,0.8946531023703352,-6.000000000000005,-2.5162888405856454,0.9869501912705747,0.4446753465193076,-0.5325260576128255,-1.334962623341096,0.446734658302006
2018-03-23,-1.719739647486196,10.45,4.084042600597115,,54.0,,24.8700008392334,28.219999313354492,3.3499984741210938,1,130.7899932861328,,,107.7495,0.11577246529381746,-1.000000000000023,-2.096688071186603,-4.511538069446508,-3.1754556912772625,-3.392666564625957,2.457222592024366,1.7111468159164644
2018-03-26,-1.719739647486196,5.921,4.084042600597115,,52.0,,21.030000686645508,22.280000686645508,1.25,1,128.9600067138672,,,107.1819,-0.6359630622270407,3.000000000000025,2.715725576151251,0.7189894531667296,0.8407979392767828,-0.6038853748369322,-0.5009019663294478,0.37797194110877896
2018-03-27,-1.719739647486196,9.62,4.084042600597115,,52.0,,22.5,22.950000762939453,0.4500007629394531,1,128.64999389648438,,,107.3359,-0.49218109742756866,-7.000000000000028,-1.7276308813847896,2.654425787672454,0.6146691938114346,1.0507314545925572,-0.4576705382010937,-0.967216136281801
2018-03-28,-1.732139077657191,17.898,4.084042600597115,,49.0,,22.8700008392334,24.940000534057617,2.0699996948242188,1,128.3300018310547,,,107.5733,-0.09946099754458704,-0.9999999999999787,-0.291665716625622,-1.3416778536526008,-1.336428095078701,-1.4008147969167828,-1.3333375426544558,-1.2748898109106954
2018-03-29,-1.732139077657191,17.898,4.084042600597115,,47.0,,19.969999313354492,20.56999969482422,0.6000003814697266,1,119.33999633789062,,,107.665,-0.06469596146830847,-2.9999999999999805,1.3769718690019195,0.6075205392703564,0.7059954717797634,1.2247730453752936,0.8698434480882922,-0.10571684000676429
2018-04-02,-1.732139077657191,3.823,3.8053889336775004,,48.0,,23.6200008392334,27.309999465942383,3.6899986267089844,1,119.68000030517578,,,107.7033,-0.633820554053266,-1.000000000000023,-2.2337423560165104,-0.3063288046303403,-0.06910421650512255,-0.18044188963745045,-2.9719803623574514,1.4590207170698477
2018-04-03,-1.732139077657191,8.695,3.8053889336775004,,51.0,8.000000000000007,21.100000381469727,23.479999542236328,2.3799991607666016,1,118.37999725341797,,,107.5624,-0.896846938982343,6.000000000000005,1.2614865848792123,-0.45019826128374074,-0.0707801670495889,-0.839215827320916,0.7935248584653998,-0.6929384492203927
2018-04-04,-1.97848583817134,4.57,3.8053889336775004,,51.0,-1.0000000000000009,20.059999465942383,21.950000762939453,1.8900012969970703,1,119.2300033569336,,,107.6361,-0.6693342832410853,0.0,1.156648273982852,0.12803564083680996,-1.4071999610563268,-0.17604777340974875,-0.220436771135879,0.2250900277680712
2018-04-05,-1.97848583817134,4.645,3.8053889336775004,,53.0,0.0,18.940000534057617,19.93000030517578,0.9899997711181641,1,121.51000213623047,,,107.7281,-0.06382372776952971,4.0000000000000036,0.6862863657553842,1.5284990944161692,1.2233897918104253,-0.17604777340974875,0.2682688756635576,-0.860907289986157
2018-04-06,-1.97848583817134,4.895,3.8053889336775004,,50.0,0.0,21.489999771118164,23.059999465942383,1.5699996948242188,1,122.38999938964844,,,107.7886,-0.27985652842833497,-6.000000000000005,-2.1920248779842444,-0.3598931825123608,-0.32573851056111325,-0.17604777340974875,-2.3292406687307143,0.5738862271176925
2018-04-09,-1.97848583817134,4.07,3.8053889336775004,,49.0,0.0,21.770000457763672,23.829999923706055,2.059999465942383,1,119.9000015258789,,,107.5316,-0.6793384139780256,0.9999999999999787,0.33365488963206236,0.5134583706510432,0.5968109522527021,0.22940295426965296,2.1914224388651204,0.3303569587363109
2018-04-10,-1.97848583817134,3.99,3.8053889336775004,,48.0,0.0,20.469999313354492,20.920000076293945,0.4500007629394531,1,121.25,,,107.3659,-0.5162013657885711,2.0000000000000018,1.67269537832615,0.5353776000924126,0.27249156723556656,1.657845857606377,3.2954967323044926,0.426547254628451
2018-04-11,-2.247924625576314,2.361,3.8053889336775004,,47.0,1.0000000000000009,20.239999771118164,20.3700008392334,0.13000106811523438,1,122.2699966430664,,,107.1224,-0.7609515321861937,-0.9999999999999787,-0.5525364482924067,-0.49196626271250654,-0.2660428914218027,0.5566839223760223,1.9996909111215766,1.08047690014903
2018-04-12,-2.247924625576314,4.12,3.8053889336775004,,49.0,-2.0000000000000018,18.489999771118164,17.81999969482422,-0.6700000762939453,0,122.29000091552734,,,107.2905,-0.41572921075494484,4.0000000000000036,0.8250750063987677,-0.12366943013627507,-0.061778799933076556,-0.8704288728784371,0.3741394809065879,-1.3343144552847352
2018-04-13,-2.247924625576314,3.471,3.8053889336775004,,45.0,-3.0000000000000027,17.40999984741211,16.360000610351562,-1.0499992370605469,0,126.0,,,107.2368,-0.5799060468764328,-1.000000000000023,-0.2886625488248695,0.546904016685934,0.5059997961088802,-0.663676374050004,0.47711301070560985,0.4781847203614964
2018-04-16,-2.247924625576314,3.372,3.8053889336775004,,44.0,2.0000000000000018,16.559999465942383,16.56999969482422,0.010000228881835938,1,131.47000122070312,,,107.0595,-1.0569927691602476,1.000000000000023,0.8109038386684864,0.2607545794148569,0.0985683425572148,-1.5322025766574598,-1.7361599340287803,0.20076971102340746
2018-04-17,-2.247924625576314,3.971,3.8053889336775004,,41.0,1.0000000000000009,15.25,15.350000381469727,0.10000038146972656,1,130.57000732421875,,,107.0344,-1.2900108084977657,-1.000000000000023,1.0661504701720004,0.05523359068162481,-0.1513727713198243,-1.4097317854541047,0.45302841563448215,-0.022267074443416135
2018-04-18,-2.08442447095174,14.021,3.8053889336775004,,45.0,0.0,15.600000381469727,14.640000343322754,-0.9600000381469727,0,146.25999450683594,,,107.1096,-1.1124087726020027,5.000000000000027,0.08313658006817715,1.421710024865086,1.0681506713700495,0.80219870062741,2.9314562177446657,0.2969121247755835
2018-04-19,-2.08442447095174,13.92,3.8053889336775004,,48.0,-2.0000000000000018,15.960000038146973,15.5,-0.46000003814697266,0,138.1999969482422,,,107.5197,-0.89920945884292,4.999999999999982,-0.5726124690152989,0.14884092531350923,0.24678091096297372,0.84030082835993,-0.26288929745389433,-0.32562925568003775
2018-04-20,-2.08442447095174,12.02,3.8053889336775004,,50.0,-3.0000000000000027,16.8799991607666,16.229999542236328,-0.6499996185302734,0,133.07000732421875,,,108.1787,0.17149180274740328,4.0000000000000036,-0.853653230061302,-0.13040971022059145,-0.3929857667621883,-1.4702431839177632,0.13178552743313698,-0.7499329737208016
2018-04-23,-2.08442447095174,10.821,3.8053889336775004,,49.0,-5.000000000000004,16.34000015258789,16.440000534057617,0.10000038146972656,1,126.4800033569336,,,108.9332,1.098566582675553,2.0000000000000018,0.005623169212687351,-0.33480898632218814,-0.08964760888442447,-0.11495869975772788,0.3802312762120952,-1.062314033858236
2018-04-24,-2.08442447095174,9.532,3.8053889336775004,,52.0,-4.0000000000000036,18.020000457763672,19.170000076293945,1.1499996185302734,1,126.5,,,108.7906,1.5009064030400587,2.0000000000000018,-1.338056164164636,0.8605566007337861,-0.4029818565407073,1.9854889680777754,-1.3694674384685523,0.6729697099480125
2018-04-25,-2.175680325144036,3.57,3.8053889336775004,,54.0,-4.0000000000000036,17.84000015258789,18.709999084472656,0.8699989318847656,1,124.29000091552734,,,109.3447,1.8715080415778962,2.9999999999999805,0.1837059563023713,-0.28188568221849675,-0.6221170328254422,-0.35005229756200906,0.5169957448937668,-0.7661163478404176
2018-04-26,-2.175680325144036,3.795,3.8053889336775004,,51.0,-3.0000000000000027,16.239999771118164,16.010000228881836,-0.22999954223632812,0,127.08000183105469,,,109.3646,1.6651901540623903,-2.9999999999999805,1.0434204774367295,0.4694465847576268,1.0956274003457223,-1.377307512155057,0.20573017394569515,-0.37086758438069634
2018-04-27,-2.175680325144036,2.92,3.8053889336775004,,47.0,-3.0000000000000027,15.40999984741211,14.4399995803833,-0.9700002670288086,0,128.39999389648438,,,109.1735,1.4011052802674895,-4.0000000000000036,0.11136248915897262,0.6642578870177829,0.6769970792549707,0.2342059826492715,-0.13198997516167266,0.3038820824751154
2018-04-30,-2.175680325144036,13.83,3.8053889336775004,,46.0,2.0000000000000018,15.930000305175781,16.450000762939453,0.5200004577636719,1,130.77000427246094,,,109.3363,1.7286264030726084,-0.9999999999999787,-0.8187490964434607,0.6642578870177829,0.92200214127518,0.2342059826492715,0.6901633351456438,-0.3105428693946588
2018-05-01,-2.175680325144036,3.82,3.8592508513053403,,47.0,1.0000000000000009,15.489999771118164,15.699999809265137,0.21000003814697266,1,128.2100067138672,,,109.7445,1.8952065535596363,2.0000000000000018,0.25490454770622506,0.17874483778874684,0.92200214127518,0.2342059826492715,-1.9250396685124294,-0.9420986782980645
2018-05-02,-2.574606720363859,6.52,3.8592508513053403,,48.0,0.0,15.970000267028809,16.530000686645508,0.5600004196166992,1,122.41999816894531,,,110.1625,2.4172945192743933,0.0,-0.7205863568357729,-0.1566107789138793,-0.38840158726646257,-0.03422622513014062,1.0111528701498562,-0.09204427038226326
2018-05-03,-2.574606720363859,5.775,3.8592508513053403,,45.0,-1.0000000000000009,15.899999618530273,15.75,-0.14999961853027344,0,126.79000091552734,,,110.1803,2.3637051138047482,-3.000000000000025,-0.22536742393085563,-0.1566107789138793,-0.7327599520568051,0.6387781277462867,0.7360518147412787,0.6218313939622133
2018-05-04,-2.574606720363859,5.415,3.8592508513053403,,44.0,-3.0000000000000027,14.770000457763672,13.859999656677246,-0.9100008010864258,0,127.37000274658203,,,110.25,2.3409862422153482,1.000000000000023,1.281117896379791,-0.1566107789138793,-1.0401092446477023,-0.31687761660036395,1.8851394268220911,0.1525902246514832
2018-05-07,-2.574606720363859,3.22,3.8592508513053403,,46.0,-4.0000000000000036,14.75,14.220000267028809,-0.5299997329711914,0,123.04000091552734,,,110.5721,2.5823695641283173,0.0,0.34579455015175675,-0.02500420865069186,-1.0401092446477023,1.4756251761825823,1.4486547885064427,-0.03808943540781762
2018-05-08,-2.574606720363859,3.921,3.8592508513053403,,46.0,-3.0000000000000027,14.710000038146973,13.979999542236328,-0.7300004959106445,0,125.0999984741211,,,111.063,3.2840578955395383,2.0000000000000018,-0.02656413228280252,0.18484444222670593,-0.47005439101621693,0.7923442783290824,-2.36109956041185,-0.015237858505967594
2018-05-09,-2.5763508730045404,2.72,3.8592508513053403,,46.0,-3.0000000000000027,13.420000076293945,12.130000114440918,-1.2899999618530273,0,126.05000305175781,,,110.8818,3.2746896360948963,2.9999999999999805,0.9682220255068819,-0.4434225011538562,-0.23798082241308638,-0.07427316090139469,3.011876490858434,-0.053349936880719984
2018-05-10,-2.5763508730045404,4.645,3.8592508513053403,,43.0,-2.0000000000000018,13.229999542236328,12.430000305175781,-0.7999992370605469,0,129.35000610351562,,,110.405,3.064345085621678,-2.9999999999999805,0.9370643723504823,0.3940349751471839,0.8256995475369955,0.48314211308637667,0.309251086014406,0.7244718711396203
2018-05-11,-2.5763508730045404,3.222,3.8592508513053403,,43.0,-2.0000000000000018,12.649999618530273,11.239999771118164,-1.4099998474121094,0,129.35000610351562,,,110.2847,2.790741025533494,0.0,0.17075955546570487,1.1614823941473285,0.549885125617755,-0.351250646419321,-0.9248930163456737,-0.1362847336144557
2018-05-14,-2.5763508730045404,3.859,3.8592508513053403,,45.0,0.0,12.930000305175781,11.920000076293945,-1.010000228881836,0,133.97000122070312,,,110.408,2.957193799143587,2.9999999999999805,0.08834895573073265,0.4718193132333459,-0.06456984638426588,0.3404409679143461,0.3677540982368166,-0.18953752843062777
2018-05-15,-2.5763508730045404,2.095,3.8592508513053403,,50.0,4.0000000000000036,14.630000114440918,14.289999961853027,-0.3400001525878906,0,136.75999450683594,,,111.2292,3.894750115589929,8.000000000000007,-0.6842140279927467,-0.20921953102844837,-0.7095834836548853,0.5698095545401571,0.4932334817316475,-2.0964660528627
2018-05-16,-2.8989449102193143,2.545,3.8592508513053403,,51.0,0.0,13.420000076293945,12.359999656677246,-1.0600004196166992,0,134.4499969482422,,,111.3068,3.9916139110416804,0.9999999999999787,0.4060561678767671,-0.44170819628743807,0.052064610563062885,-0.7065208454509975,0.2524194521642986,0.10085551502752033
2018-05-17,-2.8989449102193143,1.896,3.8592508513053403,,54.0,-1.0000000000000009,13.430000305175781,12.020000457763672,-1.4099998474121094,0,134.77999877929688,,,111.3547,3.963323548962916,2.0000000000000018,-0.08558723207806596,0.5332457758952636,-0.46223369480368204,-0.482147635539365,0.0,-0.15501473226560147
2018-05-18,-2.8989449102193143,9.12,3.8592508513053403,,51.0,-2.0000000000000018,13.420000076293945,11.479999542236328,-1.9400005340576172,0,133.32000732421875,,,111.7171,3.903842737656449,-4.999999999999982,-0.263219493841671,0.4027881054403659,0.4982724342000866,1.2370488012214853,-0.2937461053962087,0.15525540100980173
2018-05-21,-2.8989449102193143,5.404,3.8592508513053403,,48.0,-6.000000000000005,13.079999923706055,11.369999885559082,-1.7100000381469727,0,134.02000427246094,,,111.6394,3.1990585947140993,0.0,0.7386752997235124,0.3140367948332612,0.1999539231866576,0.643130624095889,1.346800085456068,0.0
2018-05-22,-2.8989449102193143,3.951,3.8592508513053403,,47.0,-10.000000000000009,13.220000267028809,10.920000076293945,-2.3000001907348633,0,134.61000061035156,,,111.1945,2.075859333977159,0.0,-0.3135761789657687,-0.18271725237540837,0.1999539231866576,0.015869170577165193,-0.15227105980678557,0.11626104919919555
2018-05-23,-2.987148758223268,2.929,3.8592508513053403,,48.0,-8.000000000000007,12.579999923706055,10.0600004196167,-2.5199995040893555,0,135.61000061035156,,,111.6933,2.668153314716526,-5.000000000000027,0.32484098921563564,-1.1785522828341777,0.25713500627539965,-1.4119801810393406,-0.4020531354083756,-0.1857941034659527
2018-05-24,-2.987148758223268,6.62,3.8592508513053403,,48.0,-1.0000000000000009,12.529999732971191,10.329999923706055,-2.1999998092651367,0,139.24000549316406,,,111.4885,1.960588853414924,-2.9999999999999805,-0.2023213496498033,-1.113853513259322,-0.23867788687798042,-0.4516691233803938,-1.572936123358315,1.116877514806447
2018-05-25,-2.987148758223268,0.02,3.8592508513053403,,45.0,-2.0000000000000018,13.220000267028809,11.460000038146973,-1.760000228881836,0,140.77999877929688,,,111.5843,2.0296329891025033,-4.999999999999982,-0.23572204364039617,0.06141324988908625,-0.21127087549799306,-0.4231181485050084,-4.002265404746885,-0.030674415795639565
2018-05-29,-2.987148758223268,0.88,3.8592508513053403,,45.0,-3.0000000000000027,17.020000457763672,17.239999771118164,0.2199993133544922,1,141.83999633789062,,,112.2127,2.7838257452586834,-16.000000000000014,-1.1564187290653005,-0.5456148127271576,-0.8757689224351051,-0.4663703725854451,-1.6941572525276838,-0.352957683104993
2018-05-30,-2.968554999042583,3.92,3.8592508513053403,,42.0,-3.0000000000000027,14.9399995803833,13.260000228881836,-1.6799993515014648,0,143.88999938964844,,,111.6731,2.1372590804700886,6.999999999999984,1.2695791223314323,-1.5202774121477525,-1.962355100340829,-2.5322484033058035,2.2178864874660364,0.21560398347582055
2018-05-31,-2.968554999042583,21.475,3.8592508513053403,,43.0,6.000000000000005,15.430000305175781,14.119999885559082,-1.3100004196166992,0,143.88999938964844,,,111.9894,2.0455694818419135,-0.9999999999999787,-0.6879559974886984,0.832484586394866,0.5803157411379489,1.7764924022000361,-1.7152883516335482,-0.10757006638973943
2018-06-01,-2.968554999042583,12.546,4.096634013405032,,42.0,6.000000000000005,13.460000038146973,11.4399995803833,-2.020000457763672,0,134.52999877929688,,,111.8265,1.5104958583910255,6.000000000000005,1.0849230370481022,-0.13724416600130462,0.6582701312660921,-0.6569965506912134,-1.834730519296146,-0.40765532323188136
2018-06-04,-2.968554999042583,11.166,4.096634013405032,,42.0,5.000000000000004,12.739999771118164,12.020000457763672,-0.7199993133544922,0,132.6999969482422,,,111.8247,1.4924628086872227,4.999999999999982,0.4479598435997323,1.373799291050859,0.3608115331562134,0.5220565871327576,-1.6106938123648828,-0.13130006009237638
2018-06-05,-2.968554999042583,6.635,4.096634013405032,,43.0,0.0,12.399999618530273,11.680000305175781,-0.7199993133544922,0,132.5800018310547,,,112.264,1.8267573696145067,-2.0000000000000018,0.07025929724704394,0.2829675240389351,0.2451220698133083,0.744539477809858,1.189184004735755,0.3402694684971008
2018-06-06,-3.2101698553908653,16.772,4.096634013405032,,45.0,-2.0000000000000018,11.640000343322754,11.029999732971191,-0.6100006103515625,0,136.57000732421875,,,111.7525,1.0675387371678724,5.000000000000027,0.8567392465728796,0.38240092670485115,0.2451220698133083,0.03127207821265188,-1.2057285204644663,-0.030830398000958326
2018-06-07,-3.2101698553908653,5.771,4.096634013405032,,43.0,-4.0000000000000036,12.130000114440918,11.899999618530273,-0.23000049591064453,0,133.83999633789062,,,112.0725,0.9089435725669226,-4.0000000000000036,-0.07141884679080501,0.8730294791932547,0.6854813955901706,-0.18236212121889306,1.884742048569521,0.12335021324896278
2018-06-08,-3.2101698553908653,2.771,4.096634013405032,,43.0,-6.000000000000005,12.180000305175781,11.5600004196167,-0.619999885559082,0,133.11000061035156,,,112.1066,1.1045996728047403,0.0,0.31259043893263616,-0.5641602774855592,-0.7690501582292231,-1.361990272372926,-0.3184216742837198,-0.0461981680523027
2018-06-11,-3.2101698553908653,4.836,4.096634013405032,,44.0,-6.000000000000005,12.350000381469727,12.529999732971191,0.17999935150146484,1,138.92999267578125,,,112.1106,1.5448575698564504,2.9999999999999805,0.1068707668436586,0.4826678820859742,0.7574634981106776,-0.468350091753289,0.5476127503039718,0.061632296677593956
2018-06-12,-3.2101698553908653,1.308,4.096634013405032,,42.0,-8.000000000000007,12.34000015258789,12.029999732971191,-0.3100004196166992,0,142.82000732421875,,,112.2138,1.749200025026143,0.0,0.17433852107295866,0.32586572348580756,-0.05343093621555939,0.8850626897412672,0.39334665995833795,-0.29255899273996633
2018-06-13,-3.381454510441617,3.025,4.096634013405032,,39.0,-4.0000000000000036,12.9399995803833,12.65999984741211,-0.2799997329711914,0,141.74000549316406,,,112.2577,1.675331497717547,2.0000000000000018,-0.4026127868587581,0.384779721890105,-0.05343093621555939,-0.974247136454609,0.4219390848727578,0.13898917937285038
2018-06-14,-3.381454510441617,2.935,4.096634013405032,,35.0,-5.000000000000004,12.119999885559082,11.039999961853027,-1.0799999237060547,0,142.38999938964844,,,112.8593,1.4655324321311225,-4.0000000000000036,0.2471549778432225,-0.9917604596460516,-1.8369063978146305,-0.1848387552034425,0.3751500634599836,0.5474574332855919
2018-06-15,-3.381454510441617,0.27,4.096634013405032,,38.0,-4.0000000000000036,11.979999542236328,10.84000015258789,-1.1399993896484375,0,140.9199981689453,,,113.3379,1.8247762041492699,-0.9999999999999787,-0.10171027155291279,0.4975705555872345,-0.8021498656031745,-0.731204465132751,-2.7358377152831737,-2.2546030992379174
2018-06-18,-3.381454510441617,0.37,4.096634013405032,,36.0,-5.000000000000004,12.3100004196167,11.6899995803833,-0.6200008392333984,0,140.9199981689453,,,113.4899,1.917476316670963,-1.000000000000023,-0.21261277624751163,-0.7501391441574468,-1.1563887612689783,-0.731204465132751,1.214265209302945,0.12552766488183043
2018-06-19,-3.381454510441617,0.195,4.096634013405032,,35.0,-7.000000000000006,13.350000381469727,12.970000267028809,-0.38000011444091797,0,139.35000610351562,,,113.639,1.7203275058160328,-2.9999999999999805,-0.4023402292699374,-1.7717978882616947,-1.5204643874769719,-3.775069467638026,-1.1845084242536608,-0.04701266328889231
2018-06-20,-3.539380951965876,0.32,4.096634013405032,,37.0,-7.999999999999985,12.789999961853027,12.15999984741211,-0.630000114440918,0,140.82000732421875,,,113.4784,1.6472679000424595,4.0000000000000036,0.17121542893689945,1.2431243645116385,1.017037814247157,0.2719882953096775,1.7673298467379306,-0.344937637055176
2018-06-21,-3.539380951965876,1.37,4.096634013405032,,34.0,-7.999999999999985,14.640000343322754,14.5600004196167,-0.07999992370605469,0,139.94000244140625,,,113.6109,2.173129066635493,-3.000000000000025,-0.6345510515579966,0.6100942296668466,-1.103249910276971,-1.3691557631965723,-1.0268805385693414,-0.31466332234457717
2018-06-22,-3.539380951965876,1.43,4.096634013405032,,34.0,-3.0000000000000027,13.770000457763672,12.15999984741211,-1.6100006103515625,0,140.5399932861328,,,113.3047,1.4427006812405052,0.0,0.18619345065358228,-0.7764891422858522,0.8293970019273678,0.4850790173081432,4.6383901023216545,0.015788608735545218
2018-06-25,-3.539380951965876,12.73,4.096634013405032,,33.0,-4.0000000000000036,17.329999923706055,17.68000030517578,0.35000038146972656,1,134.66000366210938,,,113.286,1.6122739116590568,-2.9999999999999805,-1.3724668973416176,-0.7935383749846148,0.027995355443133363,-1.0528234927056346,-0.7290755127591586,-0.14202688917867023
2018-06-26,-3.539380951965876,10.385,4.096634013405032,,35.0,-5.000000000000004,15.920000076293945,15.15999984741211,-0.7600002288818359,0,134.9199981689453,,,113.3016,1.539015793440468,0.9999999999999787,0.22045770199778936,0.017233339858857555,-0.2951787742977885,-0.5185777811172243,3.598702823660349,-0.7111251717457745
2018-06-27,-3.5367180727825964,20.68,4.096634013405032,,31.0,-5.000000000000004,17.90999984741211,17.90999984741211,0.0,0,131.3000030517578,,,113.8971,1.501077863735567,-4.999999999999982,-0.8604355128821406,-0.31434280167397244,-0.37814527391620834,-1.101423427219994,3.16177994545519,-0.3023974877956359
2018-06-28,-3.5367180727825964,20.419,4.096634013405032,,32.0,-2.0000000000000018,16.850000381469727,15.829999923706055,-1.0200004577636719,0,136.33999633789062,,,113.8405,1.9408434081260362,0.9999999999999787,0.617868985946779,-0.006191273881783754,-1.1865791093568112,-0.9342105639985943,0.9483160964176784,-0.39910598699904876
2018-06-29,-3.5367180727825964,96.97,4.096634013405032,,33.0,17.000000000000014,16.09000015258789,14.930000305175781,-1.1599998474121094,0,141.72000122070312,,,113.2586,1.1333215465034963,1.000000000000023,0.07584033300001014,0.1532040510627608,0.5137709411425773,2.1716266043400267,0.9530355435276361,0.2804936578810979
2018-07-02,-3.5367180727825964,32.139,3.8970561278732996,,30.0,9.000000000000007,15.600000381469727,14.420000076293945,-1.1800003051757812,0,140.88999938964844,,,114.1673,2.093242657151939,2.0000000000000018,0.3067957412152822,-2.2084326591394032,-2.346809787078441,-2.52372797998186,-0.2832084695229109,-0.9190441581753306
2018-07-03,-3.5367180727825964,4.852,3.8970561278732996,,30.0,5.000000000000004,16.139999389648438,15.170000076293945,-0.9699993133544922,0,134.57000732421875,,,113.3222,1.339149579654575,-4.0000000000000036,-0.49473506268106204,-0.12099170214694421,0.053706766429195696,0.40824436889379534,0.27048544987631207,0.9517604688728643
2018-07-05,-3.973521200410457,8.205,3.8970561278732996,,28.999999999999996,2.0000000000000018,14.970000267028809,14.140000343322754,-0.8299999237060547,0,139.86000061035156,,,112.9759,0.6341302643768199,0.9999999999999787,0.8620803683929923,-0.7830203170681393,-0.3491525891325731,-0.9149236641896819,-1.6185553791759677,0.45542292692350994
2018-07-06,-3.973521200410457,4.195,3.8970561278732996,,28.999999999999996,-2.0000000000000018,13.369999885559082,11.489999771118164,-1.880000114440918,0,141.02000427246094,,,112.6428,0.7966712154090505,-2.0000000000000018,0.8481281595267509,1.1191836446849956,0.6786147827521072,0.488204078931731,1.179052072341813,-0.23860652855268727
2018-07-09,-3.973521200410457,3.596,3.8970561278732996,,28.999999999999996,-6.000000000000005,12.6899995803833,10.789999961853027,-1.8999996185302734,0,138.9600067138672,,,112.6425,0.5085993441745318,4.0000000000000036,0.8822985887663393,1.21184761492239,0.5688812371128726,2.4708935228590523,0.06774447194564104,0.3029519740003872
2018-07-10,-3.973521200410457,1.955,3.8970561278732996,,28.000000000000004,-6.000000000000005,12.640000343322754,10.65999984741211,-1.9800004959106445,0,139.25999450683594,,,112.5794,0.4217414496559657,1.000000000000023,0.3473267180873929,0.6562205620972206,0.36573029585575956,0.44456138838513404,0.3520678965505786,-0.3417794166802879
2018-07-11,-3.9290957847646912,1.23,3.8970561278732996,,27.0,-6.000000000000005,13.630000114440918,11.800000190734863,-1.8299999237060547,0,136.85000610351562,,,112.8582,0.6668414940246503,-2.0000000000000018,-0.7094202866256172,-1.1924178569492794,-0.5901853157840975,-1.7631052174970185,-5.033063454613695,-0.8773328737928576
2018-07-12,-3.9290957847646912,2.455,3.8970561278732996,,25.0,-5.000000000000004,12.579999923706055,10.600000381469727,-1.9799995422363281,0,138.22000122070312,,,112.779,0.5036813653935601,0.0,0.8749042674663476,1.1660931072057013,0.19468132253983583,2.155971083913788,-0.07103640851712223,0.17701569725150357
2018-07-13,-3.9290957847646912,0.871,3.8970561278732996,,24.0,-5.000000000000004,12.180000305175781,10.069999694824219,-2.1100006103515625,0,142.47999572753906,,,113.0705,0.7240483280879673,-2.0000000000000018,0.10792374947172778,1.845093711081347,1.1308168313922673,-0.22817588944589184,0.9668708765417922,-0.43373690072791016
2018-07-16,-3.9290957847646912,0.87,3.8970561278732996,,26.0,0.0,12.829999923706055,11.5,-1.3299999237060547,0,148.16000366210938,,,112.8437,-0.013822520607520428,2.0000000000000018,-0.1028135726814483,0.0,-0.38556027893456024,-0.6054742237548649,-4.154350780017202,-0.12100677876272226
2018-07-17,-3.9290957847646912,1.22,3.8970561278732996,,24.0,-3.0000000000000027,12.0600004196167,10.5600004196167,-1.5,0,149.5800018310547,,,113.1504,-0.1654345104329602,0.9999999999999787,0.39736986307106203,0.442572989106238,-0.17680651856182283,-0.5655926837334624,0.029392114573201233,-1.001536601129005
2018-07-18,-4.138753955580454,6.021,3.8970561278732996,,28.000000000000004,-5.000000000000004,12.100000381469727,10.029999732971191,-2.070000648498535,0,154.25,,,113.3348,-0.1366641436815086,2.0000000000000018,0.21605126279586884,0.42661384756348397,-0.3398645174176762,-0.388434851590469,0.9988253332648966,0.04895958881911966
2018-07-19,-4.138753955580454,3.62,3.8970561278732996,,24.0,-5.000000000000004,12.869999885559082,11.149999618530273,-1.7200002670288086,0,150.97999572753906,,,113.9463,0.27041772630875816,-4.0000000000000036,-0.39529931204791424,-0.1294617897499073,-0.34147128271393434,-0.527836427729611,1.0180292706438943,-0.31803182408656205
2018-07-20,-4.138753955580454,1.17,3.8970561278732996,,28.999999999999996,-7.000000000000006,12.859999656677246,11.010000228881836,-1.8499994277954102,0,152.72000122070312,,,113.3213,-0.13844044329140992,5.000000000000027,-0.09484477101494582,-0.2934318823808346,0.30232364097704245,2.045992970977273,1.4396775312131238,0.5808225985058257
2018-07-23,-4.138753955580454,2.27,3.8970561278732996,,32.0,-7.999999999999985,12.619999885559082,11.34000015258789,-1.2799997329711914,0,153.77999877929688,,,113.4246,-0.16398074480530322,6.999999999999984,0.18380494891383492,-1.3256331146690337,-0.8684243475352571,1.0699221154687466,-3.6474591657929434,-0.44733631557544173
2018-07-24,-4.138753955580454,4.895,3.8970561278732996,,32.0,-5.000000000000004,12.40999984741211,11.149999618530273,-1.260000228881836,0,145.94000244140625,,,113.2045,-0.08843410732299883,-0.9999999999999787,0.4780911145920941,0.506720917352621,0.47987680382790554,1.6093493173725104,0.9279676816642102,-0.008167940027570264
2018-07-25,-4.201367706958836,0.72,3.8970561278732996,,28.000000000000004,-7.999999999999985,12.289999961853027,11.270000457763672,-1.0199995040893555,0,145.08999633789062,,,112.9221,-0.32122239288173704,-1.000000000000023,0.9101605057599604,0.460983191336406,-0.31444268171811895,-0.06590941975342934,1.1383631741177735,0.6127951507796325
2018-07-26,-4.201367706958836,1.571,3.8970561278732996,,28.999999999999996,-5.000000000000004,12.140000343322754,11.069999694824219,-1.0700006484985352,0,142.17999267578125,,,112.9179,-0.3386536465504353,4.0000000000000036,-0.30322960242857855,-0.12107790165493126,0.7052273436894962,-0.7377575580547746,0.4473269046788131,-0.4953691298520191
2018-07-27,-4.201367706958836,1.47,3.8970561278732996,,28.999999999999996,-7.000000000000006,13.029999732971191,11.59000015258789,-1.4399995803833008,0,144.57000732421875,,,112.8125,-0.9522630514736452,-2.0000000000000018,-0.656220869212365,0.5573187615834252,0.259055310425893,-0.29945973070054643,-1.321646546298838,-0.22036016768054445
2018-07-30,-4.201367706958836,1.995,3.8970561278732996,,32.0,-7.000000000000006,14.260000228881836,13.569999694824219,-0.6900005340576172,0,141.57000732421875,,,112.6044,-1.085817437555181,2.0000000000000018,-0.5754170294581917,-0.7392770855576658,-0.06448744765980008,-0.15812760333454579,2.0963673909315306,-0.10632478192137418
2018-07-31,-4.201367706958836,9.045,3.8970561278732996,,28.999999999999996,-2.0000000000000018,12.829999923706055,11.640000343322754,-1.1899995803833008,0,144.49000549316406,,,112.7299,-0.46680781856741627,-2.0000000000000018,0.4884728797982518,0.03939198254034881,0.07630226127415263,0.2562112878137901,-1.953508014889771,0.19650390958820818
2018-08-01,-4.728011666397269,0.795,3.843008397225267,,33.0,-7.000000000000006,13.149999618530273,12.289999961853027,-0.8599996566772461,0,142.77000427246094,,,112.8899,-1.118884303999479,4.0000000000000036,-0.10403515262938923,0.8556393783765381,0.5145412085559631,-1.8031889692335712,-1.5997650377347683,-0.4739664124574161
2018-08-02,-4.728011666397269,1.817,3.843008397225267,,32.0,-4.0000000000000036,12.1899995803833,10.510000228881836,-1.6799993515014648,0,143.8300018310547,,,113.1679,-0.13616043458386518,-2.0000000000000018,0.4926444803381669,-1.0294677026457255,-1.5981359947909834,-2.0006843980326927,1.921364694059724,-0.5993963939393998
2018-08-03,-4.728011666397269,1.673,3.843008397225267,,32.0,-8.999999999999986,11.640000343322754,9.579999923706055,-2.060000419616699,0,146.19000244140625,,,113.012,0.031953717562771544,-2.9999999999999805,0.4644183009877123,0.05619266701746284,0.7699753697786305,-0.9964079533413162,-0.6815563035715733,0.29737119267618795
2018-08-06,-4.728011666397269,2.095,3.843008397225267,,30.0,-8.999999999999986,11.270000457763672,9.739999771118164,-1.5300006866455078,0,142.00999450683594,,,113.229,0.5204060978597935,-1.000000000000023,0.3538227451535869,-0.0792862709544151,-0.051577654037415765,-1.2876068332285828,0.7592411865674942,-0.4612070343548269
2018-08-07,-4.728011666397269,2.337,3.843008397225267,,30.0,-7.999999999999985,10.930000305175781,9.130000114440918,-1.8000001907348633,0,138.94000244140625,,,112.9759,0.29598064673634905,4.0000000000000036,0.28241822564987196,0.6905305461382794,0.5974157931062818,2.743539154950625,0.2318447004232782,0.08274036241935345
2018-08-08,-4.722512425927194,1.659,3.843008397225267,,28.000000000000004,-7.000000000000006,10.850000381469727,8.859999656677246,-1.9900007247924805,0,139.83999633789062,,,113.1411,0.49893675041792207,-2.0000000000000018,-0.02623799656497061,-0.08132153177154988,0.05608475548628533,-1.2702124572086748,-3.223934923479943,0.24801587802172342
2018-08-09,-4.722512425927194,1.745,3.843008397225267,,28.999999999999996,-4.0000000000000036,11.270000457763672,9.460000038146973,-1.8100004196166992,0,138.61000061035156,,,113.3806,0.4628817400951002,-2.9999999999999805,-0.14416744645237012,-0.20278790020982207,0.09819938793256267,1.8334813057026,-0.19421105179416864,-0.05772317218930567
2018-08-10,-4.722512425927194,2.47,3.843008397225267,,26.0,-5.000000000000004,13.15999984741211,13.09000015258789,-0.06999969482421875,0,149.1999969482422,,,114.3005,1.349098679718752,-6.000000000000005,-0.7113887913551609,-1.3289023623778484,-0.908097036073352,0.03320871981826734,1.2273607615463034,-0.06601607492431327
2018-08-13,-4.722512425927194,1.383,3.843008397225267,,27.0,-4.0000000000000036,14.779999732971191,15.34000015258789,0.5600004196166992,1,159.02999877929688,,,114.851,1.5746812829164236,0.9999999999999787,-0.40059921853423663,-1.9761808598816932,-1.5043033876531164,-0.337636544190667,-0.635812986306239,-1.6348713695773287
2018-08-14,-4.722512425927194,0.685,3.843008397225267,,26.0,-2.0000000000000018,13.3100004196167,12.619999885559082,-0.6900005340576172,0,152.41000366210938,,,114.658,1.6077991061973274,1.000000000000023,0.6389254777276809,2.2813770775168996,0.4652076392471338,-0.17613811036644167,-0.2380893452094579,0.14269714615955387
2018-08-15,-5.242073992279861,0.315,3.843008397225267,,25.0,3.0000000000000027,14.640000343322754,15.010000228881836,0.36999988555908203,1,148.39999389648438,,,115.1526,1.769503245238191,-3.000000000000025,-0.7602164835758152,-0.6792755012028806,0.4652076392471338,-2.075072121591104,-3.0280410972170824,-1.2992455993294239
2018-08-16,-5.242073992279861,0.532,3.843008397225267,,24.0,4.0000000000000036,13.449999809265137,12.920000076293945,-0.5299997329711914,0,148.4499969482422,,,114.6416,1.1530439017847893,1.000000000000023,0.7919408484583057,-0.05486182464078393,-0.8017080798206289,-0.6634025029438884,0.6921964827800053,-0.11040754378981443
2018-08-17,-5.242073992279861,4.016,3.843008397225267,,26.0,-5.000000000000004,12.640000343322754,11.569999694824219,-1.0700006484985352,0,146.00999450683594,,,114.5339,0.5156815096234002,0.0,0.33231157222237684,0.35301756929304595,0.2789182374067112,-1.3391223798710272,0.6874497157508541,0.025510018753704955
2018-08-20,-5.242073992279861,1.646,3.843008397225267,,22.0,-5.000000000000004,12.489999771118164,11.420000076293945,-1.0699996948242188,0,145.5500030517578,,,114.3504,0.9081258333605513,-5.000000000000027,0.24280177746833775,-0.3205192575094662,0.03692992885528934,1.1052969310062943,0.7889494980643397,0.8754822633340487
2018-08-21,-5.242073992279861,1.466,3.843008397225267,,24.0,-5.000000000000004,12.859999656677246,11.550000190734863,-1.3099994659423828,0,144.6999969482422,,,113.8604,0.38422000165749814,3.000000000000025,0.20685364303643095,0.09338469638271452,0.9867153467959522,1.3103690184229189,1.3849136906802562,0.48870294229761413
2018-08-22,-5.264954791135967,1.126,3.843008397225267,,22.0,-5.000000000000004,12.25,10.770000457763672,-1.4799995422363281,0,143.75,,,113.663,0.4050192351010784,-3.000000000000025,-0.03981517707819515,0.6427634786158265,0.1440499126386774,-0.70297151633395,0.7572414963400886,0.310252667946731
2018-08-23,-5.264954791135967,2.416,3.843008397225267,,21.0,-1.0000000000000009,12.40999984741211,10.800000190734863,-1.609999656677246,0,147.3800048828125,,,114.0932,1.0370866287467084,0.0,-0.16912621251551352,0.21584984522637907,0.40777270403671295,0.36897090160890045,-0.04420686564553522,-0.7774010238681517
2018-08-24,-5.264954791135967,4.665,3.843008397225267,,19.0,0.0,11.989999771118164,10.170000076293945,-1.8199996948242188,0,148.1999969482422,,,113.5985,0.60273880403372,0.0,0.6198839704363079,0.8520402916420533,0.46481480887274884,0.17642378266784497,1.3121028536386747,1.6259518810551876
2018-08-27,-5.264954791135967,0.996,3.843008397225267,,18.0,0.0,12.15999984741211,10.229999542236328,-1.9300003051757812,0,144.85000610351562,,,113.2721,0.4074016620498666,3.000000000000025,0.7670409427647185,0.8754672658546347,0.26557044467638846,1.8856684528427259,0.21827928290798493,0.2238208623549287
2018-08-28,-5.264954791135967,1.415,3.843008397225267,,21.0,0.0,12.5,10.199999809265137,-2.3000001907348633,0,140.8800048828125,,,113.3444,0.6571679259425034,2.9999999999999805,0.026927832649970007,0.06065919350428661,0.16614048963823347,-0.10492897540964607,-0.49368949284966934,-0.13233875814205875
2018-08-29,-5.2431968663809725,0.84,3.843008397225267,,22.0,-2.0000000000000018,12.25,9.770000457763672,-2.479999542236328,0,140.75999450683594,,,113.6461,0.8127391224511005,1.000000000000023,0.5701434129840033,0.1523222856013806,0.2566045976182929,-0.3126743952029276,1.4300355674742304,-0.24018753978987117
2018-08-30,-5.2431968663809725,0.985,3.843008397225267,,22.0,-2.0000000000000018,13.529999732971191,11.489999771118164,-2.0399999618530273,0,141.82000732421875,,,114.0899,1.0629826051754776,-3.000000000000025,-0.4430329054144866,0.09313327786653058,-0.07275486326769887,-1.1395630374665289,1.0645919163104534,-0.5645536594541256
2018-08-31,-5.2431968663809725,0.39,3.843008397225267,,24.0,2.0000000000000018,12.859999656677246,11.010000228881836,-1.8499994277954102,0,146.91000366210938,,,114.2755,0.9787227650243535,0.0,0.013447750859452157,-0.01901925872886956,0.6730571651014206,-0.4561088326130447,-0.640565050878561,0.21709090442110224
2018-09-04,-5.2431968663809725,0.595,3.6447646074365014,,24.0,0.0,13.15999984741211,11.970000267028809,-1.1899995803833008,0,142.17999267578125,,,114.8584,1.6338087990655836,4.0000000000000036,-0.16543221469484948,-0.04615445882950597,0.37667222775155107,1.0969904683417964,0.10028609135204203,-0.6331831498024298
2018-09-05,-5.500829240273997,0.01,3.6447646074365014,,24.0,0.0,13.90999984741211,12.649999618530273,-1.260000228881836,0,142.22000122070312,,,114.7477,1.3412641637742917,0.0,-0.2803126684318036,-0.5113927915370464,-1.034233477055646,-1.6812149709897861,-1.645915959170563,0.18446158566753912
2018-09-06,-5.500829240273997,0.815,3.6447646074365014,,24.0,-1.0000000000000009,14.649999618530273,13.460000038146973,-1.1899995803833008,0,140.55999755859375,,,114.6479,1.4799616555389417,-2.0000000000000018,-0.36523050860121087,-0.41136939908150705,-0.18151525126529622,-0.4712392312550606,-1.382428056986873,0.2510670297685369
2018-09-07,-5.500829240273997,0.015,3.6447646074365014,,23.0,-1.0000000000000009,14.880000114440918,13.489999771118164,-1.390000343322754,0,145.8699951171875,,,114.5816,1.273188964929628,6.000000000000005,-0.2213344827027508,-0.8043373943932619,-0.26359515012245316,0.39783160910913384,-0.029506631336762013,-0.3589655848139972
2018-09-10,-5.500829240273997,0.015,3.6447646074365014,,21.0,-1.0000000000000009,14.15999984741211,12.569999694824219,-1.5900001525878906,0,144.8800048828125,,,114.6802,1.1462278379193558,0.0,0.18978268127400888,0.29600178264745924,0.3103039885496095,-1.2143694451659526,-0.3099617482991257,-0.05026605212881119
2018-09-11,-5.500829240273997,1.241,3.6447646074365014,,22.0,-1.0000000000000009,13.220000267028809,11.0,-2.2200002670288086,0,147.8800048828125,,,114.7051,0.353979203940491,4.0000000000000036,0.3739841510076891,1.3033497447669573,-0.2385658484517994,-0.17550420418994683,2.531831598005696,0.20117555859702207
2018-09-12,-5.823123859639545,1.315,3.6447646074365014,,23.0,-1.0000000000000009,13.140000343322754,10.670000076293945,-2.4700002670288086,0,148.75,,,114.2192,-0.5501040478533059,-0.9999999999999787,0.03566719422101183,-0.2650822913292439,-0.012264773250858507,-0.32610106751054246,1.617332486039036,0.7779761224591786
2018-09-13,-5.823123859639545,1.791,3.6447646074365014,,21.0,-1.0000000000000009,12.369999885559082,10.029999732971191,-2.3400001525878906,0,150.63999938964844,,,113.9268,-0.6377226185700136,0.0,0.5282254329749936,0.9587024217267537,0.14499232154543407,1.147082470427896,-2.5294960057080096,-0.2241181440447937
2018-09-14,-5.823123859639545,1.315,3.6447646074365014,,21.0,0.0,12.069999694824219,9.930000305175781,-2.1399993896484375,0,151.58999633789062,,,114.0657,-0.9438779497814243,2.0000000000000018,0.027548183892078804,1.197781748084381,1.400559865140294,-0.18368402748654145,0.5831776457727145,-0.5823627287853572
2018-09-17,-5.823123859639545,0.715,3.6447646074365014,,21.0,5.000000000000004,13.680000305175781,13.5,-0.18000030517578125,0,150.9499969482422,,,113.9158,-0.6331035156522558,0.0,-0.5569722252617426,1.197781748084381,-0.6573920083845608,-1.1132728393364544,-0.11595043359490242,0.3933013532949836
2018-09-18,-5.823123859639545,10.115,3.6447646074365014,,24.0,-1.0000000000000009,12.789999961853027,11.739999771118164,-1.0500001907348633,0,151.3699951171875,,,113.7739,-0.663558998689473,5.999999999999961,0.5369014643958003,1.4110144969698757,0.25922469628052447,1.8161658992013052,1.3640904978337476,-0.24171896822345884
2018-09-19,-5.618767068229857,8.915,3.6447646074365014,,27.0,-3.0000000000000027,11.75,11.449999809265137,-0.3000001907348633,0,145.19000244140625,,,113.6532,-0.6097049070226235,3.000000000000025,0.12532727238796504,1.0758952562003987,-0.022521612818160452,1.1444710843978134,1.8181879745229557,0.45119503036763486
2018-09-20,-5.618767068229857,17.868,3.6447646074365014,,26.0,-3.0000000000000027,11.800000190734863,11.039999961853027,-0.7600002288818359,0,144.83999633789062,,,113.4989,-0.3174940541224136,-1.000000000000023,0.7840591898404803,0.010181240939810543,0.6493502373022375,-0.0588168927050825,-0.44994331055421277,0.3327233540561192
2018-09-21,-5.618767068229857,17.465,3.6447646074365014,,26.0,-3.0000000000000027,11.680000305175781,10.630000114440918,-1.0500001907348633,0,141.5500030517578,,,113.5099,-0.13469642715746577,0.0,-0.03685330120276609,0.8236560892637357,0.676578838945785,2.500370561436571,-0.02825462090207953,-0.8290499423652453
2018-09-24,-5.618767068229857,9.34,3.6447646074365014,,25.0,0.0,12.199999809265137,11.630000114440918,-0.5699996948242188,0,138.83999633789062,,,113.5301,-0.49354387465685434,1.000000000000023,-0.35156877607932513,0.8236560892637357,0.676578838945785,2.500370561436571,1.8366813706954588,0.2591621620794182
2018-09-25,-5.618767068229857,3.44,3.6447646074365014,,27.0,-2.0000000000000018,12.420000076293945,11.760000228881836,-0.6599998474121094,0,137.67999267578125,,,113.7202,0.10713169628120411,2.0000000000000018,-0.13050961134796202,0.2946388156385371,0.676578838945785,-0.5843173700150417,0.2774652374606612,0.05836330721065153
2018-09-26,-5.897037499037738,5.625,3.6447646074365014,,23.0,-3.0000000000000027,12.890000343322754,12.699999809265137,-0.1900005340576172,0,140.97999572753906,,,113.6739,0.35472106546978743,-4.0000000000000036,-0.3289278113945082,0.3906778697919444,0.676578838945785,0.9231495815536839,-0.9822898401542601,-0.5000000000000004
2018-09-27,-5.897037499037738,30.056,3.6447646074365014,,23.0,-4.0000000000000036,12.40999984741211,12.09000015258789,-0.31999969482421875,0,142.10000610351562,,,113.9784,0.5593571451258272,0.0,0.27632870875580196,-0.9863148399470112,0.6951187946445447,-0.5357708547126472,0.7684826800377742,-0.9798954080297295
2018-09-28,-5.897037499037738,48.43,3.6447646074365014,,24.0,4.999999999999982,12.119999885559082,11.170000076293945,-0.9499998092651367,0,144.42999267578125,,,113.8077,0.14219581666241599,-1.000000000000023,-0.0006870120538793323,1.3585845159497456,-0.5247391618497854,1.0593689085631963,1.5668291879973983,0.7781401329547188
2018-10-01,-5.897037499037738,4.185,3.3047132558055248,,27.0,2.0000000000000018,12.0,11.1899995803833,-0.8100004196166992,0,141.52000427246094,,,113.8235,-0.23350007318789778,4.0000000000000036,0.3641105118425747,0.5212292683242747,-0.17883313023622227,1.0593689085631963,2.7986389785089605,-0.3692844661403738
2018-10-02,-5.897037499037738,3.295,3.3047132558055248,,23.0,0.0,12.050000190734863,11.130000114440918,-0.9200000762939453,0,137.97999572753906,,,113.8954,-0.3326172276647221,-4.0000000000000036,-0.03966902079042267,0.1025308146261672,-1.2531560371488615,1.0593689085631963,-0.09296107833635103,1.288859333062753
2018-10-03,-6.40562709088961,2.954,3.3047132558055248,,30.0,0.0,11.609999656677246,10.8100004196167,-0.7999992370605469,0,136.3300018310547,,,114.1569,-0.610752021619676,10.000000000000009,0.07115197468861023,-0.6578250113848938,-1.2531560371488615,1.0593689085631963,1.5685235311996282,-0.34098265990434307
2018-10-04,-6.40562709088961,3.265,3.3047132558055248,,32.0,-2.0000000000000018,14.220000267028809,15.420000076293945,1.1999998092651367,1,136.3300018310547,,,114.6867,-0.05316010691280848,4.0000000000000036,-0.8169482334351885,-0.5613289210074646,-1.5189007948098077,1.0593689085631963,-2.72215905165063,-0.09180485783387704
2018-10-05,-6.40562709088961,1.565,3.3047132558055248,,35.0,-4.0000000000000036,14.819999694824219,14.859999656677246,0.039999961853027344,1,130.27999877929688,,,114.561,-0.07579728891675686,4.0000000000000036,-0.5527978766503461,-0.8003899143311011,-0.306441036586258,1.0593689085631963,0.013446127525540419,0.3341129437972823
2018-10-08,-6.40562709088961,1.565,3.3047132558055248,,35.0,-4.0000000000000036,15.6899995803833,14.920000076293945,-0.7699995040893555,0,129.63999938964844,,,114.561,-0.07579728891675686,4.0000000000000036,-0.03951166292067709,-0.8003899143311011,-0.6037407073953838,-3.7159545700378604,-0.0672523874443609,-1.398595358035326
2018-10-09,-6.40562709088961,2.39,3.3047132558055248,,33.0,-5.000000000000027,15.949999809265137,14.399999618530273,-1.5500001907348633,0,128.97999572753906,,,114.6583,0.06693919442564145,-2.0000000000000018,-0.14179036575431292,-1.3216186064769042,-0.6037407073953838,0.1657615716972316,0.9018685700477258,0.23640043060599858
2018-10-10,-6.335113462191789,2.39,3.3047132558055248,,34.0,-5.000000000000027,22.959999084472656,25.979999542236328,3.020000457763672,1,127.6500015258789,,,114.6072,-0.06365527789452541,1.000000000000023,-3.28642290012785,0.1561541928615906,-1.1189827905795813,0.17728598565005527,-2.3879414853116288,0.17689502549060876
2018-10-11,-6.335113462191789,2.016,3.3047132558055248,,28.999999999999996,-3.000000000000025,24.979999542236328,29.579999923706055,4.600000381469727,1,130.85000610351562,,,114.4074,-0.25953510349584485,-8.000000000000007,-2.057300761734404,-3.8933811224708514,-4.439546658133575,-5.2233097848030425,-3.0066926380980963,2.8756369097582946
2018-10-12,-6.335113462191789,0.96,3.3047132558055248,,30.0,-2.0000000000000018,21.309999465942383,22.84000015258789,1.5300006866455078,1,125.51000213623047,,,114.3691,0.13123888102875014,0.9999999999999787,1.4206197825152422,0.45948133059900975,1.5110405350007516,0.9078946920782371,0.5213401589734934,-0.4413587588118051
2018-10-15,-6.335113462191789,0.366,3.3047132558055248,,31.0,0.9999999999999787,21.299999237060547,23.90999984741211,2.6100006103515625,1,128.32000732421875,,,114.045,0.10375082947997605,1.000000000000023,-0.5904978964482943,-1.8654580949228672,-0.7738732896831135,-1.4889328591833784,0.6167682422105081,0.681393070723324
2018-10-16,-6.335113462191789,0.466,3.3047132558055248,,28.999999999999996,-2.0000000000000018,17.6200008392334,17.850000381469727,0.22999954223632812,1,132.14999389648438,,,113.8963,-0.14851090205031392,0.0,2.149560016316343,1.247971350461019,0.0,-0.8476243161257169,0.19503955423416652,0.07338750783967285
2018-10-17,-6.5837860645950546,0.174,3.3047132558055248,,30.0,-2.0000000000000018,17.399999618530273,17.75,0.35000038146972656,1,130.64999389648438,,,114.1755,0.2279753993739142,2.9999999999999805,-0.025266233815879335,1.29440683240869,1.0437593866529316,0.6002338690563436,-3.0172389101676966,-0.29333476028844396
2018-10-18,-6.5837860645950546,10.29,3.3047132558055248,,30.0,-1.000000000000023,20.059999465942383,22.309999465942383,2.25,1,125.95999908447266,,,114.8164,0.9162909946833109,-2.0000000000000018,-1.4391922356395415,-0.8010070927286117,-0.8858068052913448,-2.9354566284398476,-1.5770587442596296,0.228818251193319
2018-10-19,-6.5837860645950546,3.916,3.3047132558055248,,28.000000000000004,-1.000000000000023,19.889999389648438,21.1299991607666,1.239999771118164,1,124.94000244140625,,,114.8567,1.0589231099520369,3.000000000000025,-0.03611698977235012,-0.5564444652855993,0.37005604196067576,2.57583874587457,0.6846339552169622,-0.0978353992560077
2018-10-22,-6.5837860645950546,3.189,3.3047132558055248,,28.000000000000004,-2.0000000000000018,19.639999389648438,20.670000076293945,1.0300006866455078,1,125.68000030517578,,,115.1782,1.479573810847512,0.0,-0.42995275485813167,0.3672108127084517,0.25275018537618266,4.093797996593174,0.07233133735047304,-0.33461988842417023
2018-10-23,-6.5837860645950546,4.466,3.3047132558055248,,28.000000000000004,-3.000000000000025,20.709999084472656,23.43000030517578,2.720001220703125,1,126.54000091552734,,,115.1651,1.458198800280841,-3.000000000000025,-0.5511829997012829,-2.6709963080764565,-2.572494196082298,-2.2618777433768167,-3.9612518957672704,0.9990233974772167
2018-10-24,-6.456835810403538,6.444,3.3047132558055248,,26.0,-2.0000000000000018,25.229999542236328,31.90999984741211,6.680000305175781,1,128.91000366210938,,,115.3755,1.6254720113872967,-6.999999999999984,-3.0864433977743855,0.36527734679714374,-0.40454010427763976,0.3263800492397495,0.5870832272419024,-0.45402752351961784
2018-10-25,-6.456835810403538,1.944,3.3047132558055248,,28.000000000000004,-1.000000000000023,24.219999313354492,29.6200008392334,5.400001525878906,1,125.26000213623047,,,115.4831,1.5502083183110749,4.0000000000000036,1.8625040052811848,-3.722975551257557,-1.634265583200878,0.01940337027819261,0.7632477380420832,0.10587446702361447
2018-10-26,-6.456835810403538,2.004,3.3047132558055248,,27.0,-1.000000000000023,24.15999984741211,29.889999389648438,5.729999542236328,1,121.69999694824219,,,115.473,1.5826852074222852,-6.000000000000005,-1.7327264039978307,-0.3955612653919971,-1.752048832383557,-0.19022678036392238,0.38614956151095114,0.27662716472203197
2018-10-29,-6.456835810403538,1.748,3.3047132558055248,,27.0,-2.0000000000000018,24.700000762939453,31.030000686645508,6.329999923706055,1,120.83000183105469,,,115.8936,1.6803183761133766,0.0,-0.6559599573700448,-0.164264743099507,-1.5341723706377763,-2.183425886461632,-0.8137231131272515,-0.6490872210953347
2018-10-30,-6.456835810403538,0.715,3.3047132558055248,,28.000000000000004,-2.0000000000000018,23.350000381469727,28.8700008392334,5.520000457763672,1,118.11000061035156,,,116.2357,2.1334233096706123,4.0000000000000036,1.5666780052058682,1.4538589957906245,0.9338389380100232,1.0206143527740963,-1.28281712202718,-0.1551673674203724
2018-10-31,-7.095242765357379,4.815,3.3047132558055248,,28.000000000000004,2.0000000000000018,21.229999542236328,25.15999984741211,3.9300003051757812,1,117.63999938964844,,,116.5281,2.3761349809134247,2.9999999999999805,1.0851331974038647,2.1585759209883815,0.7445314383974111,1.3525783780828915,-1.3146006989576686,-0.8424609000074801
2018-11-01,-7.095242765357379,4.64,3.1720472810507383,,30.0,2.0000000000000018,19.34000015258789,21.540000915527344,2.200000762939453,1,118.27999877929688,,,115.8657,1.7299206113679855,-0.9999999999999787,1.0557843693063784,-1.06206957754581,-0.2576738624977648,0.1327080135735903,-2.480476178905633,1.954957536691082
2018-11-02,-7.095242765357379,1.51,3.1720472810507383,,31.0,4.999999999999982,19.510000228881836,21.170000076293945,1.6599998474121094,1,115.7300033569336,,,115.643,1.3018047967315205,8.000000000000007,-0.6316686379398861,2.563716011695516,3.533783845711169,2.695035487567532,-0.8635566791014182,-0.412619383975521
2018-11-05,-7.095242765357379,1.465,3.1720472810507383,,28.999999999999996,4.0000000000000036,19.959999084472656,21.6299991607666,1.6700000762939453,1,118.88999938964844,,,115.703,0.8861533203065486,-2.0000000000000018,0.5600317169601965,-1.549519815776157,-0.9103090708492356,-0.4126756865872272,-0.06335273347167769,-0.08936351971079448
2018-11-06,-7.095242765357379,2.54,3.1720472810507383,,28.999999999999996,2.0000000000000018,19.90999984741211,21.6200008392334,1.710000991821289,1,119.93000030517578,,,115.5622,0.873944885257627,2.0000000000000018,0.6259295774170726,1.1359417167761565,0.6114918143321768,-0.22791628750078452,-1.4104586547865727,-0.4878841894434327
2018-11-07,-7.101318993251615,1.875,3.1720472810507383,,26.0,-2.0000000000000018,16.360000610351562,15.539999961853027,-0.8200006484985352,0,120.55999755859375,,,115.2519,0.5177121935350693,0.0,2.1208856064105275,-0.27970885868767725,-0.5230699920692472,-0.677378895743419,-0.8680291327349154,0.19610248798798136
2018-11-08,-7.101318993251615,1.166,3.1720472810507383,,26.0,0.9999999999999787,16.719999313354492,15.5600004196167,-1.159998893737793,0,121.8499984741211,,,115.6478,0.9079708779204054,2.0000000000000018,-0.25089163835961825,1.8161856325605186,0.6706118660881,-0.21617650606524652,-1.621534019281945,-0.26911816092136664
2018-11-09,-7.101318993251615,0.401,3.1720472810507383,,25.0,0.0,17.360000610351562,15.630000114440918,-1.7300004959106445,0,120.05999755859375,,,116.4778,1.8096731505129915,-5.000000000000027,-0.9199013706103321,-1.0524781637380687,-0.3125156041968391,-1.3947322178797905,-0.7911645899505215,-1.3492517516226044
2018-11-12,-7.101318993251615,0.401,3.1720472810507383,,25.0,0.0,20.450000762939453,20.690000534057617,0.23999977111816406,1,120.05999755859375,,,116.4778,1.8096731505129915,-5.000000000000027,-1.970148934024063,0.0882275901394447,-0.2708486329125015,1.217757102408834,-0.431962664006158,-0.4227433258230051
2018-11-13,-7.101318993251615,1.065,3.1720472810507383,,25.0,0.0,20.020000457763672,19.3799991607666,-0.6400012969970703,0,122.05999755859375,,,116.6694,2.0112950088791326,-4.999999999999982,-0.14819196931705747,-2.0627022256009098,-0.44269294941888804,0.9260474393040674,-7.074923505549546,-0.17481874393484587
2018-11-14,-6.798052015055678,0.66,3.1720472810507383,,26.0,0.0,21.25,21.389999389648438,0.1399993896484375,1,120.68000030517578,,,116.498,2.150905344381604,-2.0000000000000018,-0.7567410690302756,0.16487886704612542,-0.15352866029417767,-0.8526548804401735,1.0055690197529277,0.7254897928978155
2018-11-15,-6.798052015055678,0.494,3.1720472810507383,,25.0,7.999999999999963,19.979999542236328,19.5,-0.4799995422363281,0,120.76000213623047,,,116.3861,2.1860236021714607,-1.000000000000023,1.0593753366266334,-0.1961932869979255,0.9675786027018018,1.3648817015031067,0.37333170572917407,0.4056647334235608
2018-11-16,-6.798052015055678,18.565,3.1720472810507383,,27.0,5.999999999999961,18.139999389648438,16.350000381469727,-1.789999008178711,0,118.70999908447266,,,115.9258,1.5329908780780332,-2.9999999999999805,0.22233054237545957,-0.5654074953332144,0.20784094461931968,0.41002581796540927,0.0,0.6596305803030056
2018-11-19,-6.798052015055678,16.295,3.1720472810507383,,27.0,4.0000000000000036,20.100000381469727,20.43000030517578,0.3299999237060547,1,115.79000091552734,,,115.9859,1.0185827111806267,-2.0000000000000018,-1.664310858849427,0.6495300051331698,0.38999028057971064,0.9108194322118512,0.5313482853793516,0.18839504143370878
2018-11-20,-6.798052015055678,15.235,3.1720472810507383,,27.0,0.0,22.479999542236328,23.6299991607666,1.1499996185302734,1,119.55000305175781,,,116.2367,1.2014971699517707,0.0,-1.815124083246611,-1.0908724097184241,-0.855961265910532,-2.1326697722553245,-5.866804289693062,-0.33521181160790503
2018-11-21,-7.738638367955886,16.205,3.1720472810507383,,25.0,-2.0000000000000018,20.799999237060547,19.860000610351562,-0.9399986267089844,0,119.30999755859375,,,116.092,0.7933793026805303,0.0,0.3043290746176375,-0.35018144334263424,-0.2895460952600626,0.21353786906148642,2.2459306683238145,0.5578382959905648
2018-11-23,-7.738638367955886,13.105,3.1720472810507383,,24.0,2.9999999999999805,21.520000457763672,21.420000076293945,-0.10000038146972656,0,117.20999908447266,,,116.4713,1.1341977734574238,-1.000000000000023,-0.6554842390161242,0.6463394921475629,-0.6024286092552789,-2.4930189084265697,-7.706393587510085,-0.39158497609083076
2018-11-26,-7.738638367955886,0.615,3.1720472810507383,,23.0,0.0,18.899999618530273,20.040000915527344,1.1400012969970703,1,117.56999969482422,,,116.6208,1.0793452682761995,2.0000000000000018,1.55323683669224,0.7643213943041127,1.2413262488552235,-0.14238712526603026,2.399847169996905,-0.06552406454750637
2018-11-27,-7.738638367955886,0.44,3.1720472810507383,,23.0,-1.000000000000023,19.020000457763672,21.329999923706055,2.309999465942383,1,115.83000183105469,,,116.9001,1.2270193647382133,-0.9999999999999787,0.3261692144003847,0.6436841675453886,0.7873137171019895,-0.043912535858425805,-0.13557949520836,-0.73758403213805
2018-11-28,-7.692123988868538,1.464,3.1720472810507383,,25.0,-1.000000000000023,18.489999771118164,22.059999465942383,3.5699996948242188,1,115.95999908447266,,,116.8343,1.1788903033609577,0.0,2.2973979644221654,1.0232099297939445,0.4191657293727946,1.050931240004993,-2.4631505506932605,0.842146107446462
2018-11-29,-7.692123988868538,1.814,3.1720472810507383,,22.0,4.0000000000000036,18.790000915527344,22.1299991607666,3.339998245239258,1,115.48999786376953,,,116.1961,0.26101527608082264,-3.000000000000025,-0.21831080910337253,0.3858953093512252,0.2789142990218263,-1.31811726221448,2.306621249342533,0.22105380038535127
2018-11-30,-7.692123988868538,2.49,3.1720472810507383,,21.0,7.999999999999963,18.06999969482422,21.459999084472656,3.3899993896484375,1,114.70999908447266,,,116.413,0.1525348924641845,-2.0000000000000018,0.8170747552017188,0.39735223672059394,-0.8154765355475657,0.807997377771752,-1.0106908650198476,-0.3186034222568912
2018-12-03,-7.692123988868538,2.21,3.6342557588588287,,15.0,2.9999999999999805,16.440000534057617,17.209999084472656,0.7699985504150391,1,118.45999908447266,,,115.9057,-0.5341200963544401,-2.9999999999999805,1.0941426132194287,1.000843867255674,1.6724923181389073,2.573619370906255,3.9662290313365434,1.1227728069510334
2018-12-04,-7.692123988868538,2.21,3.6342557588588287,,11.0,6.999999999999984,20.739999771118164,25.100000381469727,4.3600006103515625,1,117.76000213623047,,,116.0028,0.11832664887019284,-6.999999999999984,-3.236490314939877,-2.386333187896428,-0.824597174769548,0.4203676402901424,0.5665707889290994,0.5835117132195533
2018-12-06,-7.91283049382171,3.36,3.6342557588588287,,12.0,13.999999999999968,21.190000534057617,25.110000610351562,3.9200000762939453,1,116.68000030517578,,,116.3991,0.653822540058635,-4.0000000000000036,-0.15222281477752508,-1.9056738322348,-1.5523704868823707,-1.684049376792085,-3.3051611671985004,-0.24172105865876148
2018-12-07,-7.91283049382171,5.635,3.6342557588588287,,13.0,9.999999999999964,23.229999542236328,27.420000076293945,4.190000534057617,1,114.30000305175781,,,116.0847,0.32989637260918414,-2.0000000000000018,-2.3320118765389863,0.8234754123258803,0.3417654921534119,0.027139430040112877,2.175177501214076,0.7026955345888153
2018-12-10,-7.91283049382171,1.424,3.6342557588588287,,13.0,2.0000000000000018,22.639999389648438,25.530000686645508,2.8900012969970703,1,117.63999938964844,,,116.6746,0.9625984967402745,0.0,0.1762153994735005,-2.1181164818112275,-1.0584061066676753,-0.8176064626783663,-3.0602558290690807,-0.24864433227795857
2018-12-11,-7.91283049382171,0.352,3.6342557588588287,,11.0,-1.000000000000023,21.760000228881836,23.489999771118164,1.7299995422363281,1,116.80000305175781,,,116.7564,1.3054014727739816,4.0000000000000036,-0.035634616892232795,-0.33686217276561736,-0.03992951293839697,0.3677909720049666,1.2745127958409874,-0.14472355298531525
2018-12-12,-8.184020305763251,0.461,3.6342557588588287,,14.000000000000002,0.0,21.459999084472656,22.860000610351562,1.4000015258789062,1,116.77999877929688,,,116.2214,0.4959886828802551,2.0000000000000018,0.5419503676349802,2.150227202495514,1.4418183450638722,0.31090641053537205,-0.9680541824369171,0.20130444889712162
2018-12-13,-8.184020305763251,0.415,3.6342557588588287,,16.0,0.9999999999999787,20.649999618530273,20.56999969482422,-0.07999992370605469,0,117.02999877929688,,,116.3974,-0.06902602899436783,0.0,-0.019993032368359476,0.9880198267581575,0.6232674072270461,1.2257540259957844,2.795699437960497,-0.13661790492072168
2018-12-14,-8.184020305763251,0.315,3.6342557588588287,,16.0,0.9999999999999787,21.6299991607666,21.469999313354492,-0.15999984741210938,0,118.5999984741211,,,116.79,0.10336900678327154,-2.0000000000000018,-1.9086709555430348,-2.0230818766417413,-1.2488447140768577,-1.5302716222397428,-2.62457402065015,-0.4586747723374307
2018-12-17,-8.184020305763251,0.415,3.6342557588588287,,16.0,10.999999999999988,24.520000457763672,27.06999969482422,2.549999237060547,1,123.95999908447266,,,116.4532,-0.03845559580423208,-3.000000000000025,-2.0773480559224233,0.6177863438790121,0.08264336057044464,0.16320651719137214,-2.578124365536505,0.840745708493329
2018-12-18,-8.184020305763251,6.216,3.6342557588588287,,17.0,11.999999999999966,25.579999923706055,28.360000610351562,2.780000686645508,1,124.2300033569336,,,116.4127,0.02285496292082634,-4.0000000000000036,0.008640058610476231,-1.8200297996925574,-0.43358714916625907,-0.8208018154169494,-7.297512653774241,0.14429426988811223
2018-12-19,-8.166350756722363,5.982,3.6342557588588287,,14.000000000000002,9.999999999999964,25.579999923706055,26.649999618530273,1.0699996948242188,1,125.37999725341797,,,116.0676,0.12231962168904875,-4.999999999999982,-1.539571453679811,-0.6039620353506692,0.8113039361252294,-1.0512454190172105,2.0761225121661564,0.23215053853804513
2018-12-20,-8.166350756722363,9.521,3.6342557588588287,,12.0,1.000000000000023,28.3799991607666,30.420000076293945,2.0400009155273438,1,124.06999969482422,,,116.0183,0.02793442996087414,2.0000000000000018,-1.5772106327423652,-2.836583358265521,-0.9005007557902123,-0.5214588514231067,-2.7966094777283512,0.918457010161533
2018-12-21,-8.166350756722363,8.805,3.6342557588588287,,16.0,0.0,30.110000610351562,33.7400016784668,3.6300010681152344,1,122.16999816894531,,,116.2227,-0.012044388734366862,0.0,-2.0588228309714296,-1.1101617555634768,0.06649481432885462,-0.7892339973397666,-0.6320856773669115,-0.7755561053464088
2018-12-24,-8.166350756722363,7.96,3.6342557588588287,,19.0,1.000000000000023,36.06999969482422,42.400001525878906,6.3300018310546875,1,118.2699966430664,,,116.2182,0.10870688764084147,-4.999999999999982,-2.7112254452099527,-1.1101617555634768,-0.31433480150021564,0.42746544823279997,-6.712001235028109,1.0926743211311596
2018-12-26,-8.385498619815312,1.005,3.6342557588588287,,20.0,4.0000000000000036,30.40999984741211,34.709999084472656,4.299999237060547,1,116.47000122070312,,,116.1162,-0.3048819752162091,6.999999999999984,4.959374278953943,0.8943549578552146,-1.3138622134049593,-0.26050370287197255,8.676234534016736,0.13411843565089843
2018-12-27,-8.385498619815312,3.1,3.6342557588588287,,21.0,4.0000000000000036,29.959999084472656,33.880001068115234,3.920001983642578,1,115.18000030517578,,,115.9927,-0.538583168697182,-4.0000000000000036,0.8562680784222065,3.883459628688124,0.02119968040368292,-0.6087357270762483,-3.4833417737565986,0.6382050084993374
2018-12-28,-8.385498619815312,3.21,3.6342557588588287,,20.0,6.000000000000005,28.34000015258789,31.020000457763672,2.6800003051757812,1,117.26000213623047,,,115.7232,-1.0067570515337354,-4.999999999999982,-0.12415825080966947,-0.31303317855965185,0.6211718374818931,0.4353477433259423,1.6139906093972423,0.20355245334273686
2018-12-31,-8.385498619815312,41.848,3.6342557588588287,,21.0,60.00000000000001,25.420000076293945,27.350000381469727,1.9300003051757812,1,117.26000213623047,,,115.5674,-1.084356220733118,-3.000000000000025,0.849248413140935,-0.31303317855965185,0.6211718374818931,0.4353477433259423,0.17647918183540945,-0.12500785650582102
2019-01-02,-8.67156736768625,19.481,4.012256876510545,,16.0,75.0,23.219999313354492,23.020000457763672,-0.1999988555908203,0,116.05999755859375,,,115.7689,-0.3676543360749629,-2.9999999999999805,0.12684969251244294,-0.31303317855965185,-1.5207952057989749,-1.1469997350953998,2.4884410304168547,0.21121419609975156
2019-01-03,-8.67156736768625,7.198,4.012256876510545,,17.0,30.00000000000003,25.450000762939453,26.959999084472656,1.5099983215332031,1,112.22000122070312,,,115.4622,-0.816747270493845,-10.000000000000009,-2.475673039503723,-0.31303317855965185,-0.8109477028917955,-0.03764174329697889,1.1817774521724278,0.8430951466139813
2019-01-04,-8.67156736768625,2.86,4.012256876510545,,17.0,5.000000000000027,21.3799991607666,21.270000457763672,-0.10999870300292969,0,111.44000244140625,,,114.9821,-0.7968546844546842,10.999999999999988,3.4335714642623527,-2.2623722598604457,0.830117331266278,2.0494092003481956,1.8475237397869382,-0.7044509453692394
2019-01-07,-8.67156736768625,2.786,4.012256876510545,,17.0,1.000000000000023,21.399999618530273,21.68000030517578,0.2800006866455078,1,113.55999755859375,,,114.5628,-1.2413493467399062,3.000000000000025,0.7010434848680358,2.438455772143877,1.3356535548283865,0.7245387028840922,1.1676425854485029,0.31964588854191955
2019-01-08,-8.67156736768625,2.811,4.012256876510545,,15.0,2.0000000000000018,20.469999313354492,20.56999969482422,0.10000038146972656,1,115.30000305175781,,,114.7281,-1.4355781101400344,2.9999999999999805,0.9695285023358924,0.823736716922574,-0.58072535449738,-0.2616251136206671,2.596863787398407,-0.2797713335128127
2019-01-09,-8.760539101793906,2.537,4.012256876510545,,18.0,5.000000000000027,19.979999542236328,19.18000030517578,-0.7999992370605469,0,117.01000213623047,,,114.1406,-1.6747254375468867,1.000000000000023,0.4098045450532162,1.103846036354894,1.9473917564522214,0.7078300504387736,5.18280814447849,0.47538169329566227
2019-01-10,-8.760539101793906,2.216,4.012256876510545,,18.0,3.000000000000025,19.5,17.8799991607666,-1.6200008392333984,0,117.72000122070312,,,114.0496,-2.249847010403294,0.0,0.4518418782931244,-1.2887794845513167,-0.06925581159960004,-0.36338820858949905,0.4392657363545993,-0.3567903111794002
2019-01-11,-8.760539101793906,2.016,4.012256876510545,,16.0,1.000000000000023,18.190000534057617,16.100000381469727,-2.0900001525878906,0,119.08999633789062,,,114.0404,-2.326210811570062,-3.000000000000025,-0.014629784190933748,0.9715352756418882,0.5956554073122122,0.7389033997877048,-1.9015021812103794,0.1868159496599464
2019-01-14,-8.760539101793906,1.205,4.012256876510545,,18.0,0.0,19.06999969482422,17.56999969482422,-1.5,0,125.19999694824219,,,114.0404,-2.326210811570062,0.0,-0.5257525167898014,0.9715352756418882,-0.5323862102549759,-0.7074141445736926,-2.0934325021522815,0.15538808468158471
2019-01-15,-8.760539101793906,2.016,4.012256876510545,,19.0,6.000000000000005,18.600000381469727,16.84000015258789,-1.760000228881836,0,126.87000274658203,,,114.3402,-1.6186347781045551,1.000000000000023,1.0721688622945758,0.9606715779468589,1.581961511653951,1.3636941747325215,3.1676942031024558,-0.22496505073195117
2019-01-16,-8.765223933888166,1.316,4.012256876510545,,18.0,3.000000000000025,19.040000915527344,16.729999542236328,-2.3100013732910156,0,131.66000366210938,,,114.137,-1.9419677759125231,0.9999999999999787,0.22219854881162515,-0.5474944290874029,0.42534099630864297,0.0030014818391821407,0.38380495221050914,0.4198433073444363
2019-01-17,-8.765223933888166,2.065,4.012256876510545,,19.0,1.000000000000023,18.059999465942383,15.75,-2.309999465942383,0,133.02000427246094,,,114.4115,-2.036561349430599,2.0000000000000018,0.7591400382211066,-0.1980187046752513,0.04558002435726127,-0.4195869686028808,-0.45880648473723973,-0.046452121189100026
2019-01-18,-8.765223933888166,13.165,4.012256876510545,,17.0,2.0000000000000018,17.799999237060547,15.220000267028809,-2.5799989700317383,0,133.02000427246094,,,114.558,-1.6274348837129304,4.0000000000000036,1.318305304897005,1.2929972366355624,0.8172510618713824,1.4208710513356593,3.3224496876812726,-0.7513517561483329
2019-01-22,-8.765223933888166,10.465,4.012256876510545,,16.0,1.000000000000023,20.799999237060547,21.56999969482422,0.7700004577636719,1,122.81999969482422,,,114.7541,-1.4247586388770328,-4.999999999999982,-1.4157306164566674,-0.4653621594493451,-0.3219455591748632,-1.1800354355727682,-2.286244534719317,0.09365106736494155
2019-01-23,-8.877209170162814,11.415,4.012256876510545,,18.0,0.0,19.520000457763672,19.360000610351562,-0.15999984741210938,0,123.87999725341797,,,114.5759,-1.2851993148820129,1.9999999999999574,0.22029127742235755,-0.1415389627547503,0.4726674602675063,0.050385805360875224,0.09510982946698832,0.04678172210039744
2019-01-24,-8.877209170162814,15.06,4.012256876510545,,16.0,1.000000000000023,18.889999389648438,18.09000015258789,-0.7999992370605469,0,130.9199981689453,,,114.617,-1.2078266963056583,-3.999999999999959,0.1375725554363605,-0.09269740046101704,0.8107041029847606,0.4141871122700813,0.9692173063147624,-0.31174499852775206
2019-01-25,-8.877209170162814,1.515,4.012256876510545,,16.0,0.0,17.420000076293945,16.350000381469727,-1.0699996948242188,0,126.11000061035156,,,114.0197,-1.8954988999567268,3.999999999999959,0.8488694060713842,0.9668688048872331,1.5244519062790785,0.3869595808198456,1.0540138289773626,1.4306973010254298
2019-01-28,-8.877209170162814,1.265,4.012256876510545,,15.0,-0.9999999999999787,18.8700008392334,19.3799991607666,0.5099983215332031,1,123.05999755859375,,,114.0522,-1.8637356283267126,-0.9999999999999787,-0.7846827493937836,-0.5996109650723169,-0.019742192304872397,-0.18241180137448243,-3.166319597178191,0.38538614967715823
2019-01-29,-8.877209170162814,1.84,4.012256876510545,,16.0,0.0,19.1299991607666,19.850000381469727,0.720001220703125,1,121.9000015258789,,,114.026,-1.8000933547601572,-2.9999999999999805,-0.14562465775435074,0.07574519347184339,0.2783290523973303,-0.10485824395062293,2.5389491290802146,0.44532606335152547
2019-01-30,-8.588542108627639,0.99,4.012256876510545,,18.0,-0.9999999999999787,17.65999984741211,17.31999969482422,-0.3400001525878906,0,123.27999877929688,,,114.0731,-1.6549317327728352,-2.0000000000000018,1.554926091974429,-0.5231233606318719,1.0460868856383643,-0.7199749596840332,1.7257515386338795,0.12995515254869971
2019-01-31,-8.588542108627639,1.051,4.012256876510545,,18.0,18.000000000000014,16.56999969482422,15.510000228881836,-1.0599994659423828,0,126.52999877929688,,,113.5504,-1.8775837515727312,-7.000000000000028,0.8597395948725328,1.0553876370695603,-0.06118455015412527,0.34928474261342046,-0.8113565008723622,0.7481431082647871
2019-02-01,-8.588542108627639,0.665,3.991455074624728,,18.0,7.000000000000028,16.139999389648438,14.130000114440918,-2.0099992752075195,0,126.02999877929688,,,113.7548,-1.5684353892187586,7.000000000000028,0.08986100931438479,0.0717279111833724,-0.06304903540733653,1.3023398779208106,2.7328451031528367,-0.21216389038479777
2019-02-04,-8.588542108627639,4.515,3.991455074624728,,20.0,0.0,15.729999542236328,13.579999923706055,-2.1499996185302734,0,128.39999389648438,,,113.8766,-1.6345495206398275,2.9999999999999805,0.6776236617404008,0.458808514668263,-0.06304903540733653,1.3023398779208106,-1.266733567687095,-0.1974315086746503
2019-02-05,-8.588542108627639,1.686,3.991455074624728,,18.0,0.0,15.569999694824219,13.579999923706055,-1.989999771118164,0,123.41999816894531,,,114.0431,-1.229060246556879,-2.0000000000000018,0.470842037697472,-0.1882816818159272,-0.06304903540733653,1.3023398779208106,-1.6495628724809475,-0.007616042952995894
2019-02-06,-8.921460070644205,1.926,3.991455074624728,,18.0,-2.0000000000000018,15.380000114440918,12.729999542236328,-2.65000057220459,0,123.72000122070312,,,114.2305,-0.6536669620749613,-0.9999999999999787,-0.22244379802809355,0.14205857787004117,-0.06304903540733653,1.3023398779208106,0.6522520967505718,-0.3576283173412076
2019-02-07,-8.921460070644205,2.32,3.991455074624728,,17.0,-2.0000000000000018,16.3700008392334,14.890000343322754,-1.4800004959106445,0,124.44999694824219,,,114.4339,-0.11251470809023889,-5.000000000000027,-0.9357140143940179,-0.5882001239015389,-0.001817099616507889,1.3023398779208106,-2.5365654035552243,-0.007634638101372548
2019-02-08,-8.921460070644205,2.016,3.991455074624728,,18.0,-2.9999999999999805,15.720000267028809,13.609999656677246,-2.1100006103515625,0,127.72000122070312,,,114.5003,-0.198556412945039,-2.0000000000000018,0.06762010869560964,-2.014860717830369,-1.1967702018612747,1.3023398779208106,0.15197916410010226,0.3283890848968518
2019-02-11,-8.921460070644205,2.006,3.991455074624728,,17.0,0.0,15.970000267028809,14.670000076293945,-1.3000001907348633,0,129.19000244140625,,,115.031,0.7800905199376817,2.0000000000000018,0.07091030986317026,-2.014860717830369,0.1690329371438093,1.3621429806276897,-0.5880147308670369,-0.5100061978306702
2019-02-12,-8.921460070644205,1.658,3.991455074624728,,18.0,-0.9999999999999787,15.430000305175781,13.470000267028809,-1.9600000381469727,0,128.60000610351562,,,114.7297,0.5963194960789009,3.000000000000025,1.28902247439735,2.611698115273664,0.44663898426715587,0.6781745366619907,1.3165400280821693,0.16832067114576077
2019-02-13,-9.164477008647165,1.697,3.991455074624728,,18.0,-2.0000000000000018,15.649999618530273,13.489999771118164,-2.1599998474121094,0,127.12000274658203,,,114.9407,0.789457069599897,2.9999999999999805,0.3023994668760688,1.343302807326685,0.5026323078097583,1.8404199970065926,1.5065971275831647,0.1222195016748806
2019-02-14,-9.164477008647165,1.341,3.991455074624728,,16.0,-0.9999999999999787,16.219999313354492,14.109999656677246,-2.109999656677246,0,126.88999938964844,,,115.1007,0.6651204038474745,-4.999999999999982,-0.2651641555101225,-0.022556861858347155,1.106987908302992,-0.05028040477340623,0.9461935196575899,-0.07628928614200614
2019-02-15,-9.164477008647165,5.271,3.991455074624728,,14.000000000000002,3.000000000000025,14.90999984741211,12.180000305175781,-2.729999542236328,0,129.5500030517578,,,114.9923,0.7493626080937732,0.0,1.087875260858695,-1.130952446946154,-1.3370176993033556,-1.3720241966460933,2.168719552444376,0.6336789165062529
2019-02-19,-9.164477008647165,1.967,3.991455074624728,,15.0,0.0,14.880000114440918,13.380000114440918,-1.5,0,124.68000030517578,,,114.57,0.1385350248882311,-1.000000000000023,0.14987433214488366,0.09773953689080628,-0.23791369182529776,0.04680085156276714,0.8994423432767684,1.6690691455494733
2019-02-20,-9.7523381221581,2.275,3.991455074624728,,15.0,-0.9999999999999787,14.020000457763672,12.600000381469727,-1.4200000762939453,0,123.38999938964844,,,114.57,0.1385350248882311,0.0,0.17771107537685182,0.6048066385518913,1.0940243030419738,0.20223925913469554,1.4797611233722252,0.2387936199154339
2019-02-21,-9.7523381221581,1.725,3.991455074624728,,16.0,-0.9999999999999787,14.460000038146973,13.180000305175781,-1.2799997329711914,0,122.41999816894531,,,114.5091,-0.04268580107893438,4.0000000000000036,-0.3526436790880272,0.15276695188692901,-0.049337043064368036,-0.34108010882096806,0.07027567957507141,-1.4739855660243828
2019-02-22,-9.7523381221581,6.665,3.991455074624728,,17.0,0.0,13.510000228881836,11.489999771118164,-2.020000457763672,0,121.08000183105469,,,114.2716,-0.4204642797076441,-4.0000000000000036,0.6411102394986878,-0.18039641896956393,0.08256476821011383,1.9051177154308707,0.5266840622936808,0.4306725479316098
2019-02-25,-9.7523381221581,1.375,3.991455074624728,,16.0,-2.0000000000000018,14.850000381469727,14.0600004196167,-0.7899999618530273,0,127.66999816894531,,,114.1457,-0.37547163059595823,2.0000000000000018,0.12318625699112573,0.47943178131426567,0.0923586009302868,5.600721218933136,-3.108625273269505,-0.24826413474535736
2019-02-26,-9.7523381221581,1.815,3.991455074624728,,16.0,-2.0000000000000018,15.170000076293945,14.199999809265137,-0.9700002670288086,0,125.52999877929688,,,114.0687,-0.47837580812619684,-2.9999999999999805,-0.07904570968998437,-0.36621608944795714,-0.2669563541889297,-0.6675095212753446,0.036049852070463295,-0.060340056821295285
2019-02-27,-9.532728744769713,1.915,3.991455074624728,,19.0,-2.9999999999999805,14.699999809265137,13.140000343322754,-1.5599994659423828,0,126.44000244140625,,,114.0363,0.014558887630822248,4.999999999999982,-0.05440493877303387,0.4994041206007438,0.3678227363266062,0.41841896675505197,2.5945921201963706,-0.5584502717080109
2019-02-28,-9.532728744769713,3.415,3.991455074624728,,21.0,18.000000000000014,14.779999732971191,13.180000305175781,-1.5999994277954102,0,126.44000244140625,,,114.1991,0.12880067197300615,4.0000000000000036,-0.28255083152146643,-0.7948856806505922,-1.760796180779356,-0.43570209861868436,0.49175026474763683,-0.3718526618591955
2019-03-01,-9.532728744769713,2.015,3.8888294266652412,,21.0,-2.0000000000000018,13.569999694824219,11.329999923706055,-2.239999771118164,0,126.97000122070312,,,114.537,0.4481434058899003,2.9999999999999805,0.689532059343434,1.017197417674831,-1.760796180779356,1.803862944403467,-2.48165318655883,-1.2492400825778516
2019-03-04,-9.532728744769713,2.917,3.8888294266652412,,17.0,-2.0000000000000018,14.630000114440918,13.399999618530273,-1.2300004959106445,0,125.04000091552734,,,114.6925,0.5429851560096122,-3.999999999999959,-0.3880558492514008,1.0153810239736938,-0.21772535001860494,1.1212755568500876,1.4157722694065011,-0.8947836599417225
2019-03-05,-9.532728744769713,3.119,3.8888294266652412,,17.0,-2.0000000000000018,14.739999771118164,13.359999656677246,-1.380000114440918,0,126.4000015258789,,,114.804,1.104003156307698,0.0,-0.1131532823106185,-0.4388213463954349,-0.5217574657500834,0.88094050206311,-0.05301074256226501,-0.21793654434236753
2019-03-06,-9.71231981459918,2.115,3.8888294266652412,,17.0,-2.0000000000000018,15.739999771118164,14.989999771118164,-0.75,0,125.80000305175781,,,114.9714,1.0694933312704213,-3.000000000000025,-0.6524098653592381,-0.5959085227198679,-0.1665672207629587,1.566738043113003,-0.6011317969105368,0.22621095273498426
2019-03-07,-9.71231981459918,0.717,3.8888294266652412,,17.0,-2.0000000000000018,16.59000015258789,16.149999618530273,-0.4400005340576172,0,123.13999938964844,,,115.4919,1.4184652509822149,-4.999999999999982,-0.8125717558683521,-0.6519517358565374,-0.45091276674965597,0.13922339318181987,0.7826371703224977,-0.08560787337824616
2019-03-08,-9.71231981459918,0.015,3.8888294266652412,,17.0,-0.9999999999999787,16.049999237060547,14.630000114440918,-1.419999122619629,0,125.7300033569336,,,115.3599,1.1546511801240111,-2.0000000000000018,-0.21316888487414865,-2.0061941780042836,-1.3089956618565823,-4.395959788391723,-1.0412992484588601,1.028193696045121
2019-03-11,-9.71231981459918,0.019,3.8888294266652412,,17.0,-2.0000000000000018,14.329999923706055,13.399999618530273,-0.9300003051757812,0,132.92999267578125,,,115.2967,0.9333759372496697,2.0000000000000018,1.4666041867757107,0.4733728580177843,0.030885370728395145,1.9237208179734733,1.2841113333724286,-0.6322244542694699
2019-03-12,-9.71231981459918,0.027,3.8888294266652412,,16.0,-0.9999999999999787,13.770000457763672,12.729999542236328,-1.0400009155273438,0,132.92999267578125,,,114.939,0.44139018245468176,-3.000000000000025,0.29533182046204143,1.7921798779332088,0.8923732806190854,1.100563024924739,0.14086637624186604,0.5819366632410894
2019-03-13,-9.88594268817482,0.016,3.8888294266652412,,16.0,0.0,13.40999984741211,12.529999732971191,-0.880000114440918,0,132.92999267578125,,,114.7372,0.20689902122528192,0.0,0.6949583813841809,-0.992616728470197,-0.40655020949411647,-1.0899546446566433,2.444169888790193,0.8639937321609947
2019-03-14,-9.88594268817482,0.019,3.8888294266652412,,17.0,2.0000000000000018,13.5,12.520000457763672,-0.9799995422363281,0,130.57000732421875,,,114.79,-0.2095087411219554,2.0000000000000018,-0.08680223820187738,-0.01512760349129394,0.338390708880687,-1.1980990113959145,0.6007591810880619,-1.0783920142208414
2019-03-15,-9.88594268817482,0.015,3.8888294266652412,,16.0,6.000000000000005,12.880000114440918,11.220000267028809,-1.6599998474121094,0,128.75999450683594,,,114.5815,-0.12917317834875153,-4.0000000000000036,0.498490290027398,0.7696243144066806,0.9477369752986187,1.0387559157886583,-0.153557672156035,0.6494529345526967
2019-03-18,-9.88594268817482,3.169,3.8888294266652412,,15.0,1.000000000000023,13.100000381469727,12.529999732971191,-0.5700006484985352,0,127.0999984741211,,,114.4375,-0.43779096525425887,1.000000000000023,0.37059469012648005,0.6230540657307548,0.15531763769547346,2.4709842990582986,0.9740254449170926,-0.11522506865400128
2019-03-19,-9.88594268817482,2.515,3.8888294266652412,,15.0,2.0000000000000018,13.5600004196167,13.529999732971191,-0.030000686645507812,0,123.12999725341797,,,114.2324,-0.7543829012334413,0.9999999999999787,-0.01305615560248663,-0.0817734514350521,-0.08579406444871873,-0.17577959915880959,-0.10154234749716329,0.36145128011881855
2019-03-20,-9.962551309613554,0.617,3.8888294266652412,,14.000000000000002,7.000000000000028,13.90999984741211,13.489999771118164,-0.4200000762939453,0,120.58999633789062,,,114.1509,-0.7317011660780803,-6.999999999999984,-0.29443536044478913,0.1950693460657904,-0.02388017667294129,-0.010844638586027244,1.355248294598299,-0.34482758620689724
2019-03-21,-9.962551309613554,0.411,3.8888294266652412,,13.0,4.0000000000000036,13.630000114440918,13.109999656677246,-0.5200004577636719,0,120.66999816894531,,,114.1684,-0.35052806144714177,0.0,1.0852481049954399,0.1950693460657904,0.3573462315593634,0.34993353877450506,0.25070651277130374,0.4306017367118331
2019-03-22,-9.962551309613554,5.016,3.8888294266652412,,13.0,0.0,16.479999542236328,16.850000381469727,0.37000083923339844,1,117.55000305175781,,,114.6856,0.15413622148805484,-10.000000000000009,-1.8974501239482744,0.08524221451879921,0.09474517915879499,0.08685754229522669,-1.567186785400132,0.4211009955445988
2019-03-25,-9.962551309613554,0.129,3.8888294266652412,,17.0,0.0,16.329999923706055,16.40999984741211,0.07999992370605469,1,117.5999984741211,,,114.4171,0.12732822503578323,-0.9999999999999787,-0.0839020658475631,-3.0065207901096014,-1.9245910830033464,-1.9689106864127948,-0.3726307880955071,0.7853041338708122
2019-03-26,-9.962551309613554,0.566,3.8888294266652412,,17.0,0.0,14.680000305175781,13.949999809265137,-0.7300004959106445,0,117.80000305175781,,,114.6414,0.4342695344634162,-2.0000000000000018,0.7182725862306283,2.151303317976816,0.1836922320768819,-1.5095487054781809,1.9041124408290644,-0.5749281674539808
2019-03-27,-9.939920741278051,0.166,3.8888294266652412,,17.0,0.0,15.149999618530273,14.699999809265137,-0.4499998092651367,0,117.66000366210938,,,115.1243,0.9254072326589036,-2.0000000000000018,-0.46443248906916645,-0.23174935121847984,-0.14798639093289712,0.8549945947821769,-0.8842155346008185,-0.3347808149277376
2019-03-28,-9.939920741278051,0.515,3.8888294266652412,,16.0,3.000000000000025,14.430000305175781,13.699999809265137,-0.7300004959106445,0,119.25,,,115.2581,1.0714132254378672,0.0,0.3589481529391092,-1.6136164101477224,-0.8165480641659673,-0.9189357842595225,-0.18515504230615099,-1.5344663876106557
2019-03-29,-9.939920741278051,0.731,3.8888294266652412,,14.000000000000002,25.0,13.710000038146973,12.34000015258789,-1.369999885559082,0,120.95999908447266,,,115.1371,0.8213724976816827,2.0000000000000018,0.6734280017363758,0.8179744523429289,0.5906594446658531,3.1992240827169116,1.4165264138197742,0.24809668558956055
2019-04-01,-9.939920741278051,0.011,3.9843816798244447,,16.0,6.000000000000005,13.399999618530273,12.109999656677246,-1.2899999618530273,0,126.7699966430664,,,114.9362,0.34853366161151644,8.000000000000007,1.1568600124275408,1.4298852162700548,1.289788170503714,2.575517911300751,2.411042197630997,-0.355759906104991
2019-04-02,-9.939920741278051,0.019,3.9843816798244447,,18.0,6.000000000000005,13.359999656677246,11.859999656677246,-1.5,0,127.30999755859375,,,115.1173,0.37038167273362177,-1.000000000000023,0.001745570720723677,-0.017289250708030224,0.4104590838590161,0.20382265273011235,1.607406520561927,0.12418313843676199
2019-04-03,-10.273240215006297,0.016,3.9843816798244447,,19.0,7.000000000000028,13.739999771118164,12.289999961853027,-1.4499998092651367,0,127.30999755859375,,,114.7211,-0.07221002752516581,4.0000000000000036,0.2148376881724312,0.9667397742145534,1.1983432104743175,1.242496791681269,-0.19175893747335193,-0.0077500454215062575
2019-04-04,-10.273240215006297,0.615,3.9843816798244447,,18.0,6.000000000000005,13.579999923706055,11.579999923706055,-2.0,0,126.2300033569336,,,114.9697,-0.0014786285980727953,-1.000000000000023,0.20846350796801527,0.05406054997478815,0.14796233492608835,0.9413354117794981,-0.5763698617169188,-0.06977474199765243
2019-04-05,-10.273240215006297,0.015,3.9843816798244447,,15.0,6.000000000000005,12.819999694824219,10.119999885559082,-2.6999998092651367,0,128.75,,,114.9726,-0.44964192294004723,-0.9999999999999787,0.4636432770241061,0.3799814693180137,0.13958922308352495,0.9413354117794981,1.5781052834356935,0.10861322064099621
2019-04-08,-10.273240215006297,0.284,3.9843816798244447,,16.0,6.000000000000005,13.180000305175781,10.739999771118164,-2.440000534057617,0,129.1300048828125,,,114.6893,-0.5813111835221707,2.0000000000000018,0.10474599539205265,-0.21024697638427625,0.04480384258969128,-0.05424142283531053,2.0925803051806025,0.5192150530931139
2019-04-09,-10.273240215006297,0.41,3.9843816798244447,,16.0,5.000000000000027,14.279999732971191,11.779999732971191,-2.5,0,127.66000366210938,,,114.5321,-0.6631586159881464,-1.000000000000023,-0.6067494393846573,0.18812660064899678,0.13389852559213544,-0.15859159706809178,-0.6521769777812825,0.49341026401388266
2019-04-10,-10.194621692622007,2.731,3.9843816798244447,,17.0,5.000000000000027,13.300000190734863,10.140000343322754,-3.1599998474121094,0,127.61000061035156,,,114.4269,-0.44554067809881026,-2.9999999999999805,0.34778715639784963,-0.5275498556561287,0.48924961138190337,0.06994148457715177,0.984684389844892,0.42961070854909966
2019-04-11,-10.194621692622007,0.122,3.9843816798244447,,16.0,4.0000000000000036,13.020000457763672,10.520000457763672,-2.5,0,126.2300033569336,,,114.6303,-0.09316943415038637,2.9999999999999805,0.0038123067008344336,0.10978890918580397,0.0022500024969618337,-1.6029963223735066,-1.5941785630193217,-1.5659613766950464
2019-04-12,-10.194621692622007,0.016,3.9843816798244447,,16.0,4.0000000000000036,12.010000228881836,9.739999771118164,-2.270000457763672,0,124.22000122070312,,,114.3531,-0.3806080669047862,5.000000000000027,0.6609324208602496,0.7331624300223494,0.405046214011473,-0.04187941850060106,0.4875708550897473,0.15520720455473036
2019-04-15,-10.194621692622007,0.018,3.9843816798244447,,15.0,7.000000000000028,12.319999694824219,10.609999656677246,-1.7100000381469727,0,127.69000244140625,,,114.495,-0.07549211696478153,-1.000000000000023,-0.06293691084816588,1.365071679279195,0.42221369839414713,-0.33992281525552226,-0.7669398473165723,-0.29443102663064824
2019-04-16,-10.194621692622007,0.7,3.9843816798244447,,19.0,7.000000000000028,12.180000305175781,10.760000228881836,-1.4200000762939453,0,125.80999755859375,,,114.6756,0.20806116876024294,5.000000000000027,0.050935800389462216,0.2370450718659045,0.2563668274909947,2.385647257236667,1.0252389751340685,-1.1035182393037135
2019-04-17,-10.353078944062377,0.015,3.9843816798244447,,19.0,10.000000000000009,12.600000381469727,11.0,-1.6000003814697266,0,125.77999877929688,,,114.5141,0.2466025400849503,-1.000000000000023,-0.22738117853239315,0.25340387027368294,-0.12185154414775523,0.2925997564144911,-0.4527786360763453,-0.0314336336426746
2019-04-18,-10.353078944062377,0.015,3.9843816798244447,,19.0,10.000000000000009,12.09000015258789,9.930000305175781,-2.1599998474121094,0,123.5999984741211,,,114.7073,0.4874249786904983,-2.0000000000000018,0.15790922795098083,-0.8432166690732323,-1.4301624114797407,-0.3958481582488793,0.3764141856724912,-0.023575441701295663
2019-04-22,-10.353078944062377,1.117,3.9843816798244447,,21.0,6.000000000000005,12.420000076293945,11.630000114440918,-0.7899999618530273,0,124.23999786376953,,,114.7694,0.07306933041288932,2.0000000000000018,0.10120175614714011,0.07810543212811716,0.022561650702024316,-1.7046043627821805,2.656245231628418,0.1257941312387878
2019-04-23,-10.353078944062377,5.69,3.9843816798244447,,21.0,6.000000000000005,12.279999732971191,11.640000343322754,-0.6399993896484375,0,124.6500015258789,,,115.1578,0.6473682692534455,-2.0000000000000018,0.8841205788409079,0.18831592101140604,0.17414150145196317,-0.511625342779487,0.913251341530974,-0.3297959302610898
2019-04-24,-10.167495791109115,9.515,3.9843816798244447,,21.0,4.0000000000000036,13.140000343322754,12.539999961853027,-0.6000003814697266,0,123.80999755859375,,,115.4187,0.6780273095059908,-4.0000000000000036,-0.21917631747336852,-0.26837794936503956,-0.877275057670468,0.0944170950355705,-0.6184067017150796,0.4884543396653118
2019-04-25,-10.167495791109115,0.61,3.9843816798244447,,21.0,5.000000000000027,13.25,12.359999656677246,-0.8900003433227539,0,124.18000030517578,,,115.7709,0.5616537950719369,1.000000000000023,-0.03689736527457965,0.48459494650900936,-0.4784137043436387,-2.42965221932816,-1.0320235414702617,0.023524016317133523
2019-04-26,-10.167495791109115,0.915,3.9843816798244447,,23.0,6.000000000000005,12.729999542236328,11.8100004196167,-0.9199991226196289,0,126.29000091552734,,,115.4767,0.18966129061643855,-3.000000000000025,0.46852921407636305,-0.218982109237853,-0.5108395985505609,-1.1981141977482013,-2.928998426971152,0.7132760023246698
2019-04-29,-10.167495791109115,0.615,3.9843816798244447,,24.0,8.000000000000007,13.109999656677246,12.520000457763672,-0.5899991989135742,0,125.79000091552734,,,115.5227,0.3349050827231137,3.000000000000025,0.10715221743553549,-0.218982109237853,1.703285537571797,-1.1981141977482013,0.3159569752764879,-0.4903143208358163
2019-04-30,-10.167495791109115,0.015,3.9843816798244447,,24.0,35.999999999999986,13.119999885559082,12.4399995803833,-0.6800003051757812,0,126.47000122070312,,,115.3281,0.34097177390588485,-3.000000000000025,0.09514170090862972,-0.218982109237853,-0.5793029396826355,-1.1981141977482013,0.6456690510426855,0.3284900142644487
2019-05-01,-10.707625967917844,0.027,4.344617131502382,,21.0,14.000000000000012,14.800000190734863,14.949999809265137,0.14999961853027344,1,125.31999969482422,,,115.0022,-0.09998497185045307,1.000000000000023,-0.7502163081421376,-0.218982109237853,-0.5793029396826355,-1.1981141977482013,-0.485059261510179,-0.10913816345279326
2019-05-02,-10.707625967917844,0.023,4.344617131502382,,20.0,14.999999999999991,14.420000076293945,13.920000076293945,-0.5,0,124.58999633789062,,,115.5617,0.7327335599118134,2.9999999999999805,-0.21239857917741967,-0.218982109237853,0.41568130841174167,-1.1981141977482013,-2.814460917885764,-0.9130695348267603
2019-05-03,-10.707625967917844,0.01,4.344617131502382,,21.0,8.000000000000007,12.869999885559082,10.960000038146973,-1.9099998474121094,0,122.22000122070312,,,115.2646,0.2565023654058418,-0.9999999999999787,0.9638279380647763,-0.218982109237853,-0.7425118807196873,-1.1981141977482013,0.21031750611502087,0.7482082669399093
2019-05-06,-10.707625967917844,0.067,4.344617131502382,,20.0,6.999999999999984,15.4399995803833,15.449999809265137,0.010000228881835938,1,123.2300033569336,,,115.3811,0.35530204587876923,-3.000000000000025,-0.4470988428756373,-0.218982109237853,-0.7425118807196873,-5.829927328904139,0.5004865679111292,0.19543465411406835
2019-05-07,-10.707625967917844,0.961,4.344617131502382,,17.0,8.999999999999986,19.31999969482422,20.739999771118164,1.4200000762939453,1,116.87999725341797,,,115.6116,0.8041726647559866,-5.999999999999961,-1.6511651392423388,-1.5050713071679267,-0.8801120748962332,0.68560977152472,-1.365459396178459,0.1404422951314821
2019-05-08,-10.692264043447231,0.021,4.344617131502382,,19.0,8.000000000000007,19.399999618530273,21.329999923706055,1.9300003051757812,1,117.79000091552734,,,115.5171,0.8600209024369532,4.0000000000000036,-0.16054253132695706,-1.464764415326758,-0.4124952576278651,-1.1151630776562116,1.1726341825942788,-0.31943713174424904
2019-05-09,-10.692264043447231,0.516,4.344617131502382,,19.0,6.000000000000005,19.100000381469727,21.860000610351562,2.760000228881836,1,117.68000030517578,,,115.8421,1.236772122638996,-4.0000000000000036,-0.30214249424966866,-0.9279395934696066,-3.0442663872725872,-1.4791489862884255,-0.6761078173968538,0.32046080254024556
2019-05-10,-10.692264043447231,0.271,4.344617131502382,,21.0,4.999999999999982,16.040000915527344,16.56999969482422,0.529998779296875,1,118.54000091552734,,,115.5334,0.7878370727460338,2.0000000000000018,0.37202972597878414,-0.26731421219649,0.28686967563713583,3.0956947321294948,-0.06483130475318788,0.1714025065738145
2019-05-13,-10.692264043447231,0.111,4.344617131502382,,22.0,2.9999999999999805,20.549999237060547,22.760000228881836,2.210000991821289,1,119.36000061035156,,,115.915,1.3658571564741262,-7.000000000000028,-2.413055719884427,-0.7197994912248151,-1.3771099580150992,-1.207740704217486,-1.0055123798557553,1.1200143860110812
2019-05-14,-10.692264043447231,1.37,4.344617131502382,,22.0,4.0000000000000036,18.059999465942383,18.760000228881836,0.7000007629394531,1,119.94999694824219,,,115.9425,1.2642473470457105,2.0000000000000018,0.8015944543135589,-0.585376778754898,0.13612623853211936,-0.6922794159686441,1.2123162723958858,-0.4153545508397416
2019-05-15,-10.901397521076706,0.46,4.344617131502382,,21.0,12.99999999999999,16.440000534057617,16.309999465942383,-0.13000106811523438,0,120.87000274658203,,,115.8565,1.0297744245506335,-4.999999999999982,0.583897507464215,0.5759185019833302,0.5254938393147501,1.9096505363394023,0.38847795922460904,0.12358829972933805
2019-05-16,-10.901397521076706,1.75,4.344617131502382,,20.0,8.000000000000007,15.289999961853027,15.0600004196167,-0.22999954223632812,0,121.08999633789062,,,116.0346,1.3277840894702075,2.9999999999999805,0.8895287120600504,-0.5926786666191064,-1.1988879643052952,0.5796129793363303,1.3705231664742579,-0.8717155290042911
2019-05-17,-10.901397521076706,9.7,4.344617131502382,,19.0,6.999999999999984,15.960000038146973,16.260000228881836,0.3000001907348633,1,118.69000244140625,,,116.448,1.5175145784095623,-0.9999999999999787,-0.5837333350761975,0.8883328514575739,-0.5750326651992377,-2.483836904720993,-0.1749651856535639,-0.8171206225680905
2019-05-20,-10.901397521076706,8.105,4.344617131502382,,20.0,4.0000000000000036,16.309999465942383,16.81999969482422,0.5100002288818359,1,115.25,,,116.3119,1.4073516731373026,2.0000000000000018,-0.6749377915387988,0.24301367843482247,-0.004382132915914383,-0.4056113036516318,0.5417465928631682,0.12553751164672278
2019-05-21,-10.901397521076706,3.705,4.344617131502382,,17.0,2.9999999999999805,14.949999809265137,14.5,-0.4499998092651367,0,117.16999816894531,,,116.2844,1.3200382680400802,2.0000000000000018,0.8495835590448308,-0.13745948970181887,0.26949517041661153,1.2319359128994511,-0.1743213919401465,-0.3212895278095207
2019-05-22,-10.994533236222248,3.751,4.344617131502382,,16.0,2.0000000000000018,14.75,13.920000076293945,-0.8299999237060547,0,115.41999816894531,,,116.2412,0.940796020764556,-4.0000000000000036,-0.2824396230649451,0.051333637056583115,0.17514165782293034,-0.49084887156007895,-2.4924646256331062,0.1257842441774848
2019-05-23,-10.994533236222248,4.93,4.344617131502382,,19.0,2.0000000000000018,16.920000076293945,17.399999618530273,0.4799995422363281,1,114.70999908447266,,,116.2368,0.708810617343647,-8.000000000000007,-1.191414994527018,-0.621276240389057,-0.25522404700965007,-1.3552621891955274,-5.714748333072894,0.8794027525820924
2019-05-24,-10.994533236222248,5.956,4.344617131502382,,16.0,2.0000000000000018,15.850000381469727,15.359999656677246,-0.49000072479248047,0,114.12000274658203,,,116.0806,0.26751109302942666,0.9999999999999787,0.13535590072402126,-0.1603692324512629,-0.6933432715973242,0.016835130663972464,1.2433106934903515,-0.14010342152204203
2019-05-28,-10.994533236222248,1.52,4.344617131502382,,14.000000000000002,6.000000000000005,17.5,17.979999542236328,0.4799995422363281,1,112.58000183105469,,,116.3174,0.7280256536600138,-6.000000000000005,-0.8375676922946718,0.36615250167326696,0.22600991462644604,0.6061780102944336,0.8698589668123979,-0.5066250974279041
2019-05-29,-11.001107100858487,2.226,4.344617131502382,,16.0,4.999999999999982,17.899999618530273,18.34000015258789,0.4400005340576172,1,111.93000030517578,,,116.5535,0.8922921642239956,-0.9999999999999787,-0.6911912256811314,-1.2077600468599958,-1.2451072496594384,0.1644433947660895,-0.5579946225281573,0.32118884339502607
2019-05-30,-11.001107100858487,1.026,4.344617131502382,,16.0,4.999999999999982,17.299999237060547,17.1200008392334,-0.17999839782714844,0,112.68000030517578,,,116.3989,0.928481436874451,-2.9999999999999805,0.20984713906617714,-0.2896670688528835,0.7650842649702616,-0.3050442702847378,-3.774870207215053,0.5075745840949164
2019-05-31,-11.001107100858487,0.855,4.344617131502382,,19.0,14.000000000000012,18.709999084472656,19.0,0.29000091552734375,1,112.6500015258789,,,116.7273,1.5000582597550327,-8.000000000000007,-1.319537280847849,-1.6298883430519218,0.14419959465568066,-0.24464432011050974,-5.460328934893255,1.4528842822543409
2019-06-03,-11.001107100858487,1.255,4.709478391305577,,25.0,4.999999999999982,18.860000610351562,19.260000228881836,0.39999961853027344,1,112.31999969482422,,,116.4764,0.7915252198609002,-7.000000000000028,-0.27652403144732274,-0.9237747858346745,1.278816477453515,-0.2972022627024784,-0.4672897196261627,1.2942182349370057
2019-06-04,-11.001107100858487,1.891,4.709478391305577,,24.0,4.0000000000000036,16.969999313354492,16.649999618530273,-0.31999969482421875,0,112.73999786376953,,,116.091,0.7169590663568703,5.000000000000027,2.1432370568193138,-0.011473276881746042,-0.042562415627833694,-0.9619462175821547,0.43192402297902444,0.05292759265373981
2019-06-05,-10.917461163444731,2.255,4.709478391305577,,28.999999999999996,4.999999999999982,16.09000015258789,14.899999618530273,-1.1900005340576172,0,112.91000366210938,,,116.03,0.5623971343660328,0.0,0.8161854781411959,1.8010135157120688,0.10353980701625076,-0.030117966727627454,-3.3657428056613536,0.3702602632361218
2019-06-06,-10.917461163444731,2.21,4.709478391305577,,24.0,4.999999999999982,15.930000305175781,14.880000114440918,-1.0500001907348633,0,113.88999938964844,,,115.9771,0.3161447467209255,0.0,0.6135586748687638,-0.00991787156271462,0.10353980701625076,-1.1749375104945559,1.760835607659561,0.7001375002596122
2019-06-07,-10.917461163444731,1.91,4.709478391305577,,24.0,4.0000000000000036,16.299999237060547,15.020000457763672,-1.279998779296875,0,114.66999816894531,,,115.7368,0.19018829246926217,-3.000000000000025,1.049769746289475,0.5327412481849869,0.15562104170170343,-1.1749375104945559,2.6621059551565907,0.26913693567918173
2019-06-10,-10.917461163444731,2.105,4.709478391305577,,25.0,4.0000000000000036,15.9399995803833,15.25,-0.6899995803833008,0,114.37999725341797,,,115.5001,-0.2952294545765288,6.000000000000005,0.46600444669098184,1.1956544915669776,1.3105977853657746,0.8604499432384394,-1.3521084168159003,-1.2302416194977517
2019-06-11,-10.917461163444731,1.007,4.709478391305577,,22.0,2.9999999999999805,15.989999771118164,15.149999618530273,-0.8400001525878906,0,113.80999755859375,,,115.3794,-0.13329478748136392,0.0,-0.034988023558091275,0.3305478705270426,0.5868124361954941,2.5800431489487963,0.018779828287041056,0.12833647654955094
2019-06-12,-10.981764690377084,1.705,4.709478391305577,,25.0,2.0000000000000018,15.90999984741211,14.65999984741211,-1.25,0,114.66000366210938,,,115.438,-0.4115084329034291,-2.0000000000000018,-0.20375791387226005,-0.3516205040790421,-0.1449021696481423,-0.5583652439519526,-3.9985001873691584,0.41465620467171505
2019-06-13,-10.981764690377084,1.655,4.709478391305577,,27.0,0.0,15.819999694824219,14.59000015258789,-1.2299995422363281,0,113.33000183105469,,,115.6275,-0.2716863962740179,-2.9999999999999805,0.40973819126681743,-0.4624798618873771,-0.2655647969768804,0.046782614825091606,2.2291736473489143,0.5480836867634897
2019-06-14,-10.981764690377084,1.657,4.709478391305577,,25.0,0.0,15.279999732971191,13.5600004196167,-1.7199993133544922,0,113.33000183105469,,,115.9057,0.042466326878498606,-1.000000000000023,-0.1611511904139773,0.4036260222518129,-0.3680189522273003,-0.988299750176036,0.439937925796996,0.06720612655899405
2019-06-17,-10.981764690377084,2.269,4.709478391305577,,23.0,6.000000000000005,15.350000381469727,14.989999771118164,-0.3600006103515625,0,115.30000305175781,,,115.9684,-0.057051948298170174,0.0,0.09317492412306283,0.03366677001008789,-0.22334205892506898,0.19597501509160953,-1.1045477716566166,-0.10447163939767412
2019-06-18,-10.981764690377084,18.006,4.709478391305577,,20.0,4.0000000000000036,15.149999618530273,15.289999961853027,0.1400003433227539,1,116.20999908447266,,,115.8797,-0.48802899148117085,-2.9999999999999805,0.9717399870633026,-0.7161951453323212,0.38168393543391854,0.08781927170962156,3.7935705933488606,0.5901265931284261
2019-06-19,-10.933535006404227,22.357,4.709478391305577,,28.999999999999996,0.9999999999999787,14.329999923706055,13.869999885559082,-0.46000003814697266,0,115.93000030517578,,,115.7889,-0.44965304495928615,-3.000000000000025,0.2985163546397107,1.7220387207036447,1.2421949123322173,0.9565227895351747,-0.2597461973697368,-0.14852220676223604
2019-06-20,-10.933535006404227,27.43,4.709478391305577,,28.999999999999996,0.9999999999999787,14.75,14.770000457763672,0.020000457763671875,1,119.2300033569336,,,114.8046,-1.2725696654065421,-2.0000000000000018,0.9472185190685156,0.6046265378527593,0.30638511638210186,2.3756202347840816,5.3757501759224,3.59215005987763
2019-06-21,-10.933535006404227,21.355,4.709478391305577,,30.0,2.0000000000000018,15.399999618530273,14.829999923706055,-0.5699996948242188,0,118.45999908447266,,,114.8377,-1.2074032270830037,6.000000000000005,-0.12592227925193322,-0.951498336879919,-0.2660323921700569,0.49750560655170695,1.3768733597307126,0.23691052480243613
2019-06-24,-10.933535006404227,11.156,4.709478391305577,,30.0,4.0000000000000036,15.260000228881836,15.800000190734863,0.5399999618530273,1,117.08999633789062,,,114.6559,-1.3600684120691597,-4.999999999999982,-0.17318870104667816,0.12865173205307556,0.03340017963506803,0.20546335385744907,0.8183897234992132,1.2963829171500851
2019-06-25,-10.933535006404227,6.4,4.709478391305577,,28.999999999999996,6.000000000000005,16.280000686645508,17.010000228881836,0.7299995422363281,1,116.83000183105469,,,114.6363,-1.2442216873448264,-2.0000000000000018,-0.9496397343734198,-0.43305332044707434,-0.22057655089048334,-0.8667783317022892,-0.12089756991272571,0.04242208620686139
2019-06-26,-11.11775637203748,7.784,4.709478391305577,,28.000000000000004,8.000000000000007,16.209999084472656,16.799999237060547,0.5900001525878906,1,117.16000366210938,,,114.5608,-1.5101781848631424,4.999999999999982,-0.12339337557076835,-0.5059057354875218,0.009907669951925158,-0.1941614833098959,2.6802683520376513,-0.2332354775024914
2019-06-27,-11.11775637203748,16.794,4.709478391305577,,27.0,6.999999999999984,15.819999694824219,16.34000015258789,0.5200004577636719,1,117.5,,,114.665,-1.620285963098489,-4.0000000000000036,0.3823175554131808,1.1930809106128093,0.5876932926081269,0.6890818768390261,0.08420214914308666,-0.22668965905491278
2019-06-28,-11.11775637203748,44.307,4.709478391305577,,25.0,14.999999999999991,15.079999923706055,15.670000076293945,0.5900001525878906,1,117.5,,,114.5821,-1.5608394924694347,-0.9999999999999787,0.5757452627909831,-0.291730735240725,-0.17335502892587007,-0.597807030692965,-1.6153442361484416,0.09229812093713985
2019-07-01,-11.11775637203748,15.837,5.02964008468596,,25.0,6.999999999999984,14.0600004196167,12.510000228881836,-1.5500001907348633,0,118.12000274658203,,,114.7239,-1.7163080102084116,2.9999999999999805,0.7672301032188189,2.1341064589323056,-0.04130848789163366,2.2164435080191947,1.0603709918604043,-1.7095819267003098
2019-07-02,-11.11775637203748,8.16,5.02964008468596,,21.0,15.99999999999997,12.930000305175781,10.420000076293945,-2.510000228881836,0,122.13999938964844,,,114.8258,-1.4171111057690644,-4.999999999999982,0.2928125887423194,0.11182172519683675,-0.3624841876719187,-0.03152681426913384,-4.806228033938343,1.371247137325149
2019-07-03,-11.109375713908742,6.849,5.02964008468596,,19.0,20.999999999999996,12.569999694824219,9.90999984741211,-2.6599998474121094,0,120.81999969482422,,,114.8135,-1.1004298352154662,-2.0000000000000018,0.7672378673070135,-0.5337314352624412,-1.225247630121007,-0.9422047224769359,1.9377780490451357,0.9326481427904598
2019-07-05,-11.109375713908742,6.155,5.02964008468596,,17.0,23.99999999999998,13.279999732971191,10.569999694824219,-2.7100000381469727,0,126.66000366210938,,,115.1132,-0.7901404809101065,8.000000000000007,-0.180590159841032,0.20242710941142938,0.08820984379713792,0.19333035460415982,0.2964739597016486,-1.4812725346178723
2019-07-08,-11.109375713908742,6.5,5.02964008468596,,17.0,12.99999999999999,13.960000038146973,11.119999885559082,-2.8400001525878906,0,121.41999816894531,,,115.0254,-0.8205930308655685,0.9999999999999787,-0.48354444248415174,-0.97501856226615,-2.199392780339382,-2.5803560410200044,0.26082686533959176,0.02148269768844635
2019-07-09,-11.109375713908742,6.576,5.02964008468596,,15.0,10.000000000000009,14.09000015258789,11.079999923706055,-3.010000228881836,0,120.44000244140625,,,115.1017,-0.5487450836726193,2.0000000000000018,0.12365569653400854,0.14303093340970463,-0.5881246717856281,-0.17498879530721823,0.294835213479816,0.03579098067287845
2019-07-10,-11.09626419270503,6.252,5.02964008468596,,25.0,10.999999999999988,13.029999732971191,9.9399995803833,-3.0900001525878906,0,120.66000366210938,,,115.0879,-0.356882807893677,0.0,0.45106896075925995,-0.14685694883337375,0.3289425546229907,-0.441494643585183,4.495933584295497,0.901608270907861
2019-07-11,-11.09626419270503,4.95,5.02964008468596,,28.000000000000004,6.000000000000005,12.930000305175781,10.079999923706055,-2.8500003814697266,0,122.44999694824219,,,114.8361,-0.4708812838340348,6.000000000000005,0.22852267383599578,0.5110591772876871,1.0588818872296013,0.08434750064838514,-0.38060490000796365,-0.4113131592249353
2019-07-12,-11.09626419270503,5.15,5.02964008468596,,28.000000000000004,0.9999999999999787,12.390000343322754,9.880000114440918,-2.510000228881836,0,123.6500015258789,,,114.7685,-0.5799650028586734,-0.9999999999999787,0.4620174547884881,0.1957679506369603,0.2922182158859421,0.43831768811517513,0.01660850731974861,0.39877343809897603
2019-07-15,-11.09626419270503,5.557,5.02964008468596,,26.0,10.999999999999988,12.680000305175781,11.010000228881836,-1.6700000762939453,0,126.22000122070312,,,114.6819,-0.8177985340857452,-3.000000000000025,0.017586919155743175,0.1957679506369603,-0.2003168612368489,0.39719139356722,-1.0463332718774865,0.10639052230836388
2019-07-16,-11.09626419270503,3.007,5.02964008468596,,26.0,12.00000000000001,12.859999656677246,11.710000038146973,-1.1499996185302734,0,125.1500015258789,,,115.0111,-0.7718343446439624,4.0000000000000036,-0.3403778522185874,-0.6946928092048554,0.45091125997938075,-0.1553205030864091,-3.2896992932758162,-0.1558787873126799
2019-07-17,-11.266271555113871,1.96,5.02964008468596,,23.0,12.00000000000001,13.970000267028809,13.420000076293945,-0.5500001907348633,0,123.9800033569336,,,114.8819,-0.9368931536522074,-6.999999999999984,-0.6531243569450895,-0.30680076850744253,-0.9058973191881758,-0.20187006980765254,-1.4578274351946696,0.8586501614755049
2019-07-18,-11.266271555113871,16.662,5.02964008468596,,27.0,10.999999999999988,13.529999732971191,12.680000305175781,-0.8499994277954102,0,123.9800033569336,,,114.8744,-0.8675376273842628,-2.0000000000000018,0.3581997784064761,-1.9699842252065558,-0.3072898754870046,-1.0406970169222651,-2.6065508525089376,0.337713824872532
2019-07-19,-11.266271555113871,14.255,5.02964008468596,,25.0,6.000000000000005,14.449999809265137,13.5600004196167,-0.8899993896484375,0,125.5,,,114.8695,-0.7940312067909794,0.9999999999999787,-0.617673452276668,1.9991694255812265,1.3457239329635495,0.7934709350561509,0.5967483464873746,-0.07012131106650665
2019-07-22,-11.266271555113871,14.16,5.02964008468596,,25.0,4.999999999999982,13.529999732971191,13.640000343322754,0.1100006103515625,1,125.36000061035156,,,115.0018,0.17177012070945796,0.0,0.2828694915066654,-0.23385286585081433,-0.04870315890926902,-1.2730261507325036,1.0605790783025038,0.014039242552454922
2019-07-23,-11.266271555113871,14.755,5.02964008468596,,25.0,4.999999999999982,12.609999656677246,12.819999694824219,0.21000003814697266,1,124.6500015258789,,,115.2995,0.4021327490884907,3.000000000000025,0.6847482673755456,0.9529523603160284,0.3874126009511425,0.44911453198575035,0.9782981592288076,-0.3648405994557402
2019-07-24,-11.086497567256648,8.255,5.02964008468596,,22.0,6.000000000000005,12.069999694824219,12.1899995803833,0.11999988555908203,1,124.6500015258789,,,115.2436,0.5125771983822913,-3.000000000000025,0.4688147952890187,0.41020277435432906,-0.9112709219208925,0.8048472851926336,-1.5677283467886993,0.19013261661902092
2019-07-25,-11.086497567256648,3.355,5.02964008468596,,22.0,6.999999999999984,12.739999771118164,12.529999732971191,-0.21000003814697266,0,121.87999725341797,,,115.2982,0.5773912800744574,3.000000000000025,-0.5262401280453521,0.21640441553534284,-0.37554954502239113,0.48165341615893364,0.25053576766718155,-0.6255288240531676
2019-07-26,-11.086497567256648,3.25,5.02964008468596,,22.0,6.000000000000005,12.15999984741211,11.539999961853027,-0.619999885559082,0,121.87999725341797,,,115.5449,0.8590198392469217,0.0,0.7387691099234761,-0.4522793691627003,-0.396242469463004,0.24443484550917827,0.3213143586306977,0.3253395223501654
2019-07-29,-11.086497567256648,3.928,5.02964008468596,,21.0,4.999999999999982,12.829999923706055,12.670000076293945,-0.15999984741210938,0,123.2699966430664,,,115.5885,0.8053896132211191,-2.0000000000000018,-0.16161146071345112,-0.19091939352724463,-1.7800290923235207,-0.11988389527890497,1.1921675442167157,0.07754498314680447
2019-07-30,-11.086497567256648,2.306,5.02964008468596,,21.0,4.0000000000000036,13.9399995803833,14.460000038146973,0.5200004577636719,1,121.94000244140625,,,115.6211,0.9067733965427482,0.0,-0.25786549148275606,0.4279530840902268,0.4533217046103877,0.38524445980729904,2.074908259782293,0.7114663116113862
2019-07-31,-11.198069955421651,7.367,5.02964008468596,,13.0,19.99999999999997,16.1200008392334,18.40999984741211,2.289999008178711,1,121.94000244140625,,,115.4946,0.6717867854910908,-4.0000000000000036,-1.0885526112695776,-0.864980256257053,-0.6930957536515958,-0.6716732332543773,0.9130105098360985,-0.25179937811333764
2019-08-01,-11.198069955421651,6.044,5.295577760120396,,17.0,8.999999999999986,17.8700008392334,19.31999969482422,1.4499988555908203,1,121.70999908447266,,,116.0499,1.0660496160270538,-12.00000000000001,-0.8998793869673061,0.09042543971458095,-0.35613261386083783,-0.8095450707863883,-7.903722982918648,-0.3646273936536937
2019-08-02,-11.198069955421651,3.335,5.295577760120396,,14.000000000000002,8.999999999999986,17.610000610351562,17.690000534057617,0.07999992370605469,1,117.06999969482422,,,116.1864,1.1957653063446427,-3.9999999999999813,-0.7282739927037873,-2.1068208712187286,-0.952242123934155,-1.4071216138022757,3.1695997410389865,1.7383313918979404
2019-08-05,-11.198069955421651,3.474,5.295577760120396,,16.0,2.9999999999999805,24.59000015258789,29.139999389648438,4.549999237060547,1,117.25,,,116.5851,1.278654402796553,-11.00000000000001,-2.97778200029859,-1.7397842622315474,-2.559894716012856,-1.6158532718157703,-1.742725877402651,1.314333171062687
2019-08-06,-11.198069955421651,3.41,5.295577760120396,,13.0,0.9999999999999787,20.170000076293945,21.84000015258789,1.6700000762939453,1,113.30000305175781,,,116.6904,1.4475063768524032,-2.0000000000000018,1.3017017169932643,-0.6514316244230711,-1.5141388593863492,-1.5574726846314002,-1.9381926955764794,0.5325719621840364
2019-08-07,-11.19031570937734,3.622,5.295577760120396,,12.0,0.0,19.489999771118164,20.950000762939453,1.460000991821289,1,114.19999694824219,,,116.7987,1.4743483371661759,-2.0000000000000018,0.07668762331907164,-0.33397601577809244,-0.4062601857887871,-0.3195606805352136,-4.736156749841003,2.370281434079091
2019-08-08,-11.19031570937734,3.056,5.295577760120396,,10.0,-1.000000000000023,16.90999984741211,16.770000457763672,-0.1399993896484375,0,113.95999908447266,,,116.474,1.2043837797022894,1.0000000000000009,1.8762303409984193,0.3742784387497977,0.570768579366443,0.934455081529384,2.8381302771752104,-0.6369068762197561
2019-08-09,-11.19031570937734,2.72,5.295577760120396,,11.0,0.9999999999999787,17.969999313354492,17.75,-0.2199993133544922,0,117.70999908447266,,,116.4419,1.3983407656651625,2.0000000000000018,-0.661660635492356,0.4441759347559415,0.8924255720403451,-0.7085930746425606,3.7304892468957185,-0.07344432274815071
2019-08-12,-11.19031570937734,5.43,5.295577760120396,,7.000000000000001,2.0000000000000018,21.09000015258789,22.450000762939453,1.3600006103515625,1,116.33999633789062,,,116.7548,1.7307013684068284,-9.000000000000007,-1.2317322177972212,0.4441759347559415,0.2342943652432039,1.4502203886611387,0.7889913856436337,0.5813225567360636
2019-08-13,-11.19031570937734,5.001,5.295577760120396,,2.0,6.000000000000005,17.520000457763672,17.489999771118164,-0.030000686645507812,0,115.1500015258789,,,116.7267,1.7830189419603126,3.0000000000000027,1.5131688322181258,-1.1089332946072727,-0.847457520595507,-0.629841687901489,3.9504790768057685,-0.20594549629248116
2019-08-14,-10.473255135348847,2.744,5.295577760120396,,1.0,2.9999999999999805,22.100000381469727,24.420000076293945,2.3199996948242188,1,117.58000183105469,,,117.0913,1.808694986831716,-8.999999999999986,-2.9292752911742603,0.9762264296868661,0.6511498599902188,0.4164754904112833,-3.2749544340746173,0.9120006448875229
2019-08-15,-10.473255135348847,3.51,5.295577760120396,,4.0,8.000000000000007,21.18000030517578,22.450000762939453,1.2700004577636719,1,113.4800033569336,,,117.2239,2.0386153084167358,-7.000000000000006,0.24642680276520945,-1.207837754447172,0.6511498599902188,0.24529575295548778,-1.3760607058343477,0.24407619976820616
2019-08-16,-10.473255135348847,11.843,5.295577760120396,,7.000000000000001,2.9999999999999805,18.469999313354492,18.360000610351562,-0.10999870300292969,0,112.5199966430664,,,117.0786,1.918791305982892,3.0000000000000027,1.4426124657807904,0.06449270666739615,-0.5778025454422075,0.2848220538453239,0.7343449645997202,-0.46722661884749384
2019-08-19,-10.473255135348847,13.403,5.295577760120396,,7.000000000000001,0.9999999999999787,16.8799991607666,17.200000762939453,0.32000160217285156,1,115.83999633789062,,,117.3886,2.193010329112588,5.000000000000004,1.2105865492430645,0.7069442612419596,0.6605530481726074,2.0992849353647536,2.442136283347396,-0.7999983858471116
2019-08-20,-10.473255135348847,15.98,5.295577760120396,,5.0,2.9999999999999805,17.5,18.43000030517578,0.9300003051757812,1,116.4800033569336,,,117.3726,2.0615329499190427,-5.000000000000004,-0.7914727601131322,0.5546839396683545,1.0490218737990942,-0.10752653571654003,0.23127747773108442,0.27992209434382076
2019-08-21,-10.971198098381151,15.153,5.295577760120396,,3.0,0.0,15.800000190734863,16.09000015258789,0.28999996185302734,1,114.77999877929688,,,117.1764,1.6278474754877648,4.0000000000000036,0.8246798595579641,-0.28364735989946377,0.2244624111242155,0.0114610460069553,-1.1714587249282982,0.0
2019-08-22,-10.971198098381151,14.611,5.295577760120396,,1.0,-1.000000000000023,16.68000030517578,16.709999084472656,0.029998779296875,1,114.4800033569336,,,117.3558,1.832813275531131,3.0000000000000027,-0.05060748601761755,0.045781317433424285,-0.6942719812148446,0.10796898955671708,-0.5926756990768389,-0.48517392504739965
2019-08-23,-10.971198098381151,9.046,5.295577760120396,,1.0,0.0,19.8700008392334,21.549999237060547,1.6799983978271484,1,114.45999908447266,,,117.3009,1.7369742112192554,-10.000000000000009,-2.5946336754618105,0.4018826419364352,-0.13890041178340473,0.48518403430146684,-2.1318885956744693,1.9568507181138672
2019-08-26,-10.971198098381151,3.676,5.295577760120396,,0.0,0.0,19.31999969482422,19.81999969482422,0.5,1,112.62000274658203,,,117.6658,1.8355634909026808,2.0000000000000018,1.0982987735216332,-2.172145455491925,-1.64194371670916,-1.1686171565873704,-0.9783991087537358,-0.019646715748000698
2019-08-27,-10.971198098381151,1.555,5.295577760120396,,-4.0,4.999999999999982,20.309999465942383,20.809999465942383,0.5,1,113.06999969482422,,,117.75,1.8699957175670523,-5.000000000000004,-0.3203180635808267,0.9626407363578338,0.4325978958890975,1.3486617098565246,2.4049234343882064,0.9631101815898768
2019-08-28,-10.878818577482264,4.255,5.295577760120396,,-3.0,2.0000000000000018,19.350000381469727,19.15999984741211,-0.1900005340576172,0,113.6500015258789,,,117.8767,1.9508549910007833,-2.0000000000000018,0.6545480165679685,0.11409734250580339,0.8568009167388091,-0.29046795043815576,1.547421207716626,-0.20765419674724228
2019-08-29,-10.878818577482264,0.102,5.295577760120396,,-3.0,2.0000000000000018,17.8799991607666,16.850000381469727,-1.029998779296875,0,113.6500015258789,,,118.0625,2.22339399417808,3.0000000000000027,1.2687291793508804,-0.09028690483195989,-0.3956504734894839,-0.09814524635908262,1.6672648360131603,-0.7348191227290024
2019-08-30,-10.878818577482264,12.089,5.295577760120396,,0.0,6.000000000000005,18.979999542236328,18.600000381469727,-0.37999916076660156,0,115.0199966430664,,,118.1575,1.8161153090179294,0.0,0.06427872591217021,1.1897770865891832,1.7782055681426767,-0.16188382131282486,-2.8390065885089855,-0.4847706789428474
2019-09-03,-10.878818577482264,1.754,5.639607130069724,,0.0,6.999999999999984,19.65999984741211,19.06999969482422,-0.5900001525878906,0,114.68000030517578,,,118.3113,1.828871537460497,-3.0000000000000027,-0.689910050906084,0.024106001238743957,-0.1777380600218037,0.20669378611151146,-2.105262939266561,1.7642057309485315
2019-09-04,-10.621086487904464,1.425,5.639607130069724,,4.0,10.999999999999988,17.329999923706055,15.600000381469727,-1.7299995422363281,0,115.98999786376953,,,117.6729,0.9330523368766608,0.0,1.0842079212828093,0.11626803655502282,1.1619374657981574,0.9303281632049076,4.301074812551886,0.2846254184988517
2019-09-05,-10.621086487904464,1.075,5.639607130069724,,2.0,10.999999999999988,16.270000457763672,14.59000015258789,-1.6800003051757812,0,115.98999786376953,,,117.4776,0.6746056230846786,10.000000000000009,1.300981364226672,2.115336594667605,0.8156764275196959,0.9619970230034136,0.0711001008189438,-2.2511786954043878
2019-09-06,-10.621086487904464,0.88,5.639607130069724,,2.0,4.999999999999982,15.0,12.390000343322754,-2.609999656677246,0,118.87000274658203,,,117.1292,0.28296547821164975,-2.0000000000000018,0.09106051537297599,0.5388939849116259,0.2184813509321648,0.4601685859368265,0.3907659390487206,-0.6071052589394554
2019-09-09,-10.621086487904464,2.787,5.639607130069724,,5.0,2.0000000000000018,15.270000457763672,13.65999984741211,-1.6100006103515625,0,118.79000091552734,,,117.0601,0.5032024314439276,7.999999999999985,-0.009401025965849463,0.5606227278338816,0.5186346289184129,0.8381081397406343,2.353145798983669,-0.2655689901521985
2019-09-10,-10.621086487904464,3.608,5.639607130069724,,5.0,4.0000000000000036,15.199999809265137,13.760000228881836,-1.4399995803833008,0,119.01000213623047,,,117.0887,0.555470152926052,9.000000000000007,0.03223043548219451,0.345615143007838,0.62043063670707,-0.11703614439354526,-0.7778685568047061,-0.7921650066934682
2019-09-11,-10.4763404303018,3.612,5.639607130069724,,7.000000000000001,4.999999999999982,14.609999656677246,13.130000114440918,-1.4799995422363281,0,119.94999694824219,,,117.3125,0.4776677275795116,3.0000000000000027,0.7229681189480308,0.9613836883962001,0.842486294211886,-0.4100983972715633,-2.874567041840581,0.27511074626627163
2019-09-12,-10.4763404303018,3.469,5.639607130069724,,7.000000000000001,10.000000000000009,14.220000267028809,13.100000381469727,-1.119999885559082,0,119.94999694824219,,,116.8375,0.09492258412171495,4.0000000000000036,0.2879153101061016,0.7493814688716016,0.842486294211886,0.7454751614034416,-1.1838562285419019,0.2877359935468782
2019-09-13,-10.4763404303018,2.675,5.639607130069724,,11.0,10.000000000000009,13.739999771118164,12.619999885559082,-1.119999885559082,0,118.4000015258789,,,116.7677,-0.2763655369784068,10.999999999999988,-0.07244143620946941,1.0509365474305588,0.842486294211886,0.7454751614034416,-0.43565379887827715,-0.5204461874915967
2019-09-16,-10.4763404303018,2.202,5.639607130069724,,10.0,33.00000000000001,14.670000076293945,14.600000381469727,-0.06999969482421875,0,119.16000366210938,,,117.0251,-0.16958998975465933,-5.999999999999983,-0.31355866640028207,1.0509365474305588,0.6353708687043547,-0.016164679667518556,14.676396127077208,0.8182943840697732
2019-09-17,-10.4763404303018,1.825,5.639607130069724,,9.0,315.0,14.4399995803833,14.539999961853027,0.10000038146972656,1,117.94000244140625,,,116.9826,-0.08199619742633724,-3.0000000000000027,0.25817523700197853,0.059264501949019,0.005339266588388902,-1.7365299946382917,-5.6597794704763675,0.1330583482459513
2019-09-18,-8.63495497567881,18.91,5.639607130069724,,3.0,44.99999999999997,13.949999809265137,14.130000114440918,0.18000030517578125,1,117.94000244140625,,,116.9766,-0.35097104829598935,-1.0000000000000009,0.03426919897555614,-0.1845769909405326,0.4073015485177356,0.25317296231139874,-2.0728000321427187,0.15945946800830502
2019-09-19,-8.63495497567881,5.004,5.639607130069724,,5.0,14.999999999999991,14.050000190734863,13.180000305175781,-0.869999885559082,0,118.7699966430664,,,117.0861,-0.24409444793759283,-1.0000000000000009,0.001997472142156731,0.38130951902384247,0.4645761291060424,0.4561844814360505,0.03441827147410148,-0.6036468050373167
2019-09-20,-8.63495497567881,7.552,5.639607130069724,,5.0,6.000000000000005,15.319999694824219,14.680000305175781,-0.6399993896484375,0,118.7699966430664,,,117.1819,0.004693777927977649,-5.000000000000004,-0.48955765157830955,0.15713989792285332,0.5369251015771015,0.23905476664281,-0.06881285875166565,0.5939685176889142
2019-09-23,-8.63495497567881,7.485,5.639607130069724,,4.0,5.000000000000004,14.90999984741211,9.829999923706055,-5.079999923706055,0,117.5,,,117.2986,-0.04874066726996418,-2.0000000000000018,-0.009693591923765066,0.15713989792285332,0.008602912663735474,-0.9768954588925349,0.946805363428882,1.088031699892822
2019-09-24,-8.63495497567881,0.101,5.639607130069724,,4.0,15.999999999999993,17.049999237060547,17.729999542236328,0.6800003051757812,1,118.01000213623047,,,117.2227,-0.0666661551616321,-8.000000000000007,-0.8416371322106486,0.08945115102012569,0.44653096087667876,0.27745339557097015,-2.302180232217743,0.5512912438962791
2019-09-25,-7.994306578082188,0.133,5.639607130069724,,5.0,20.999999999999975,15.960000038146973,15.300000190734863,-0.6599998474121094,0,117.9800033569336,,,117.6527,-0.011133226477033631,9.000000000000007,0.6158571742003405,-0.35607956653550543,-1.31602187346761,-1.0019011358646912,-1.3964029050027915,-1.794922031082391
2019-09-26,-7.994306578082188,5.18,5.639607130069724,,4.0,5.000000000000004,16.06999969482422,15.199999809265137,-0.869999885559082,0,117.51000213623047,,,117.7267,-0.01978768577495238,-3.0000000000000027,-0.2428916406865711,0.12756426841644686,0.054506243961660594,-0.8912356022386936,-0.14162122265466426,0.1927438828339234
2019-09-27,-7.994306578082188,5.33,5.639607130069724,,6.0,2.0000000000000018,17.219999313354492,16.770000457763672,-0.4499988555908203,0,116.61000061035156,,,117.7218,-0.13140849718391578,-1.0000000000000009,-0.5316352490240539,-0.7680424466982472,-1.185338664322999,0.10514644111179194,-0.886367667705179,-0.5572155498548947
2019-09-30,-7.994306578082188,7.057,5.639607130069724,,5.0,55.00000000000001,16.239999771118164,15.279999732971191,-0.9600000381469727,0,116.61000061035156,,,117.9461,-0.09859184753837624,-1.0000000000000009,0.5047606675254723,-0.5624622109789867,0.6400275924065113,-0.9201370039120138,-3.2910036802174303,-2.2280051336141082
2019-10-01,-7.994306578082188,2.706,6.508809336774779,,9.0,7.999999999999985,18.559999465942383,18.940000534057617,0.3800010681152344,1,117.66999816894531,,,117.9595,-0.16757294289401203,-3.0000000000000027,-1.2258373372913245,0.5947846258951728,0.454175750714203,-0.9201370039120138,-0.8322559006460062,1.112099977563119
2019-10-02,-5.48237671461258,3.054,6.508809336774779,,12.0,5.000000000000004,20.559999465942383,21.709999084472656,1.1499996185302734,1,114.01000213623047,,,117.9671,-0.290927409300723,-4.999999999999982,-1.7903202985502964,-0.4872272738752792,-1.9547142578450805,-0.9201370039120138,-1.8276754228981895,1.2820512820512775
2019-10-03,-5.48237671461258,3.297,6.508809336774779,,15.0,4.0000000000000036,19.1200008392334,19.479999542236328,0.3599987030029297,1,111.47000122070312,,,117.6608,-0.010282741395850614,-6.000000000000005,0.797191259701524,-2.0059551696009037,-1.9547142578450805,-0.9201370039120138,-0.3609396445896418,0.4063941096560608
2019-10-04,-5.48237671461258,5.325,6.508809336774779,,12.0,2.0000000000000018,17.040000915527344,16.270000457763672,-0.7700004577636719,0,114.54000091552734,,,117.5288,0.04358277663145671,-2.0000000000000018,1.4216897585460186,0.3207750803035925,-0.5521943680920516,-0.9201370039120138,0.6863691231934865,-0.059718958837651215
2019-10-07,-5.48237671461258,5.65,6.508809336774779,,10.0,3.0000000000000027,17.860000610351562,17.700000762939453,-0.15999984741210938,0,114.54000091552734,,,117.5533,0.36207879845504554,4.0000000000000036,-0.4478294673592398,-0.16323630804608857,0.051469502628198605,-0.9201370039120138,-0.11361744315606659,-0.5643341040734162
2019-10-08,-5.48237671461258,3.976,6.508809336774779,,12.0,5.000000000000004,20.280000686645508,20.290000915527344,0.010000228881835938,1,118.76000213623047,,,117.7407,0.5814107454205075,-2.0000000000000018,-1.5560819201407838,0.99427747921077,1.2128236593476727,0.2884536681642347,-0.22748612679576175,-0.03338452402357195
2019-10-09,-5.433471569625937,1.469,6.508809336774779,,12.0,5.000000000000004,18.639999389648438,18.260000228881836,-0.37999916076660156,0,118.41999816894531,,,117.6835,0.5079909504503766,5.000000000000004,0.9104492549941501,-0.6086704690325462,1.2128236593476727,0.38749845713705877,-0.07600401808005586,0.5944446102269962
2019-10-10,-5.433471569625937,1.1,6.508809336774779,,14.000000000000002,5.000000000000004,17.56999969482422,17.780000686645508,0.21000099182128906,1,119.94999694824219,,,117.2801,-0.027618540223761645,7.999999999999985,0.6415695380997066,0.44555328320072807,-0.8845437060934658,0.7812289366470271,1.8254403530847174,-0.7502773349037706
2019-10-11,-5.433471569625937,2.95,6.508809336774779,,13.0,5.000000000000004,15.579999923706055,15.279999732971191,-0.3000001907348633,0,120.8499984741211,,,116.8239,-0.011640098427312395,9.000000000000007,1.0938977513132997,1.1455498126169195,0.8115751171935859,0.8803427581328904,2.14752855698086,-0.809479345798525
2019-10-14,-5.433471569625937,2.95,6.508809336774779,,13.0,5.000000000000004,14.569999694824219,14.010000228881836,-0.5599994659423828,0,122.4000015258789,,,116.8239,-0.011640098427312395,9.000000000000007,-0.13871187334510982,1.1455498126169195,1.1146339475725853,1.1507694798511992,-2.0292515445513692,0.6070007618794726
2019-10-15,-5.433471569625937,1.726,6.508809336774779,,16.0,19.999999999999996,13.539999961853027,12.300000190734863,-1.239999771118164,0,124.8499984741211,,,116.8111,0.03716781267422142,1.0000000000000009,0.9955676641137279,1.87322468078861,0.03724579508672665,-0.5595248028534394,-1.4554931462511078,-0.9452286684638267
2019-10-16,-5.004854571224248,1.803,6.508809336774779,,17.0,24.99999999999998,13.680000305175781,11.920000076293945,-1.760000228881836,0,127.16999816894531,,,116.6425,-0.32693840893961434,-2.0000000000000018,-0.19995427986508885,1.1964986738893568,0.70884679710983,-0.41256708143214693,1.0414679469005206,0.7038457353749195
2019-10-17,-5.004854571224248,1.001,6.508809336774779,,16.0,14.999999999999991,13.789999961853027,11.899999618530273,-1.890000343322754,0,128.00999450683594,,,116.2615,-0.6164164585160559,1.0000000000000009,0.27628315736780706,-0.09371522235745999,-0.23478327733542637,-0.0463248463460908,1.0682153079166978,0.28898177608367437
2019-10-18,-5.004854571224248,20.1,6.508809336774779,,18.0,7.999999999999985,14.25,12.350000381469727,-1.8999996185302734,0,128.00999450683594,,,116.1344,-0.7199730544399485,0.0,-0.39193449495069643,0.18181261435057383,-0.8301491133726469,-1.3162862201545167,-0.27814115525697236,-0.2747502192652074
2019-10-21,-5.004854571224248,18.758,6.508809336774779,,18.0,6.000000000000005,14.0,12.609999656677246,-1.390000343322754,0,128.44000244140625,,,116.0436,-0.8903704197167794,4.0000000000000036,0.6871616056117524,0.24995111256682634,0.2013959694267653,0.05037965050997961,-0.8739260257975112,-0.38972765408609167
2019-10-22,-5.004854571224248,20.7,6.508809336774779,,18.0,7.000000000000006,14.460000038146973,13.300000190734863,-1.1599998474121094,0,125.79000091552734,,,115.9851,-1.021318138722782,-2.0000000000000018,-0.3568666378412577,0.24995111256682634,1.1632871558488578,0.5020977213586963,1.5944446674633905,-0.04722566315824572
2019-10-23,-4.897353746761979,18.29,6.508809336774779,,19.0,7.000000000000006,14.010000228881836,12.270000457763672,-1.739999771118164,0,125.79000091552734,,,116.0586,-1.0571311166544195,-1.0000000000000009,0.28471487971184484,0.33917604594944084,-0.3944730527955298,-0.4318931935338277,3.3419523234683,0.5534233321464299
2019-10-24,-4.897353746761979,0.425,6.508809336774779,,19.0,6.000000000000005,13.710000038146973,11.890000343322754,-1.8199996948242188,0,125.22000122070312,,,116.1278,-0.9340341077282877,0.0,0.192044635873323,0.5534437222439736,0.24222561726874314,-0.023803050176629537,0.46453156309209653,0.6040673771744887
2019-10-25,-4.897353746761979,0.005,6.508809336774779,,17.0,4.0000000000000036,12.649999618530273,10.329999923706055,-2.3199996948242188,0,125.69999694824219,,,116.0774,-1.3389407977887458,3.0000000000000027,0.4072700506109195,0.21630611212428708,0.10691965913534052,0.4763818851855284,0.7647168925420278,0.0400277254096304
2019-10-28,-4.897353746761979,0.036,6.508809336774779,,21.0,2.0000000000000018,13.109999656677246,11.699999809265137,-1.4099998474121094,0,125.69999694824219,,,116.0222,-1.4478448814075229,5.000000000000004,0.5581337868471481,0.29587519701670395,0.2734916768562856,0.8501087257102302,-1.5001738023476485,-0.6335445148382801
2019-10-29,-4.897353746761979,0.081,6.508809336774779,,20.0,1.0000000000000009,13.199999809265137,11.75,-1.4499998092651367,0,125.26000213623047,,,115.9797,-1.4798448545639054,-1.0000000000000009,-0.08324053147991117,0.4673112720299466,-0.04347326172838839,-0.8681101580046646,-0.48378507636605006,-0.201342281879191
2019-10-30,-2.8965167060371777,0.196,6.508809336774779,,17.0,2.0000000000000018,12.329999923706055,10.670000076293945,-1.6599998474121094,0,127.29000091552734,,,116.1636,-1.5112835439238803,-6.000000000000005,0.325337015914573,-0.5702575629603746,-0.593490780896766,-0.5030114490351179,-0.8642411493049451,0.4169435892316775
2019-10-31,-2.8965167060371777,2.851,6.508809336774779,,17.0,20.999999999999996,13.220000267028809,11.579999923706055,-1.640000343322754,0,129.63999938964844,,,115.9125,-1.735341367164167,-9.000000000000007,-0.3022860563304697,0.36737505661279535,0.15430501364546156,-0.34906065100123174,-1.5982583475599221,1.2188637715869088
2019-11-01,-2.8965167060371777,2.1,7.088967274152447,,17.0,3.0000000000000027,12.300000190734863,9.84000015258789,-2.4600000381469727,0,130.7100067138672,,,115.7312,-1.89535896025248,4.0000000000000036,0.9662312168146059,-0.33266193267297295,0.8025021051252468,0.9948547313882949,3.7283138545326056,-0.22495860520980182
2019-11-04,-2.8965167060371777,3.085,7.088967274152447,,19.0,1.0000000000000009,12.829999923706055,11.079999923706055,-1.75,0,129.74000549316406,,,115.8624,-1.5284614756996384,6.000000000000005,0.3704089049704651,-0.33266193267297295,1.4303418608184515,0.5844783769822781,0.6049824697014872,0.0
2019-11-05,-2.8965167060371777,1.836,7.088967274152447,,23.0,3.0000000000000027,13.100000381469727,10.989999771118164,-2.1100006103515625,0,129.74000549316406,,,116.1138,-1.203960220813971,7.000000000000006,-0.1185699214361291,1.755830159576477,0.5820894547372335,0.5400814122083153,1.2203725071385563,-1.8037102899121304
2019-11-06,-2.47451916205369,1.65,7.088967274152447,,20.0,2.0000000000000018,12.619999885559082,9.470000267028809,-3.1499996185302734,0,126.77999877929688,,,116.1004,-1.235949990344809,-5.000000000000004,0.07024972279667807,0.2229059861223126,0.07047426732114115,-0.433217474617309,-1.5376569546637575,0.6347853885599886
2019-11-07,-2.47451916205369,1.055,7.088967274152447,,24.0,1.0000000000000009,12.729999542236328,10.15999984741211,-2.5699996948242188,0,124.68000030517578,,,116.1172,-1.378877482467833,10.999999999999988,0.27300951851503275,0.11371526060808268,0.006535770591264978,0.0036884199841491494,1.4197037682711189,-1.7447323078727761
2019-11-08,-2.47451916205369,0.805,7.088967274152447,,26.0,1.0000000000000009,12.069999694824219,9.319999694824219,-2.75,0,124.68000030517578,,,116.3436,-1.1385623303181824,2.0000000000000018,0.25606760900243053,0.2638147582226802,-0.32924923704988895,-0.4877960421598715,0.157480577751401,-0.19805371127277205
2019-11-11,-2.47451916205369,0.805,7.088967274152447,,26.0,1.0000000000000009,12.6899995803833,10.6899995803833,-2.0,0,123.30000305175781,,,116.3436,-1.1385623303181824,2.0000000000000018,-0.19624672514313435,-0.25662462676292463,-0.6148094822833738,-1.828835029845699,-0.6638732651508383,-0.39691019190591925
2019-11-12,-2.47451916205369,1.301,7.088967274152447,,26.0,2.0000000000000018,12.680000305175781,10.800000190734863,-1.880000114440918,0,123.8499984741211,,,116.5837,-0.593792126712045,-2.0000000000000018,0.15646460846321375,0.8064941433472361,0.7923314590243313,0.16667174249491712,-0.10552474964288239,-0.233598379530231
2019-11-13,-2.364026848745693,1.762,7.088967274152447,,25.0,2.0000000000000018,13.0,10.970000267028809,-2.0299997329711914,0,123.18000030517578,,,116.8397,0.01352462980606095,-4.0000000000000036,0.07115345908383919,-0.8509376781488887,-0.8627118891466612,-0.328667907463398,0.5633797519761785,0.6611098235205004
2019-11-14,-2.364026848745693,1.867,7.088967274152447,,24.0,3.0000000000000027,13.050000190734863,11.229999542236328,-1.8200006484985352,0,124.61000061035156,,,116.8022,-0.007619138934567005,-5.999999999999983,0.08370427393644686,-0.7646627787647242,0.7905971722730332,0.15937158268124474,-0.6127424381405566,0.6909829646058796
2019-11-15,-2.364026848745693,0.002,7.088967274152447,,23.0,4.0000000000000036,12.050000190734863,9.670000076293945,-2.380000114440918,0,126.27999877929688,,,116.4401,-0.17352165805774034,2.0000000000000018,0.7695488006902673,0.6990436067969563,1.072813647032289,-0.6367991886450541,1.6734203897818212,-0.3057480534521595
2019-11-18,-2.364026848745693,27.055,7.088967274152447,,21.0,1.0000000000000009,12.460000038146973,10.180000305175781,-2.2799997329711914,0,126.58999633789062,,,116.3625,0.0868731265294187,-3.0000000000000027,0.05031528617669423,0.48679523605976716,-0.06891148199883457,0.6177019215432233,-1.1607795728913795,0.24534692742719244
2019-11-19,-2.364026848745693,26.726,7.088967274152447,,19.0,2.0000000000000018,12.859999656677246,10.25,-2.609999656677246,0,127.45999908447266,,,116.5391,0.3484755593519351,-2.0000000000000018,-0.05925944462060739,-0.5300023412384669,-0.3447950133477429,0.8521256523641219,-3.225241327247208,0.16316706602941267
2019-11-20,-1.849618552247112,26.026,7.088967274152447,,17.0,2.0000000000000018,12.779999732971191,10.199999809265137,-2.5799999237060547,0,127.45999908447266,,,116.828,0.6759528315219532,-6.000000000000005,-0.3756184245747196,-0.6185645502282178,-1.2966470064472935,-0.7818684277248522,3.441408363314502,0.0
2019-11-21,-1.849618552247112,25.719,7.088967274152447,,17.0,3.0000000000000027,13.130000114440918,10.5600004196167,-2.5699996948242188,0,125.63999938964844,,,116.7435,0.6538770928334658,4.0000000000000036,-0.15827522106851566,-0.47514914696743515,-1.3513244960461468,-0.254552691492993,2.573982148472753,-0.692328304088552
2019-11-22,-1.849618552247112,0.375,7.088967274152447,,16.0,3.0000000000000027,12.34000015258789,9.220000267028809,-3.119999885559082,0,124.87000274658203,,,116.9137,0.736782969982408,0.0,0.21749356911917594,0.32250590530338297,0.25564547513099445,-0.6319603736857471,-1.3827267804242593,0.0
2019-11-25,-1.849618552247112,0.0,7.088967274152447,,15.0,1.0000000000000009,11.869999885559082,9.760000228881836,-2.109999656677246,0,125.52999877929688,,,117.0098,0.7595080592244008,-1.0000000000000009,0.7507291353015866,0.7784823042819244,1.0247597224874339,0.7236666861846652,0.41543683896108075,-0.44426219044921833
2019-11-26,-1.849618552247112,2.205,7.088967274152447,,16.0,-1.0000000000000009,11.539999961853027,9.5,-2.0399999618530273,0,128.64999389648438,,,117.0513,0.8390091438988057,-2.0000000000000018,0.21955703874654287,0.34564212619589973,-0.10124334088768006,0.030629204164900337,0.6895389371704752,0.21969472029548243
2019-11-27,-1.0811120846828448,0.506,7.088967274152447,,14.000000000000002,0.0,11.75,9.899999618530273,-1.8500003814697266,0,130.27999877929688,,,117.1273,0.9524901268895158,3.0000000000000027,0.4174424362754614,0.2757383969770544,0.30640864076050267,-0.13312821577453615,-0.5136093782644235,-0.438417879160935
2019-11-29,-1.0811120846828448,0.75,7.088967274152447,,17.0,9.999999999999986,12.619999885559082,11.359999656677246,-1.260000228881836,0,130.3699951171875,,,117.1204,0.9835341874483206,1.0000000000000009,-0.4011219709926239,-0.49224561719680704,-1.4462444683471132,-0.6129763286018775,-5.059374308253794,0.8394076625114488
2019-12-02,-1.0811120846828448,0.015,6.666898276820454,,22.0,7.999999999999985,14.90999984741211,15.300000190734863,0.3900003433227539,1,129.8300018310547,,,116.9647,0.6896308310003985,5.000000000000004,-0.8631020716408422,1.0113795501473177,0.18965693842720732,0.1333601957899111,1.4319393542630676,-0.22515876178922367
2019-12-03,-1.0811120846828448,0.151,6.666898276820454,,19.0,0.0,15.960000038146973,16.860000610351562,0.9000005722045898,1,126.3499984741211,,,116.8898,0.8431359861964749,-11.00000000000001,-0.663809511563529,-0.6361777901145338,-0.37524636739388884,0.30912655554422575,0.25017761247119186,1.0873214670608755
2019-12-04,-0.49798778476198846,0.0,6.666898276820454,,19.0,-1.0000000000000009,14.800000190734863,14.920000076293945,0.11999988555908203,1,123.30999755859375,,,116.692,0.8301996350163154,5.000000000000004,0.632356747139462,-1.0461165954900875,-0.7283908545934858,-0.22823810054578564,4.153301059588288,-0.2841260526727396
2019-12-05,-0.49798778476198846,0.001,6.666898276820454,,22.0,0.0,14.520000457763672,13.9399995803833,-0.5800008773803711,0,123.63999938964844,,,116.3838,0.45001657138121764,3.0000000000000027,0.15002511791302187,0.7125901564831283,-0.3939263453790698,0.7419099018276976,0.0,0.19674521126611388
2019-12-06,-0.49798778476198846,1.0,6.666898276820454,,23.0,0.0,13.619999885559082,12.8100004196167,-0.8099994659423828,0,131.47999572753906,,,116.5381,0.36541737502346905,4.0000000000000036,0.9135724328457329,0.23309157706774553,1.024394514684701,0.43266273584410264,1.3178169668697892,-1.2052304512072065
2019-12-09,-0.49798778476198846,0.115,6.666898276820454,,20.0,1.0000000000000009,15.859999656677246,17.059999465942383,1.1999998092651367,1,136.55999755859375,,,116.3283,0.19629561999787715,-1.0000000000000009,-0.316282139344648,0.3267000087727734,0.3266231653832996,0.08461880331589455,-0.3040545656351812,0.013712099618623519
2019-12-10,-0.49798778476198846,0.001,6.666898276820454,,20.0,0.0,15.680000305175781,16.239999771118164,0.5599994659423828,1,135.0,,,116.2542,0.1179842435057088,2.0000000000000018,-0.10969340964486207,-0.08753373270476983,0.4476622743599945,0.09737217430958456,0.3727570637017674,0.22613079198225972
2019-12-11,0.17554913834896269,0.605,6.666898276820454,,18.0,-1.0000000000000009,14.989999771118164,15.270000457763672,0.2800006866455078,1,134.3699951171875,,,116.1478,-0.16829460322698164,-6.000000000000005,0.2908158040315856,-0.07829957190950143,0.36320863620113997,0.24341121833983959,-0.8102689792935491,0.4649288213888214
2019-12-12,0.17554913834896269,0.6,6.666898276820454,,24.0,-2.0000000000000018,13.9399995803833,14.670000076293945,0.7300004959106445,1,132.67999267578125,,,115.8741,-0.608661416647438,10.999999999999988,0.8575225775086182,0.1408659796844347,1.5069185656875428,-0.2981446956407896,0.7147753499656906,-0.1837534502059257
2019-12-13,0.17554913834896269,0.0,6.666898276820454,,21.0,-1.0000000000000009,12.630000114440918,12.40999984741211,-0.2200002670288086,0,144.50999450683594,,,115.6967,-0.9782633813677943,-7.999999999999985,0.007258178414493166,2.554082823008419,1.5392846674874283,1.7826958545970273,1.5038854090215326,0.6068060755679117
2019-12-16,0.17554913834896269,1.328,6.666898276820454,,24.0,7.000000000000006,12.140000343322754,11.630000114440918,-0.5100002288818359,0,143.85000610351562,,,115.555,-1.0677881067308603,6.999999999999984,0.7147785279833618,-0.29450820731056204,-0.09676754550167477,0.5633041097679925,0.2330604134504366,-0.04065977201573867
2019-12-17,0.17554913834896269,0.826,6.666898276820454,,26.0,-1.0000000000000009,12.289999961853027,11.15999984741211,-1.130000114440918,0,137.47999572753906,,,115.5553,-0.7598756785677785,0.0,0.033529222633799094,0.4749827599605183,1.2697475053323304,1.274264210115228,1.2124224436744546,-0.027120299258476255
2019-12-18,1.292224762589389,13.362,6.666898276820454,,28.999999999999996,-2.0000000000000018,12.579999923706055,10.300000190734863,-2.2799997329711914,0,144.55999755859375,,,115.6618,-0.6021699430658445,3.0000000000000027,-0.043230017186479675,-0.547198542297167,-0.04189690226447107,-0.17794251153953056,-0.016406829272264112,-0.13563000360183874
2019-12-19,1.292224762589389,8.936,6.666898276820454,,30.0,-2.0000000000000018,12.5,9.390000343322754,-3.109999656677246,0,150.13999938964844,,,115.5988,-0.8068536654221692,0.0,0.4459292004863613,-0.29071124331547793,0.08201574751296459,0.0007282842626077368,0.47595751530418173,0.3802781256810217
2019-12-20,1.292224762589389,13.051,6.666898276820454,,28.999999999999996,-2.0000000000000018,12.510000228881836,9.270000457763672,-3.239999771118164,0,147.1699981689453,,,115.7598,-0.9143356044783779,0.0,0.4944781081796634,-0.20204925146922736,0.34690028242401194,-0.4019776172363265,-1.2740976452812691,-0.23677446323991935
2019-12-23,1.292224762589389,7.652,6.666898276820454,,28.999999999999996,-3.0000000000000027,12.609999656677246,9.829999923706055,-2.7799997329711914,0,143.91000366210938,,,115.8059,-0.8031282255543171,1.0000000000000009,0.08661436002121992,0.018804152658891127,-0.02132179394153111,-1.4039228723944475,0.13236570627475075,0.528924465070113
2019-12-24,1.292224762589389,4.423,6.666898276820454,,28.000000000000004,-3.0000000000000027,12.670000076293945,9.5600004196167,-3.109999656677246,0,143.91000366210938,,,115.8059,-0.8031282255543171,-3.0000000000000027,-0.019544819997963092,0.03975760732175537,-0.6184971277573004,0.672683320275147,0.9748845805109374,1.1197285386804312
2019-12-26,2.2071401862187923,3.192,6.666898276820454,,26.0,-3.0000000000000027,12.649999618530273,9.9399995803833,-2.7100000381469727,0,143.07000732421875,,,115.634,-1.0945680446346362,0.0,0.5128166675301138,0.5972819360442694,0.35842769376477346,0.8542888220154587,0.9327437230096658,0.680413141771985
2019-12-27,2.2071401862187923,0.825,6.666898276820454,,28.999999999999996,-2.0000000000000018,13.430000305175781,11.0,-2.4300003051757812,0,143.07000732421875,,,115.22,-1.5296154681060936,-2.0000000000000018,0.003398471712534601,-0.3644702637866426,0.28572472700199025,-0.07711400256824597,0.06485232705808475,0.2981514512965022
2019-12-30,2.2071401862187923,6.525,6.666898276820454,,32.0,-1.0000000000000009,14.819999694824219,13.770000457763672,-1.0499992370605469,0,140.2899932861328,,,114.9631,-1.7840041076006896,2.0000000000000018,-0.5780822450430323,-0.7597268411499547,-0.29670671934167725,1.1643134526702292,-0.06481029607291466,0.04623802016765488
2019-12-31,2.2071401862187923,64.087,6.666898276820454,,34.0,0.0,13.779999732971191,13.260000228881836,-0.5199995040893555,0,139.52000427246094,,,114.669,-2.0988275150199853,2.0000000000000018,0.2946021661910603,-0.7597268411499547,-0.29670671934167725,0.3322374396660166,-1.0051863307671494,0.3301419610432399
2020-01-02,2.8397551928381226,3.1,6.672106886488427,,30.0,-1.0000000000000009,12.470000267028809,10.600000381469727,-1.869999885559082,0,137.6999969482422,,,114.9745,-1.8322171030836665,-4.0000000000000036,0.8378802677341701,-0.7597268411499547,-1.0238116186621626,1.1499196209682871,0.19652625153272485,0.32905561039815456
2020-01-03,2.8397551928381226,4.251,6.672106886488427,,27.0,0.0,14.020000457763672,12.779999732971191,-1.2400007247924805,0,133.4600067138672,,,114.9867,-1.6911085139362458,-7.999999999999985,-0.7059870562045378,-0.7597268411499547,0.05930750740559265,-0.04577046192477674,3.0565526684486866,1.6202001424647339
2020-01-06,2.8397551928381226,3.825,6.672106886488427,,27.0,0.0,13.850000381469727,12.420000076293945,-1.4300003051757812,0,132.50999450683594,,,114.9557,-1.6546353916252698,1.0000000000000009,0.35333728907271933,-1.9096548113639922,-0.9827836469323947,-0.01225538027423978,0.348931361404059,1.0973405974574524
2020-01-07,2.8397551928381226,1.602,6.672106886488427,,28.999999999999996,1.0000000000000009,13.789999961853027,12.34000015258789,-1.4499998092651367,0,129.77999877929688,,,115.1477,-1.3233983477873301,2.0000000000000018,-0.2803238652896223,1.5982054540031099,0.9498517474519241,0.6938440599925322,-0.9009004120439812,0.3575595601353454
2020-01-08,2.292112805840807,0.876,6.672106886488427,,28.999999999999996,0.0,13.449999809265137,12.220000267028809,-1.2299995422363281,0,136.4199981689453,,,115.1328,-1.0748918663937679,4.0000000000000036,0.49024513689781557,-1.5734871572805398,-1.113745554376988,-1.2209775542217471,-4.928229848466481,-0.9161486173001832
2020-01-09,2.292112805840807,0.401,6.672106886488427,,27.0,0.0,12.539999961853027,10.859999656677246,-1.6800003051757812,0,133.47000122070312,,,115.2331,-1.1198054541819435,-2.0000000000000018,0.6655262605488987,2.306032815701453,1.6334183181895723,0.9126178535031837,-0.08387726312464316,-0.36599930350791343
2020-01-10,2.292112805840807,0.627,6.672106886488427,,27.0,0.0,12.5600004196167,10.569999694824219,-1.9900007247924805,0,128.14999389648438,,,115.0677,-1.0836572012141499,-2.0000000000000018,-0.2855178689662563,0.46630910734701825,0.9119779483432788,-0.08372094270744368,-0.873069922387304,0.3737867507016768
2020-01-13,2.292112805840807,1.0,6.672106886488427,,27.0,-1.0000000000000009,12.319999694824219,10.050000190734863,-2.2699995040893555,0,131.27000427246094,,,115.0342,-1.0494244509015593,2.0000000000000018,0.6976215252569862,0.46630910734701825,1.036540153869936,0.7528092477955273,-1.6260146842582146,-0.5842680954052937
2020-01-14,2.292112805840807,0.656,6.672106886488427,,24.0,0.0,12.390000343322754,10.180000305175781,-2.2100000381469727,0,130.82000732421875,,,115.0239,-0.9676463953686598,-3.0000000000000027,-0.1514532772802224,0.7320563285796666,0.4315276371860355,-0.28084747920972264,0.25826051386492743,-0.38749676475047234
2020-01-15,3.1062872403361474,0.675,6.672106886488427,,23.0,1.0000000000000009,12.420000076293945,9.6899995803833,-2.7300004959106445,0,130.82000732421875,,,114.9528,-0.7950870815825128,-3.0000000000000027,0.18701968845122874,-0.4519836658933629,-0.35285065556202033,-0.5401030290671516,-0.7212745530603581,0.6288868658155033
2020-01-16,3.1062872403361474,0.3,6.672106886488427,,23.0,0.0,12.319999694824219,9.710000038146973,-2.609999656677246,0,133.1300048828125,,,115.0006,-0.6016593385982483,2.0000000000000018,0.8366553026468271,0.06920212336352094,0.7651376753182948,-0.5164652940821357,1.2281596049237953,-0.1997278290509108
2020-01-17,3.1062872403361474,16.15,6.672106886488427,,26.0,-1.0000000000000009,12.100000381469727,9.039999961853027,-3.060000419616699,0,134.6199951171875,,,115.0656,-0.42352126692917214,3.0000000000000027,0.3862162248501333,0.45179590955040094,0.1120980172378161,0.04603128666182954,0.03417713193305527,0.6326693885167822
2020-01-21,3.1062872403361474,13.381,6.672106886488427,,25.0,-1.0000000000000009,12.850000381469727,11.380000114440918,-1.4700002670288086,0,132.6999969482422,,,115.1876,-0.3182026267942728,-6.000000000000005,-0.26519776473655776,-0.909125043985537,-1.014299767592497,-1.4098907726793564,-0.34164803520938536,-0.1539661495306488
2020-01-22,2.442765746523645,15.604,6.672106886488427,,24.0,-1.0000000000000009,12.90999984741211,11.029999732971191,-1.880000114440918,0,129.92999267578125,,,115.2273,-0.3756642210306249,-1.0000000000000009,0.02890760711180551,0.6988985285205196,1.2305300874122738,0.28226066096523894,-2.742541086623773,-0.0706743490544226
2020-01-23,2.442765746523645,12.904,6.672106886488427,,23.0,-1.0000000000000009,12.979999542236328,11.399999618530273,-1.5799999237060547,0,131.75999450683594,,,115.5545,-0.03832219711622509,-3.0000000000000027,0.11409766124783616,-0.9816766851827863,-0.931530143896786,-2.7518311614430746,-2.02679149076469,0.5979506504111276
2020-01-24,2.442765746523645,0.0,6.672106886488427,,21.0,-2.0000000000000018,14.5600004196167,14.649999618530273,0.08999919891357422,1,127.0199966430664,,,115.5556,-0.1763997519000582,-4.0000000000000036,-0.9042160974207403,0.13338788904289078,-0.931530143896786,-2.7518311614430746,-2.5184413060551747,0.41544165290976487
2020-01-27,2.442765746523645,0.002,6.672106886488427,,17.0,-2.0000000000000018,18.229999542236328,21.299999237060547,3.0699996948242188,1,127.0199966430664,,,115.8004,-0.0047493262433029315,-8.999999999999986,-1.5730711659182384,-2.0299083996447087,-0.931530143896786,-2.7518311614430746,-1.9376255096323791,0.36280779904294125
2020-01-28,2.442765746523645,0.002,6.672106886488427,,20.0,-2.0000000000000018,16.280000686645508,18.34000015258789,2.059999465942383,1,127.20999908447266,,,115.7239,0.07774529982531586,3.9999999999999813,1.0053584595046017,-0.5474704935467423,-3.090200288082323,-2.7518311614430746,0.6398196396180555,-0.4819950165462217
2020-01-29,2.7713099905487537,0.3,6.672106886488427,,18.0,-2.0000000000000018,16.389999389648438,18.1200008392334,1.730001449584961,1,125.1500015258789,,,115.7003,0.41685471272348007,-4.999999999999982,-0.08668741908683941,0.7050805102013724,0.3932549298468091,-2.7518311614430746,-0.2804744062557041,0.0382422683483874
2020-01-30,2.7713099905487537,4.14,6.672106886488427,,16.0,-2.0000000000000018,15.489999771118164,16.40999984741211,0.9200000762939453,1,125.1500015258789,,,115.8077,0.7346705160177436,-3.0000000000000027,0.3134358792605374,-1.7179670304378725,-1.7059611947705444,-2.7518311614430746,-2.2313939631505852,0.8727195022131706
2020-01-31,2.7713099905487537,4.5,6.672106886488427,,18.0,0.0,18.84000015258789,21.65999984741211,2.8199996948242188,1,135.72999572753906,,,115.7345,0.9291962082166982,-6.000000000000005,-1.770582037552626,0.9897822349882013,-1.3496271058833775,-2.7518311614430746,-1.1123859285517623,-0.037889206563779254
2020-02-03,2.7713099905487537,6.16,6.798284918588782,,18.0,-1.0000000000000009,17.969999313354492,19.229999542236328,1.260000228881836,1,127.69999694824219,,,116.1172,0.9938725543489957,3.0000000000000027,0.7254613892351713,-1.0051214320078716,-0.0061409314975113816,-7.724506984537793,-2.812258968810999,-0.3601031748229011
2020-02-04,2.7713099905487537,2.112,6.798284918588782,,20.0,0.0,16.049999237060547,15.8100004196167,-0.23999881744384766,0,127.69999694824219,,,115.9291,0.8195730462740469,7.000000000000006,1.4980414164082134,0.4903825854794208,1.8415399498463714,1.3355439214840725,-0.9978048172218812,-1.699209205395924
2020-02-05,3.485961230394774,4.112,6.798284918588782,,22.0,-1.0000000000000009,15.149999618530273,13.6899995803833,-1.4600000381469727,0,129.77999877929688,,,116.009,0.916266005078481,4.999999999999982,1.125059589785371,1.0178682173494158,0.3582177495978556,1.250312709752377,2.29792254711354,0.47729774880900244
2020-02-06,3.485961230394774,0.403,6.798284918588782,,21.0,-1.0000000000000009,14.960000038146973,12.979999542236328,-1.9800004959106445,0,129.77999877929688,,,116.1518,0.8720104700310927,-1.0000000000000009,0.3325672876785646,2.3758136254812268,2.8772256556059306,1.718261495736595,0.3940901732797153,0.46860486127882073
2020-02-07,3.485961230394774,1.1,6.798284918588782,,18.0,-2.0000000000000018,15.470000267028809,13.729999542236328,-1.7400007247924805,0,134.47999572753906,,,116.5086,1.1949678979404688,-5.999999999999983,-0.5400853672730133,-0.19104531534012148,-0.7177029298322202,0.3296674750718154,-1.2365084566858142,0.22362788669072486
2020-02-10,3.485961230394774,0.83,6.798284918588782,,19.0,-2.0000000000000018,15.039999961853027,12.890000343322754,-2.1499996185302734,0,133.2899932861328,,,116.5711,1.1611247115629109,-3.0000000000000027,0.7326397804890528,-0.5959380409356618,-0.491868399044737,0.505155717367467,-1.4904610583237776,0.3888802550604975
2020-02-11,3.485961230394774,0.228,6.798284918588782,,18.0,-2.0000000000000018,15.180000305175781,13.039999961853027,-2.140000343322754,0,133.2899932861328,,,116.3585,1.1217743988973572,3.0000000000000027,0.16884725532351208,-0.5959380409356618,1.0017876825048289,0.386851099954999,0.746417054998294,-0.5778863191787997
2020-02-12,3.8292327707735385,0.309,6.798284918588782,,18.0,-3.0000000000000027,13.739999771118164,10.84000015258789,-2.8999996185302734,0,133.1999969482422,,,116.2794,1.082460694297871,3.0000000000000027,0.6462646466197652,0.7398066927446267,0.6864121064364959,0.8694649834584789,2.462954697757036,0.11497501636401619
2020-02-13,3.8292327707735385,0.45,6.798284918588782,,17.0,-3.0000000000000027,14.149999618530273,11.829999923706055,-2.3199996948242188,0,133.0399932861328,,,116.3999,1.1962731223684964,-1.0000000000000009,-0.16304457368023773,-0.14031336815929496,-0.2421359268199752,-0.7115022315407171,0.4885675375140508,0.4912562876061788
2020-02-14,3.8292327707735385,0.0,6.798284918588782,,17.0,-2.0000000000000018,13.680000305175781,10.979999542236328,-2.700000762939453,0,133.0399932861328,,,116.4223,1.2783507665754978,-2.0000000000000018,0.18435333204338544,-0.5881408856113879,0.47605542146227364,0.3762492671137041,1.2252063215663744,0.4825075045227001
2020-02-18,3.8292327707735385,9.454,6.798284918588782,,14.000000000000002,0.0,14.829999923706055,13.020000457763672,-1.8099994659423828,0,137.66000366210938,,,116.6039,1.3941666391305674,-4.0000000000000036,-0.2919942636890105,-1.4004850090489795,-1.4847241833777391,0.04524210787473226,0.0,1.09307192530812
2020-02-19,4.775934214426014,0.095,6.798284918588782,,14.000000000000002,-1.0000000000000009,14.380000114440918,11.880000114440918,-2.5,0,141.80999755859375,,,116.7829,1.4924530007230707,1.0000000000000009,0.4705785881164548,0.8920419704012472,0.06610613322557413,-0.3206001417419335,2.3823279474399994,0.46874999999999556
2020-02-20,4.775934214426014,3.6,6.798284918588782,,13.0,0.0,15.5600004196167,13.859999656677246,-1.7000007629394531,0,137.1199951171875,,,117.2454,1.7864770166233113,-4.0000000000000036,-0.381551976362815,0.3352514005741325,-0.6713938715551815,1.8401530714853065,0.9194930669005785,0.566094904257386
2020-02-21,4.775934214426014,4.532,6.798284918588782,,12.0,-2.0000000000000018,17.079999923706055,15.770000457763672,-1.3099994659423828,0,137.1199951171875,,,117.0473,1.579486805644148,-6.000000000000005,-1.051810302712286,-0.3935839019409304,-1.4875842454736943,0.31400689247265134,-0.7437666795478304,1.7320302129691267
2020-02-24,4.775934214426014,0.592,6.798284918588782,,12.0,-2.0000000000000018,25.030000686645508,31.899999618530273,6.869998931884766,1,135.13999938964844,,,117.4018,1.5986396029578964,-8.000000000000007,-3.351362667122315,-0.3935839019409304,-3.8745374333177596,-0.2775313795029932,-3.6530549342836616,1.690383633759951
2020-02-25,4.775934214426014,0.111,6.798284918588782,,13.0,-1.0000000000000009,27.850000381469727,36.349998474121094,8.499998092651367,1,130.7899932861328,,,117.2425,1.4598167462243294,-4.999999999999982,-3.0279995565056117,-3.340910577082312,1.1817987098725835,-0.5998503535377564,-2.9749149722305135,-1.5247548210802098
2020-02-26,4.630590828236381,2.3,6.798284918588782,,17.0,-2.0000000000000018,27.559999465942383,34.84000015258789,7.280000686645508,1,130.64999389648438,,,117.405,1.3856601531601065,0.0,-0.37785406053220116,-0.7928221690569393,-1.2759060148992862,-0.8337429960637577,-2.3446932822953848,-0.4189704482223999
2020-02-27,4.630590828236381,0.275,6.798284918588782,,19.0,-2.0000000000000018,39.15999984741211,54.7400016784668,15.580001831054688,1,130.64999389648438,,,117.3678,1.4205362937128818,-3.0000000000000027,-4.416324258407911,-2.131253663820265,-1.0535652357916647,0.11382877899739352,-3.365482054287694,0.0
2020-02-28,4.630590828236381,2.187,6.798284918588782,,27.0,0.0,40.11000061035156,52.900001525878906,12.790000915527344,1,130.82000732421875,,,117.6568,1.6910068513219079,-17.000000000000014,-0.8238340444361891,-3.6689496786383113,-3.3033343079679978,-3.711597187444704,-4.9479758409528,-4.628050269150153
2020-03-02,4.630590828236381,2.525,10.130155568529142,,26.0,-1.0000000000000009,33.41999816894531,42.16999816894531,8.75,1,126.83999633789062,,,116.8144,0.8692858937704662,-2.9999999999999805,4.603922900611002,0.951234508825527,0.7800665282923447,3.146437130887514,4.44593778617155,1.8029584861813719
2020-03-03,4.630590828236381,0.627,10.130155568529142,,31.0,3.9999999999999813,36.81999969482422,47.34000015258789,10.520000457763672,1,123.05999755859375,,,116.4958,0.657798668504217,-8.000000000000007,-2.8107896121075893,-1.224459468004202,0.5812712341847437,0.7393663848753285,0.9197867490390976,3.127546645147916
2020-03-04,6.862277766384306,5.025,10.130155568529142,,35.0,12.99999999999999,31.989999771118164,37.060001373291016,5.070001602172852,1,127.37999725341797,,,116.7802,0.5709748426589556,0.0,4.220259077449118,0.0822003494788559,2.243132495757405,0.6271195814699926,-0.8478201002364627,-0.06089763198755538
2020-03-05,6.862277766384306,0.85,10.130155568529142,,33.0,2.0000000000000018,39.619998931884766,48.630001068115234,9.010002136230469,1,123.61000061035156,,,116.7901,0.7426953198118369,-9.999999999999998,-3.3922077046888544,1.085582637268434,1.2591440253344022,1.992617575015898,-1.881139966612022,1.5416518922981348
2020-03-06,6.862277766384306,2.93,10.130155568529142,,25.0,0.0,41.939998626708984,48.54999923706055,6.6100006103515625,1,126.08000183105469,,,116.7106,0.6047806635692154,-18.000000000000004,-1.7053852000370129,-2.716329431164788,-2.15992436682092,-1.2099584559629117,-10.065365126354575,0.2640437079691971
2020-03-09,6.862277766384306,2.504,10.130155568529142,,16.0,-1.0000000000000009,54.459999084472656,70.30000305175781,15.840003967285156,1,121.56999969482422,,,117.1871,0.8913335824326518,-19.999999999999996,-7.5969697477450975,-5.065074202701236,-4.188271480473071,-3.0060847073585584,-24.588178097574932,0.22144787309947844
2020-03-10,6.862277766384306,0.151,10.130155568529142,,26.0,1.0000000000000009,47.29999923706055,57.38999938964844,10.09000015258789,1,121.37999725341797,,,117.9027,1.1965640304664182,21.999999999999996,4.939630628156144,0.8546699234019517,0.4174421593412969,1.8167060947002822,10.3758481743095,-0.9196789736675148
2020-03-11,8.569732943662679,1.325,10.130155568529142,,32.0,4.999999999999982,53.900001525878906,68.20999908447266,14.30999755859375,1,121.72000122070312,,,118.2505,1.4406658254061178,5.999999999999995,-4.886844513127397,-2.270377454110395,-2.7846144632791225,-0.9425130656567249,-4.016301058212102,-1.0668405420007354
2020-03-12,8.569732943662679,21.05,10.130155568529142,,38.0,9.999999999999986,75.47000122070312,103.55999755859375,28.089996337890625,1,115.79000091552734,,,120.4883,3.549203539062451,6.000000000000005,-9.511268097833659,-4.410934367619912,-3.8747170326935865,-1.5169528925213394,-4.487566897449302,-3.1741181193497225
2020-03-13,8.569732943662679,15.1,10.130155568529142,,45.0,0.0,57.83000183105469,69.87000274658203,12.040000915527344,1,115.79000091552734,,,120.4388,3.577073841110301,5.999999999999995,9.287124972971839,-6.080832569764838,-3.4285006599195755,-1.233427524378894,0.7301572769407239,-4.630975611591981
2020-03-16,8.569732943662679,1.425,10.130155568529142,,37.0,16.0,82.69000244140625,106.66000366210938,23.970001220703125,1,114.66000366210938,,,120.9352,3.896309189269065,-20.999999999999996,-11.984055240393443,-2.4611925243857025,-3.1940092764179084,-3.4000200052406004,-9.549318698424791,-1.9660835071461547
2020-03-17,8.569732943662679,5.7,10.130155568529142,,55.00000000000001,44.00000000000001,75.91000366210938,92.93000030517578,17.019996643066406,1,116.66999816894531,,,122.4816,5.2045870937097005,29.000000000000004,5.995484974402432,0.05581821298088485,-2.4736739038561217,-0.3446367126065608,-6.097560813516734,2.6246718728858642
2020-03-18,17.802393692457862,0.477,10.130155568529142,,64.0,0.0,76.44999694824219,97.22000122070312,20.770004272460938,1,113.54000091552734,,,124.1623,6.482115949809564,15.999999999999993,-5.1830762729157875,-1.6752080935918623,-4.857572952130374,-1.830632361943929,-24.41558344129846,-3.1215145139910194
2020-03-19,17.802393692457862,1.195,10.130155568529142,,68.0,-4.000000000000001,72.0,91.0199966430664,19.019996643066406,1,115.44000244140625,,,125.0587,7.086482695668628,-5.999999999999983,0.47078080405855705,-1.0385925071876523,-8.393661426716005,-0.9757640365447351,23.809515337769717,0.08799341466505517
2020-03-20,17.802393692457862,12.203,10.130155568529142,,55.00000000000001,-6.000000000000001,66.04000091552734,83.47000122070312,17.43000030517578,1,118.12000274658203,,,124.9362,6.559575045161692,-20.000000000000007,-4.335951230846192,-1.0385925071876523,7.4442255066520024,1.6093984743660972,-11.062645060031196,0.3652119912907814
2020-03-23,17.802393692457862,26.944,10.130155568529142,,48.0,-8.0,61.59000015258789,78.76000213623047,17.170001983642578,1,117.05000305175781,,,126.1262,7.756607798727511,-16.000000000000004,-2.929386782180443,2.0235163242124043,-5.343681139862266,-3.1121591036711416,4.146234028187612,5.5929919137466255
2020-03-24,17.802393692457862,41.516,10.130155568529142,,46.0,-9.000000000000002,61.66999816894531,78.04000091552734,16.37000274658203,1,117.75,,,125.5001,6.897935125355836,7.9999999999999964,9.382773976227554,7.132792839866764,8.60124476380384,2.3407552237249885,2.782532540869198,5.947667592334072
2020-03-25,32.830807431558725,97.411,10.130155568529142,,54.0,-9.000000000000002,63.95000076293945,81.30000305175781,17.35000228881836,1,116.5999984741211,,,124.7916,6.438876687208128,4.0000000000000036,1.1535011448222,8.038100530880898,5.887689881638125,2.172797926950021,1.9991650881324485,-1.6805145864542737
2020-03-26,32.830807431558725,138.48,10.130155568529142,,53.0,-9.000000000000002,61.0,73.61000061035156,12.610000610351562,1,118.97000122070312,,,122.4308,4.280737617648311,-5.000000000000004,6.2414163303876835,-4.512446448421869,-1.0863710683708616,-0.5996631206654168,-7.717433267914419,1.0904812978834055
2020-03-27,32.830807431558725,210.794,10.130155568529142,,47.0,-9.000000000000002,65.54000091552734,72.33000183105469,6.790000915527344,1,117.41000366210938,,,122.4007,4.288143766859398,-10.999999999999998,-3.3687352562252526,3.883448310141757,1.8674678821961832,0.26373335275924337,-4.823009443316684,-1.587779623023844
2020-03-30,32.830807431558725,237.497,10.130155568529142,,47.0,-9.000000000000002,57.08000183105469,62.79999923706055,5.719997406005859,1,122.18000030517578,,,123.2883,4.786378687844639,-2.0000000000000018,3.351600948370015,-1.5702317669058607,-0.03551113146409435,-0.9014047890861243,-6.601580944603091,-0.11700378012791113
2020-03-31,32.830807431558725,284.908,10.130155568529142,,47.0,-9.000000000000002,53.540000915527344,60.15999984741211,6.619998931884766,1,125.48999786376953,,,122.5301,4.892975523565579,0.0,-1.6012721914555605,-0.8800691398100913,2.185055187636409,0.11217862840275927,1.9412612577715649,-2.3797765466052723
2020-04-01,47.671038231649334,207.828,16.924763601480052,,39.0,-9.000000000000002,57.060001373291016,61.33000183105469,4.270000457763672,1,115.4800033569336,,,123.7933,6.2641743307483955,-7.9999999999999964,-4.414243033166542,-4.501766504992144,-3.9426921267835424,-0.5735355890328586,-0.8300785160827329,-0.32841184552284686
2020-04-02,47.671038231649334,182.627,16.924763601480052,,40.0,-9.000000000000002,50.90999984741211,52.810001373291016,1.9000015258789062,1,118.43000030517578,,,123.5916,5.832666839070333,1.0000000000000009,2.282934723487151,-1.3655347484023417,2.3376422654470597,1.6864361397717742,24.667653178834637,3.009758045216593
2020-04-03,47.671038231649334,148.117,16.924763601480052,,39.0,-9.000000000000002,46.79999923706055,46.65999984741211,-0.1399993896484375,0,120.56999969482422,,,124.4152,6.528892431807143,-1.0000000000000009,-1.5137125124949469,0.008242735404362378,0.03362336999019888,-0.598815065780367,11.927332125446299,0.49209572739625784
2020-04-06,47.671038231649334,144.294,16.924763601480052,,40.0,-9.000000000000002,45.2400016784668,47.02000045776367,1.779998779296875,1,121.01000213623047,,,124.16,6.382796421233383,5.000000000000004,7.033131865275055,4.243003869930262,3.8506158274285163,-0.598815065780367,-7.974594977817818,2.6504284827250757
2020-04-07,47.671038231649334,88.36,16.924763601480052,,47.0,-9.000000000000002,46.70000076293945,48.34000015258789,1.6399993896484375,1,118.4800033569336,,,123.0956,5.041937209812342,7.9999999999999964,-0.16030527844311804,2.0126660881125247,1.7702061866134544,2.0541296924529107,-9.39417473200399,-0.7274866530635027
2020-04-08,54.52056805758203,53.483,16.924763601480052,,50.0,-9.000000000000002,43.349998474121094,42.459999084472656,-0.8899993896484375,0,119.30000305175781,,,123.2216,4.511262252688031,2.0000000000000018,3.405645287963033,2.1269484169633923,-0.9026080915696011,-0.19122638394404312,6.17859095926403,0.03603889766581325
2020-04-09,54.52056805758203,5.525,16.924763601480052,,50.0,-9.000000000000002,41.66999816894531,40.41999816894531,-1.25,0,120.8499984741211,,,122.476,3.57334641291156,-4.0000000000000036,1.4487410153376512,-0.03860182085545505,1.6086161588712233,0.374201628182913,-9.286567993367377,4.251226475316172
2020-04-13,54.52056805758203,6.1,16.924763601480052,,51.0,-8.0,41.16999816894531,41.7400016784668,0.5700035095214844,1,119.5999984741211,,,122.5203,1.72826364925589,3.0000000000000027,-1.0104660822607414,-2.3340236909249468,-1.8777848295338906,-0.4856917952255069,-1.5377872493409939,0.4953402775092375
2020-04-14,54.52056805758203,9.9,16.924763601480052,,53.0,-4.000000000000001,37.7599983215332,38.810001373291016,1.0500030517578125,1,122.33000183105469,,,122.1121,0.9731657945742933,0.0,3.0572589146256046,3.126595797161924,1.7154470533661703,1.58943941175671,-10.263271988938227,0.6820209772313124
2020-04-15,61.957456419115076,3.15,16.924763601480052,,43.0,-7.000000000000001,40.84000015258789,41.63999938964844,0.7999992370605469,1,122.33000183105469,,,123.0752,0.4846442241120297,-13.0,-2.2030438529415775,-0.4517621009339501,1.7154470533661703,-0.5697656355038716,-1.1934349270711797,-1.6792850697309403
2020-04-16,61.957456419115076,1.525,16.924763601480052,,41.0,-7.000000000000001,40.11000061035156,40.4900016784668,0.3800010681152344,1,122.33000183105469,,,123.4615,-0.5644225340542208,-2.0000000000000018,0.5816689462164515,-1.3293577015610736,-0.000539005635824541,0.31164866005839453,0.0,-0.39369655801569925
2020-04-17,61.957456419115076,1.726,16.924763601480052,,45.0,-7.000000000000001,38.150001525878906,36.18000030517578,-1.970001220703125,0,126.43000030517578,,,122.871,-1.749338510635412,4.0000000000000036,2.679359484822341,3.1469895151986726,3.0941259440783853,0.658173263146189,-8.052341791101082,-1.8135359683463026
2020-04-20,61.957456419115076,31.0,16.924763601480052,,43.0,-8.0,43.83000183105469,44.0,0.1699981689453125,1,125.33999633789062,,,123.1033,-1.4670687919113856,-2.0000000000000018,-1.788104803401469,-1.1465931876415536,-0.8445959947283255,0.49525754837493885,-305.9660652724544,0.7340767684405947
2020-04-21,61.957456419115076,12.528,16.924763601480052,,38.0,-9.000000000000002,45.40999984741211,45.459999084472656,0.049999237060546875,1,123.70999908447266,,,123.9116,-1.7558604001388978,-5.000000000000004,-3.0674795694063395,-1.9743631678345697,-0.9998093414951059,-0.8953396923688461,-126.60111598392577,-1.3751777591560432
2020-04-22,67.32890000262202,10.825,16.924763601480052,,41.0,-9.000000000000002,41.97999954223633,40.209999084472656,-1.7700004577636719,0,126.19000244140625,,,123.9256,-1.2545806736408927,5.000000000000004,2.2930247703843776,-0.7407899645848315,0.8923165877938288,0.6001755697272237,37.66233184702416,3.0091765861830932
2020-04-23,67.32890000262202,1.45,16.924763601480052,,39.0,-9.000000000000002,41.380001068115234,39.349998474121094,-2.0300025939941406,0,125.22000122070312,,,123.7542,-0.8313059532853218,-2.0000000000000018,-0.053942211974311594,1.5231006783601453,0.9798779535089341,-0.19272136473853507,19.738754134520818,0.2661015668526945
2020-04-24,67.32890000262202,1.5,16.924763601480052,,38.0,-7.000000000000001,35.93000030517578,31.719999313354492,-4.210000991821289,0,125.22000122070312,,,124.1615,1.4136148746883848,-1.0000000000000009,1.3918057304545428,-0.8617822121372076,-1.3432688141660765,-1.0558386828976474,2.6666699033794927,-0.5653982895085452
2020-04-27,67.32890000262202,16.476,16.924763601480052,,43.0,-7.000000000000001,33.290000915527344,31.40999984741211,-1.8800010681152344,0,129.2899932861328,,,123.8843,1.2120845714117534,7.000000000000006,1.4714069804799612,2.7059531882722476,1.7871800356321854,0.2480324868401329,-24.557264875658102,-0.6730476116006634
2020-04-28,67.32890000262202,7.131,16.924763601480052,,42.0,-9.000000000000002,33.56999969482422,32.439998626708984,-1.1300010681152344,0,129.22999572753906,,,123.3693,0.06569966493170654,-5.000000000000004,-0.5242380698498916,-0.06081542626726888,0.5887311625454972,-0.19432430810660817,-3.4428762877681707,-0.08178190280367925
2020-04-29,71.11716586227543,1.45,16.924763601480052,,43.0,-9.000000000000002,31.229999542236328,29.65999984741211,-1.5699996948242188,0,132.60000610351562,,,122.7782,0.20248085980505426,1.0000000000000009,2.6583916282167053,-0.06081542626726888,0.6964563702559934,0.44191683337884147,22.0421412754876,-0.41508188166836657
2020-04-30,71.11716586227543,1.775,16.924763601480052,,44.0,-6.000000000000001,34.150001525878906,32.880001068115234,-1.2700004577636719,0,130.3800048828125,,,122.327,-1.184474442477912,1.0000000000000009,-0.9212446303987654,2.1369478098507644,0.6964563702559934,1.3336018286747242,25.099599121175853,-1.1271617334156159
2020-05-01,71.11716586227543,0.251,21.95916535176017,,44.0,-7.000000000000001,37.189998626708984,35.56999969482422,-1.6199989318847656,0,129.97000122070312,,,123.1492,-0.357953129500721,0.0,-2.8059034078492195,-2.844155076679755,0.6964563702559934,1.3336018286747242,4.98938708303831,0.6115692392080874
2020-05-04,71.11716586227543,4.85,21.95916535176017,,45.0,-5.0,35.970001220703125,35.45000076293945,-0.5200004577636719,0,129.97000122070312,,,123.2117,-0.9673255357866339,0.0,0.42498275919764517,-2.844155076679755,-2.679766574913578,1.3336018286747242,3.0839164905326344,0.7317807267077203
2020-05-05,71.11716586227543,1.925,21.95916535176017,,47.0,-5.0,33.61000061035156,33.189998626708984,-0.4200019836425781,0,131.2899932861328,,,122.803,-1.0929445876288635,2.0000000000000018,0.9040556385797371,-2.844155076679755,-2.679766574913578,1.3336018286747242,20.4512025557537,-0.14646434848216705
2020-05-06,72.68877164062837,1.175,21.95916535176017,,55.00000000000001,-5.0,34.119998931884766,33.97999954223633,-0.1399993896484375,0,128.58999633789062,,,123.609,0.4170742089887769,5.999999999999995,-0.6979410390386298,-2.844155076679755,1.7616620889038037,0.6313756434542794,-2.320845713431885,-1.185172081250807
2020-05-07,72.68877164062837,0.982,21.95916535176017,,50.0,-5.0,31.440000534057617,29.75,-1.6900005340576172,0,130.6699981689453,,,123.1249,-0.07847650087322577,-8.999999999999996,1.1504630788313985,0.2824758362454549,-0.007778283109505235,-0.2299034656528698,-1.8340997843082074,2.23251981631325
2020-05-08,72.68877164062837,0.68,21.95916535176017,,53.0,-4.000000000000001,27.979999542236328,24.889999389648438,-3.0900001525878906,0,132.2100067138672,,,122.5379,0.05054051405988247,5.999999999999995,1.6871538638701944,2.5632844730352433,0.8923505046751545,0.8294253291047049,5.053080987726388,-0.6911385803573311
2020-05-11,72.68877164062837,0.123,21.95916535176017,,56.00000000000001,-4.000000000000001,27.56999969482422,26.170000076293945,-1.3999996185302734,0,132.2100067138672,,,123.2333,0.8792624706121188,4.0000000000000036,0.013307822091168653,1.0484631077923856,-0.5355028811824147,-0.018652007919850444,-2.42522387639702,-0.8538496624058811
2020-05-12,72.68877164062837,0.825,21.95916535176017,,52.0,-4.000000000000001,33.040000915527344,33.36000061035156,0.31999969482421875,1,125.97000122070312,,,123.0592,0.439845478667622,-4.0000000000000036,-2.0500317528877154,-0.11858217102690416,-0.6835786040023106,-0.11206786549258219,6.793708941435694,0.5367766957965925
2020-05-13,79.42244114688948,13.825,21.95916535176017,,48.0,-6.000000000000001,35.279998779296875,34.630001068115234,-0.6499977111816406,0,123.43000030517578,,,123.5408,1.1699905250994735,-4.999999999999993,-1.7462724604228042,-0.48820260158628503,0.9494477378568122,0.22458983437174673,-1.90069727721921,0.5573808885191767
2020-05-14,79.42244114688948,0.133,21.95916535176017,,47.0,-8.0,32.61000061035156,31.65999984741211,-0.9500007629394531,0,124.3499984741211,,,123.6429,0.4612627076779008,-1.0000000000000009,1.152482269503552,-1.738148723152666,-0.7967389873163033,-0.9560914182177194,8.975873737597716,1.411981494086767
2020-05-15,79.42244114688948,1.15,21.95916535176017,,48.0,-5.0,31.889999389648438,29.709999084472656,-2.1800003051757812,0,124.47000122070312,,,123.5991,0.11145174811582059,1.0000000000000009,0.39263632504382695,0.6160821790741844,0.1205255385283488,-0.06560391109202701,6.785199112736828,0.8802743825462089
2020-05-18,79.42244114688948,0.578,21.95916535176017,,55.00000000000001,-6.000000000000001,29.299999237060547,27.6200008392334,-1.6799983978271484,0,129.22999572753906,,,122.7968,-0.06038853757192042,8.999999999999996,3.1501191631680747,0.48039878411394454,0.5100429571863296,0.2426035865566334,8.120962843578749,-1.231890913949063
2020-05-19,79.42244114688948,0.09,21.95916535176017,,53.0,-6.000000000000001,30.530000686645508,28.030000686645508,-2.5,0,127.4800033569336,,,122.5655,-0.43686887353954207,-3.0000000000000027,-1.0484399194493177,1.4886399242564519,2.2456133275315926,0.8053771394647802,2.1370217212365095,0.7160123567464316
2020-05-20,82.29184016827121,9.726,21.95916535176017,,52.0,-9.000000000000002,27.989999771118164,24.93000030517578,-3.059999465942383,0,125.94999694824219,,,122.1007,-1.4614450947288304,-1.9999999999999907,1.665110025908012,0.7913552437667892,0.45592162837007066,-0.5119027755328687,3.046159010667071,0.36693180789062474
2020-05-21,82.29184016827121,0.003,21.95916535176017,,51.0,-8.0,29.530000686645508,26.149999618530273,-3.3800010681152344,0,124.52999877929688,,,122.0914,-1.4800815973455173,0.0,-0.7773596407737116,-0.20800937569021016,0.4357594279106092,-0.548384237411581,1.2839548191333483,-1.7194091172006765
2020-05-22,82.29184016827121,0.001,21.95916535176017,,49.0,-6.000000000000001,28.15999984741211,23.469999313354492,-4.690000534057617,0,125.77999877929688,,,122.3211,-1.1580213035193965,-2.0000000000000018,0.2353711326488428,-0.7986955542084284,-1.4101942583809257,-1.8884453814955737,-1.9752305575261309,0.8195277876162477
2020-05-26,82.29184016827121,0.001,21.95916535176017,,51.0,-4.000000000000001,28.010000228881836,25.5,-2.510000228881836,0,129.11000061035156,,,121.3864,-2.2350728688039445,2.9999999999999916,1.2289184036080147,2.552928630449469,1.763764872232243,1.014104079695688,3.3082660875822345,-1.7179711274783238
2020-05-27,84.27675438095426,4.326,21.95916535176017,,49.0,-4.000000000000001,27.6200008392334,25.170000076293945,-2.450000762939453,0,129.9600067138672,,,121.5677,-1.869970609673699,-0.9999999999999898,1.4827297215913804,0.6960620756582658,0.0699544706571853,-0.34228009074521726,-4.483252312195285,0.3226184797320286
2020-05-28,84.27675438095426,0.0,21.95916535176017,,53.0,-4.000000000000001,28.59000015258789,26.020000457763672,-2.5699996948242188,0,130.77999877929688,,,121.0138,-1.9093080693495024,1.9999999999999907,-0.21079145460738413,2.320718659105081,-0.13095274583088123,0.3319922313680168,2.7430590475814087,0.17540781818112805
2020-05-29,84.27675438095426,1.325,21.95916535176017,,49.0,-4.000000000000001,27.510000228881836,24.59000015258789,-2.9200000762939453,0,131.72000122070312,,,120.9458,-1.4924473562896279,-4.999999999999993,0.48123358249714254,-0.17530287222763397,0.052251200519926044,0.21534337640058965,5.280340084061397,1.3774572411924924
2020-06-01,84.27675438095426,0.0,22.84779847014624,,52.0,-4.000000000000001,28.229999542236328,27.079999923706055,-1.1499996185302734,0,132.08999633789062,,,120.2686,-1.682702919224699,1.0000000000000009,0.3751234813537785,0.8433171330931355,1.7481327831027071,2.211503154521477,-0.14089334852905866,0.05181785948595863
2020-06-02,84.27675438095426,2.013,22.84779847014624,,51.0,-3.0,26.84000015258789,25.059999465942383,-1.7800006866455078,0,132.61000061035156,,,119.6854,-2.8126857502931313,2.0000000000000018,0.8210832780053412,1.1930654047151767,1.070654039785457,0.20467098015719554,3.8656963873286987,-0.7250602659809369
2020-06-03,86.22344317108256,0.013,22.84779847014624,,57.99999999999999,-4.000000000000001,25.65999984741211,23.969999313354492,-1.6900005340576172,0,131.5,,,119.2556,-3.2108152066727347,8.999999999999996,1.3648979133831007,1.2906720071330646,2.8655781348511544,0.06754110756386211,1.3039921877987526,-1.5882160398357326
2020-06-04,86.22344317108256,0.0,22.84779847014624,,63.0,-3.0,25.809999465942383,23.559999465942383,-2.25,0,130.77000427246094,,,119.3014,-2.851396138530815,4.999999999999993,-0.33687022311144066,0.36252471769253614,0.1946870815382029,-0.1409371939234294,0.3217992194652908,1.2427833065796756
2020-06-05,86.22344317108256,0.0,22.84779847014624,,69.0,-3.0,24.520000457763672,22.6299991607666,-1.8900012969970703,0,129.8699951171875,,,118.8138,-3.8793291750600645,9.000000000000007,2.6211650818398713,0.7401839844842772,1.4266675276888074,0.39558420279175444,5.720394007957941,-2.484151063802742
2020-06-08,86.22344317108256,0.0,22.84779847014624,,66.0,-3.0,25.809999465942383,25.18000030517578,-0.6299991607666016,0,129.11000061035156,,,118.6621,-3.624612080903211,-3.0000000000000027,1.2041579421169235,1.3749687132407207,0.11091044585731513,0.23788474256392078,-3.4386868181710772,1.3184642823070858
2020-06-09,86.22344317108256,1.252,22.84779847014624,,64.0,-2.0000000000000004,27.56999969482422,26.920000076293945,-0.6499996185302734,0,129.11000061035156,,,118.5893,-3.222349983148065,-4.0000000000000036,-0.7799170822611612,-0.3756576853469973,0.2119628222306602,0.624319066309531,1.9638649567153221,0.9656657759072873
2020-06-10,86.20830633085322,0.012,22.84779847014624,,57.99999999999999,-3.0,27.56999969482422,27.100000381469727,-0.4699993133544922,0,127.73999786376953,,,118.5231,-3.8221811799245775,-8.999999999999996,-0.5313091072437381,0.1468965347490636,0.3092858474900595,-0.41808735955323195,1.694914922157742,-0.08164124241055726
2020-06-11,86.20830633085322,0.375,22.84779847014624,,47.0,-2.0000000000000004,40.790000915527344,42.060001373291016,1.2700004577636719,1,127.73999786376953,,,119.2347,-3.1078537809444584,-8.999999999999996,-5.894405927443824,-2.819634570143481,-0.8612287077866765,-0.7764223960764371,-8.232319310980873,1.0914580423122988
2020-06-12,86.20830633085322,0.0,22.84779847014624,,52.0,-2.0000000000000004,36.09000015258789,36.52000045776367,0.43000030517578125,1,133.5399932861328,,,119.6645,-3.1376678797611857,4.999999999999993,1.3060843963234703,-0.7450289541314103,-2.0433842588641116,-0.03957708437499763,-0.22014813076161044,-0.15588632632073107
2020-06-15,86.20830633085322,0.003,22.84779847014624,,52.0,-1.0000000000000009,34.400001525878906,35.97999954223633,1.5799980163574219,1,133.5399932861328,,,119.9539,-2.9835922644971924,0.0,0.8312217041285264,-3.4723809293645047,-4.759184927788851,-1.0175881298331246,2.371761307669029,-0.5204417825639296
2020-06-16,86.20830633085322,4.0,22.84779847014624,,54.0,-1.0000000000000009,33.66999816894531,35.380001068115234,1.7100028991699219,1,137.3300018310547,,,119.567,-3.2622405826579715,4.0000000000000036,1.896239819380252,4.882560950143899,5.280138336980844,1.4435826022636489,3.394402404328112,0.5405991102626295
2020-06-17,84.56452834743664,0.001,22.84779847014624,,55.00000000000001,-1.0000000000000009,33.470001220703125,33.97999954223633,0.5099983215332031,1,133.85000610351562,,,119.9105,-2.3504684161150813,-1.0000000000000009,-0.3600299556174025,-0.5599592184528546,0.1403147696025231,0.14053439711776416,-1.094325096284332,-0.023128146375406278
2020-06-18,84.56452834743664,0.001,22.84779847014624,,52.0,-1.0000000000000009,32.939998626708984,32.04999923706055,-0.8899993896484375,0,135.49000549316406,,,120.2173,-1.9158735533245541,-3.0000000000000027,0.05942198825281686,-0.4466507888035709,-0.3535680244148631,0.11751034733034071,2.3182325851930585,-0.254447285912085
2020-06-19,84.56452834743664,0.001,22.84779847014624,,51.0,-1.0000000000000009,35.119998931884766,33.91999816894531,-1.2000007629394531,0,134.89999389648438,,,120.2186,-1.5414326043994953,-1.0000000000000009,-0.5649494809462974,0.5516688980146345,0.36747885906585065,0.963141604001172,2.3429450150284747,1.2233287910835555
2020-06-22,84.56452834743664,0.01,22.84779847014624,,52.0,-2.0000000000000004,31.770000457763672,31.229999542236328,-0.5400009155273438,0,135.5399932861328,,,119.7532,-1.915122604868147,1.0000000000000009,0.6495095537691675,-0.18470537329461356,-0.6813595083804302,-0.07945432042945066,1.7861612187991316,0.6185879263869598
2020-06-23,84.56452834743664,0.011,22.84779847014624,,54.0,-3.0,31.3700008392334,30.290000915527344,-1.0799999237060547,0,135.1999969482422,,,119.3285,-2.4465116811408616,1.0000000000000009,0.4307419569164139,0.49819453229063004,0.2120631113043725,0.18035932557172174,-0.22244230010975974,0.8766451210856729
2020-06-24,85.07030777797841,0.001,22.84779847014624,,50.0,-2.0000000000000004,33.84000015258789,33.25,-0.5900001525878906,0,135.1999969482422,,,119.9744,-1.1632275114839774,-3.0000000000000027,-2.585514593906457,-0.06532633631854967,1.420300842230393,0.3006412079233023,-5.845926858540496,-0.3555062832010569
2020-06-25,85.07030777797841,0.001,22.84779847014624,,51.0,-1.0000000000000009,32.220001220703125,30.920000076293945,-1.3000011444091797,0,131.9199981689453,,,120.2997,-1.0430402154519625,-0.9999999999999898,1.095944726780984,-1.2182805879781267,-2.2734057374757755,0.3006412079233023,1.8679372021116247,-0.20954089590399239
2020-06-26,85.07030777797841,0.2,22.84779847014624,,47.0,-2.0000000000000004,34.72999954223633,33.310001373291016,-1.4199981689453125,0,137.47000122070312,,,120.533,-0.3973100588527956,-4.0000000000000036,-2.4226905044785974,1.1333935596452793,1.054729233999696,0.3006412079233023,-0.5940070634950056,0.5902062628770022
2020-06-29,85.07030777797841,0.25,22.84779847014624,,48.0,-2.0000000000000004,31.780000686645508,30.420000076293945,-1.3600006103515625,0,135.75,,,120.6658,-0.23150865925067876,0.0,1.4685678433118632,-2.2967269742763974,-1.928649837605556,-0.6052895874475106,3.1436711657759853,0.12976298043019252
2020-06-30,85.07030777797841,0.95,22.84779847014624,,50.0,0.0,30.43000030517578,29.139999389648438,-1.2900009155273438,0,148.27000427246094,,,120.4649,0.1632179970499248,2.0000000000000018,1.5409875731554612,1.3325803226224675,0.7093498765115891,0.7819629574365772,-1.0831241735823616,1.025464878924942
2020-07-01,83.81001983112337,0.002,23.172542616595116,,52.0,0.9999999999999996,28.6200008392334,25.200000762939453,-3.4200000762939453,0,142.44000244140625,,,120.0808,0.3303661098178923,2.9999999999999916,0.5022132820864389,-0.7466309507368374,-0.07731839383398054,1.383966348267629,1.4005582649587511,-1.104297201791693
2020-07-02,83.81001983112337,0.0,23.172542616595116,,52.0,0.9999999999999996,27.68000030517578,22.639999389648438,-5.040000915527344,0,146.33999633789062,,,119.8555,0.5030371739356498,-0.9999999999999898,0.45412508443640753,0.10953242913898098,1.3609041002577094,2.134452783503016,2.0843843229927828,0.6090711214483902
2020-07-06,83.81001983112337,0.0,23.172542616595116,,53.0,0.0,27.940000534057617,25.229999542236328,-2.710000991821289,0,140.97999572753906,,,119.2852,-0.01357905271857085,0.9999999999999898,1.588172586745884,1.8288810058876281,1.6502441905426934,5.711347799684718,-0.0492016162679354,0.2522421524663754
2020-07-07,83.81001983112337,0.003,23.172542616595116,,49.0,0.0,29.43000030517578,26.84000015258789,-2.5900001525878906,0,138.33999633789062,,,119.5717,0.6378888647615044,-3.9999999999999925,-1.0818532028197159,-0.43914797107739156,-1.0859584405341738,0.37372501928545354,-0.024617612521593557,0.8778278541724971
2020-07-08,81.40621404033197,0.001,23.172542616595116,,51.0,0.0,28.079999923706055,23.670000076293945,-4.409999847412109,0,138.33999633789062,,,119.5525,0.7503659550943453,2.0000000000000018,0.7827461915415501,-0.7784279455390619,-0.24443732486203462,1.7368363437328949,0.6893220122030863,0.6263190962168652
2020-07-09,81.40621404033197,0.0,23.172542616595116,,46.0,0.0,29.260000228881836,25.549999237060547,-3.710000991821289,0,138.83999633789062,,,119.5129,0.7788223726761245,-5.000000000000004,-0.5643606159361103,0.4039399442351099,0.41781016179089914,1.3854821458930022,-3.129590577604835,-0.8978269803428862
2020-07-10,81.40621404033197,0.0,23.172542616595116,,49.0,0.0,27.290000915527344,22.59000015258789,-4.700000762939453,0,135.67999267578125,,,119.3509,0.6984292513442458,3.0000000000000027,1.046620127324438,-1.0585265916000286,-0.8141474763049938,-1.9495765879869675,2.347300177303513,-0.055580259400778154
2020-07-13,81.40621404033197,0.001,23.172542616595116,,48.0,0.0,32.189998626708984,30.309999465942383,-1.8799991607666016,0,135.67999267578125,,,119.1891,-0.038243900475287695,-1.0000000000000009,-0.9362541127788226,2.215844446128701,1.6653904705848266,1.7723369755147322,-1.109742962777116,0.7118256687629998
2020-07-14,81.40621404033197,0.001,23.172542616595116,,49.0,0.9999999999999996,29.520000457763672,27.780000686645508,-1.739999771118164,0,128.52000427246094,,,119.3901,-0.22930777298195704,-1.0000000000000009,1.3406370782667931,-0.8678197193211279,-0.11207153994895469,-0.8325475465691623,0.47382156767130645,-0.022088592714664124
2020-07-15,82.73117110587667,0.001,23.172542616595116,,48.0,3.0,27.760000228881836,25.219999313354492,-2.5400009155273438,0,146.52999877929688,,,119.0331,-0.7676282305118853,1.0000000000000009,0.9082050740923053,1.5871522529758764,0.8366775427778084,-1.5613731143215404,2.2586245389272452,0.044186945703783564
2020-07-16,82.73117110587667,0.001,23.172542616595116,,46.0,1.9999999999999991,28.0,25.850000381469727,-2.1499996185302734,0,142.44000244140625,,,118.9275,-0.534846571378389,-2.0000000000000018,-0.34061012455366413,-0.763289642849363,-0.8229274079987636,-4.498398121834257,-1.092234841277584,-0.7011191934976124
2020-07-17,82.73117110587667,0.0,23.172542616595116,,50.0,1.9999999999999991,25.68000030517578,22.15999984741211,-3.520000457763672,0,140.80999755859375,,,119.124,-0.6559058631229187,2.0000000000000018,0.2848612194617406,-0.32471798932686147,0.7981614995548725,0.1255346020242909,-0.39263766236100617,0.5337242406658893
2020-07-20,82.73117110587667,0.003,23.172542616595116,,46.0,1.9999999999999991,24.459999084472656,22.520000457763672,-1.9399986267089844,0,145.89999389648438,,,119.0483,-0.9724058018271919,-2.0000000000000018,0.84069387471426,0.09279237407262553,-0.1358351761531651,3.111885753454291,0.5420084254153412,0.42028288341100506
2020-07-21,82.73117110587667,0.0,23.172542616595116,,47.0,0.9999999999999996,24.84000015258789,23.329999923706055,-1.510000228881836,0,134.83999633789062,,,118.4042,-1.5092506484021495,-1.0000000000000009,0.16790373419135474,0.7339732705146096,1.3934185985581493,0.2035543332866263,2.8179310769008703,1.4593314413633873
2020-07-22,83.11744959031782,0.0,23.172542616595116,,46.0,0.0,24.31999969482422,21.649999618530273,-2.6700000762939453,0,140.38999938964844,,,118.1337,-1.3523646967262715,-1.0000000000000009,0.5747082068739751,-0.5794880666698421,-0.007634768450726082,0.3694498891591458,-0.1429875116845558,1.1778088842989476
2020-07-23,83.11744959031782,0.0,23.172542616595116,,43.0,0.0,26.079999923706055,24.100000381469727,-1.9799995422363281,0,140.74000549316406,,,118.0613,-1.0619424529764498,-1.0000000000000009,-1.2319859824193036,-0.5794880666698421,-0.5595277518732122,-0.24163092266403785,-1.9809112191608191,1.34112978528107
2020-07-24,83.11744959031782,0.0,23.172542616595116,,45.0,0.0,25.84000015258789,22.700000762939453,-3.1399993896484375,0,139.39999389648438,,,118.1329,-1.534910780966603,0.0,-0.6190400054688405,-0.5794880666698421,-0.7106791573111337,-3.859783191213928,0.5356737821715862,0.4340730161538575
2020-07-27,83.11744959031782,0.0,23.172542616595116,,47.0,0.0,24.739999771118164,22.3799991607666,-2.3600006103515625,0,139.61000061035156,,,117.3869,-2.421286171120962,3.0000000000000027,0.7395138795039502,-0.15717466415493542,0.7916674155847403,0.26461051284554227,0.7507811860502311,1.7762056767294032
2020-07-28,83.11744959031782,0.0,23.172542616595116,,45.0,0.0,25.440000534057617,23.540000915527344,-1.8999996185302734,0,139.63999938964844,,,117.3189,-2.666572639857967,-3.0000000000000027,-0.6473392152297919,-0.2573918695775723,1.764307977836621,0.7092449238723653,-1.346148026765237,0.7094744263011377
2020-07-29,83.88050917916479,0.001,23.172542616595116,,46.0,-1.0000000000000009,24.100000381469727,21.93000030517578,-2.1700000762939453,0,140.86000061035156,,,117.2126,-2.8617885100832297,-1.0000000000000009,1.242838167815008,-1.1487271454295511,0.27336948332497,2.06297605365231,0.5604277219918519,0.4525144777641543
2020-07-30,83.88050917916479,0.307,23.172542616595116,,44.0,0.0,24.760000228881836,22.790000915527344,-1.9699993133544922,0,138.99000549316406,,,117.4008,-2.543562481685535,-2.9999999999999916,-0.3750251937389204,-0.25842132250604166,0.170120442468491,-0.23462918369986374,-3.2711467745195955,-0.5733274211351391
2020-07-31,83.88050917916479,0.15,23.172542616595116,,44.0,0.0,24.459999084472656,20.610000610351562,-3.8499984741210938,0,138.99000549316406,,,117.2082,-2.3922225701361044,0.0,0.7670504990141325,-2.816706106462441,-0.7781126903779634,0.7053944035363191,0.8767592807422453,1.0554496980200723
2020-08-03,83.88050917916479,0.0,22.965193930975538,,45.0,0.0,24.280000686645508,20.950000762939453,-3.3299999237060547,0,141.55999755859375,,,117.8074,-1.7088076892591508,1.0000000000000009,0.718102343932614,2.235747855251047,0.07423953320264687,1.7510229728460835,1.8375908998204737,0.1630299109573352
2020-08-04,83.88050917916479,0.005,22.965193930975538,,41.0,-1.0000000000000009,23.760000228881836,20.440000534057617,-3.3199996948242188,0,141.77000427246094,,,117.7833,-1.2590832726943502,-4.0000000000000036,0.36119303819721615,1.7043154126153315,1.2851806782021358,0.11056753191276414,1.6825224814602135,1.790434952791209
2020-08-05,83.6614577700161,0.0,22.965193930975538,,44.0,-1.0000000000000009,22.989999771118164,19.020000457763672,-3.969999313354492,0,139.58999633789062,,,116.8736,-2.2564703855511015,3.0000000000000027,0.6429743053199433,-0.26052729804526553,1.3987086289963369,0.17410014827909936,1.1750548076848277,1.494104794303719
2020-08-06,83.6614577700161,0.0,22.965193930975538,,44.0,-1.0000000000000009,22.649999618530273,19.399999618530273,-3.25,0,139.58999633789062,,,117.0422,-2.0997469730871354,0.0,0.642769555966427,-0.42949084905161694,1.3300977814912684,0.2635009352714768,-0.5688501341111651,1.0043830761298445
2020-08-07,83.6614577700161,0.0,22.965193930975538,,44.0,-1.0000000000000009,22.209999084472656,18.079999923706055,-4.129999160766602,0,139.75,,,117.6239,-1.580582514523532,1.9999999999999907,0.06330295486443038,-0.39347999706920156,0.3867401760293543,-0.9574909847494095,-1.740165742455102,-2.018036773778331
2020-08-10,83.6614577700161,0.008,22.965193930975538,,45.0,-1.0000000000000009,22.1299991607666,18.8799991607666,-3.25,0,137.5,,,117.5821,-1.482016474111214,2.0000000000000018,0.2742218294476073,-0.39347999706920156,1.4759707820656054,0.7518419359494821,1.746718546054371,0.7114098304466854
2020-08-11,83.6614577700161,0.0,22.965193930975538,,48.0,0.0,24.030000686645508,21.889999389648438,-2.1400012969970703,0,136.38999938964844,,,117.3781,-1.5194342435675634,5.000000000000004,-0.7969132154236114,1.8822298292939577,1.3530971868755515,-1.1529745222598642,-0.7868336365353779,-4.534679298608257
2020-08-12,83.76238570445254,0.103,22.965193930975538,,53.0,-1.0000000000000009,22.280000686645508,18.899999618530273,-3.3800010681152344,0,137.00999450683594,,,117.2559,-1.7875854028097882,4.999999999999993,1.3996549490237653,0.4119547844747107,0.565607388487499,-0.6294041994973187,2.5474586470687344,0.11901318727005616
2020-08-13,83.76238570445254,0.126,22.965193930975538,,55.00000000000001,-1.0000000000000009,22.1299991607666,18.540000915527344,-3.589998245239258,0,136.11000061035156,,,117.1193,-1.6077880858349602,2.0000000000000018,-0.2047174350497949,1.7757359969658326,0.21295995365206988,0.04398444980528993,-1.0077255892442571,1.1266694135483313
2020-08-14,83.76238570445254,0.001,22.965193930975538,,56.99999999999999,-1.0000000000000009,22.049999237060547,17.8700008392334,-4.179998397827148,0,136.82000732421875,,,116.9395,-1.6716066511109684,0.0,-0.017188262276812694,0.1709706144256362,-1.2323966762028071,1.1856758430236702,-0.5445155014064396,-1.0067946881726408
2020-08-17,83.76238570445254,0.054,22.965193930975538,,55.00000000000001,0.0,21.350000381469727,17.600000381469727,-3.75,0,137.4499969482422,,,116.749,-1.9937208287162944,-2.0000000000000018,0.2709842511078753,-0.8270273642939086,-1.2323966762028071,2.3422494831419227,2.0947419739937745,2.47805885389778
2020-08-18,83.76238570445254,0.002,22.965193930975538,,53.0,-1.0000000000000009,21.510000228881836,17.81999969482422,-3.690000534057617,0,138.0800018310547,,,116.5593,-2.0907480409212087,-1.9999999999999907,0.2303389154016955,-0.19773310909543262,-2.461069422524653,0.35733634620818133,0.0,0.7254420359729119
2020-08-19,86.21212547803827,0.112,22.965193930975538,,54.0,-1.0000000000000009,22.540000915527344,19.229999542236328,-3.3100013732910156,0,138.0800018310547,,,116.567,-1.5516341481130014,1.0000000000000009,-0.44043954214108005,0.2582494905802424,0.523798627026073,-1.2448303620184453,0.09326396851616625,-2.0356143215570333
2020-08-20,86.21212547803827,0.15,22.965193930975538,,52.0,-3.0,22.719999313354492,18.850000381469727,-3.8699989318847656,0,138.1999969482422,,,116.8126,-1.1183091700336156,-3.0000000000000027,0.31586327691348615,-0.9951716574976732,-3.6567932308260054,-1.2977789774218595,-0.8152771293572503,-1.2712463860966805
2020-08-21,86.21212547803827,0.0,22.965193930975538,,48.0,-3.0,22.540000915527344,18.010000228881836,-4.530000686645508,0,144.0500030517578,,,117.0572,-0.8504903808445374,-1.0000000000000009,0.34411070444764214,0.17342905094095418,1.3354080774389931,0.4989501782846295,-0.5636488213858093,0.041365536126503066
2020-08-24,86.21212547803827,0.0,22.965193930975538,,51.0,-2.0000000000000004,22.3700008392334,18.809999465942383,-3.5600013732910156,0,146.72999572753906,,,116.912,-1.0334970190353454,1.0000000000000009,1.0043718303008653,0.2845031790697172,1.0952051892871406,0.1465631007047108,0.6613102935469906,-0.356664142517249
2020-08-25,86.21212547803827,0.012,22.965193930975538,,54.0,-2.0000000000000004,22.030000686645508,18.09000015258789,-3.940000534057617,0,147.22999572753906,,,116.8206,-0.4824218034550687,3.9999999999999925,0.35963511532906,1.3541564611740275,1.5838022991550682,-0.3562122946819901,1.7128098557745552,-0.8248120945422155
2020-08-26,85.9180424399712,0.009,22.965193930975538,,53.0,-3.0,23.270000457763672,19.959999084472656,-3.3100013732910156,0,146.52999877929688,,,116.6243,-0.5920614666520052,0.0,1.0195626139483993,-0.0253689947959157,0.10943740570321658,-1.2994769569787623,0.09227431818994436,1.5116592533547024
2020-08-27,85.9180424399712,0.002,22.965193930975538,,57.99999999999999,-3.0,24.469999313354492,20.190000534057617,-4.279998779296875,0,142.08999633789062,,,116.649,-0.48083567807556404,5.000000000000004,0.16730440109038458,-0.352069447845349,-1.0496731750016863,0.6117925058497509,-0.8066339687586965,-0.984179732390067
2020-08-28,85.9180424399712,0.0,22.965193930975538,,60.0,-3.0,22.959999084472656,17.1299991607666,-5.829999923706055,0,145.07000732421875,,,115.9374,-1.2464991720669727,0.0,0.673256535528588,-1.4055364768437717,0.398818394548206,1.6028361940937152,-0.16263869269335096,2.2377185962904944
2020-08-31,85.9180424399712,0.011,22.965193930975538,,57.99999999999999,-1.0000000000000009,26.40999984741211,21.100000381469727,-5.309999465942383,0,145.72999572753906,,,115.7586,-1.236773536322544,-2.0000000000000018,-0.21949627140287475,1.1235996294613582,-1.1738519151990423,-0.2388180800262929,-0.8377952062475491,0.15270284217046015
2020-09-01,85.9180424399712,0.008,23.644266042851815,,55.00000000000001,-1.0000000000000009,26.1200008392334,19.649999618530273,-6.470001220703125,0,144.6699981689453,,,115.5687,-1.900305074214348,-3.9999999999999925,0.7525003016613407,-0.00730108325286416,1.0050911041906918,0.43964578421689104,0.3520246633021751,0.03049276242030885
2020-09-02,86.56060282205966,0.014,23.644266042851815,,52.0,-1.0000000000000009,26.56999969482422,20.709999084472656,-5.8600006103515625,0,142.27999877929688,,,116.0304,-1.488241541882418,-2.0000000000000018,1.5365910154807594,0.47143118095751557,0.6307619778845197,-0.1702023057376545,-2.9232929117551487,-1.7173014732414726
2020-09-03,86.56060282205966,0.0,23.644266042851815,,50.0,0.0,33.599998474121094,30.450000762939453,-3.1499977111816406,0,144.66000366210938,,,116.0685,-0.6888638666046054,-3.0000000000000027,-3.512584371534122,0.9393792468347817,1.3335384729763033,-0.5821497082798,-0.3372666714269945,-0.3515327100031884
2020-09-04,86.56060282205966,0.0,23.644266042851815,,57.99999999999999,-1.0000000000000009,30.75,29.40999984741211,-1.3400001525878906,0,144.66000366210938,,,116.0347,-0.8608006343011287,8.999999999999996,-0.8133027264274895,-1.1084327401455152,-1.1540508147565687,-0.8748650006541681,-3.8675332739444235,-0.19194600636733838
2020-09-08,86.56060282205966,0.0,23.644266042851815,,55.00000000000001,-1.0000000000000009,31.459999084472656,32.90999984741211,1.4500007629394531,1,133.27999877929688,,,116.4618,-0.9879794837613809,-3.0000000000000027,-2.7756342102361,0.7976701848934287,0.7419592832717203,0.7236224380124279,-7.568524268505195,0.4729962820551936
2020-09-09,85.97406194118165,0.001,23.644266042851815,,56.99999999999999,-1.0000000000000009,28.809999465942383,29.09000015258789,0.2800006866455078,1,132.50999450683594,,,116.1291,-1.2357323095947503,2.0000000000000018,2.014498633677464,-1.038027148402343,-1.0866291605709733,-1.8631270628982066,3.509251834681648,0.6052742458290128
2020-09-10,85.97406194118165,0.01,23.644266042851815,,54.0,-1.0000000000000009,29.709999084472656,30.43000030517578,0.720001220703125,1,130.16000366210938,,,115.8806,-1.2757916510831246,-2.9999999999999916,-1.758479659017942,0.8810650014500654,0.8700157573722223,-0.6085159984025146,-1.971090709693113,0.4885072370303334
2020-09-11,85.97406194118165,0.0,23.644266042851815,,54.0,-1.0000000000000009,26.8700008392334,26.329999923706055,-0.5400009155273438,0,125.41999816894531,,,116.0866,-0.9972206089416291,-1.0000000000000009,0.053307219059406385,0.7360278319087366,0.008761222259789925,0.7890060517734776,0.08043591047672827,-0.8392131180801399
2020-09-14,85.97406194118165,0.001,23.644266042851815,,54.0,-1.0000000000000009,25.850000381469727,25.059999465942383,-0.7900009155273438,0,125.41999816894531,,,115.6428,-1.2606803490116447,1.0000000000000009,1.2741829089357504,0.652855448830092,1.3026286864961323,0.566443496390745,-0.18752613471143542,0.789551366100194
2020-09-15,85.97406194118165,0.002,23.644266042851815,,54.0,0.0,25.59000015258789,24.219999313354492,-1.3700008392333984,0,130.9499969482422,,,115.5908,-1.1533314235138592,0.0,0.5219359577689042,-0.4431801996988671,0.6454179348858391,0.5143923070267453,2.7375214807086934,0.16384584927493506
2020-09-16,83.74604487482102,0.055,23.644266042851815,,55.00000000000001,0.0,26.040000915527344,23.770000457763672,-2.270000457763672,0,132.9499969482422,,,115.3537,-1.19512800966175,0.9999999999999898,-0.4618946596211537,0.0879930424958042,-0.3134808766274477,-0.3567051297104551,4.9111837201311515,0.19935093014418204
2020-09-17,83.74604487482102,0.001,23.644266042851815,,56.00000000000001,0.0,26.459999084472656,24.950000762939453,-1.5099983215332031,0,136.05999755859375,,,115.4392,-0.960970081323409,0.0,-0.8412365876402483,-0.6652039844349256,-1.2213045155072488,-0.4107589997526584,2.0169356981290187,-1.0305046258060946
2020-09-18,83.74604487482102,0.0,23.644266042851815,,56.00000000000001,-1.0000000000000009,25.829999923706055,24.020000457763672,-1.8099994659423828,0,139.41000366210938,,,115.2395,-1.138830029081972,1.0000000000000009,-1.1182581807410497,0.1755263634198867,0.258916895773309,2.0686859113467904,0.3417119489312892,0.6237100817493513
2020-09-21,83.74604487482102,0.054,23.644266042851815,,54.0,-2.0000000000000004,27.780000686645508,28.110000610351562,0.3299999237060547,1,132.08999633789062,,,116.378,-0.37204890568312,-1.9999999999999907,-1.1571097930805796,0.1755263634198867,-0.9538223635007559,-0.6337465059321756,-4.3784947952720366,-2.6074496721810836
2020-09-22,83.74604487482102,0.0,23.644266042851815,,55.00000000000001,-3.0,26.860000610351562,25.950000762939453,-0.9099998474121094,0,130.63999938964844,,,116.5438,-0.438588997515732,0.0,1.0517945160813724,0.1755263634198867,-2.377167697240634,-1.2853147826988098,0.7377183686060995,-0.13675445259373475
2020-09-23,83.86949269191737,0.001,23.644266042851815,,54.0,-4.000000000000001,28.579999923706055,27.969999313354492,-0.6100006103515625,0,129.83999633789062,,,117.2526,0.29133023128506963,0.0,-2.3721455093028143,-0.059119730539103355,0.027861832523590202,0.1651935448730324,0.8333379893192383,-2.038341497393714
2020-09-24,83.86949269191737,0.004,23.644266042851815,,53.0,-3.0,28.510000228881836,27.649999618530273,-0.8600006103515625,0,129.83999633789062,,,117.5473,0.6220649440252801,-1.0000000000000009,0.29874591429570607,-1.107960636816141,-2.5946769006140125,-1.7237772836306564,0.951668082171242,0.45163849152101143
2020-09-25,83.86949269191737,0.0,23.644266042851815,,54.0,-2.0000000000000004,26.3799991607666,24.56999969482422,-1.8099994659423828,0,129.1699981689453,,,117.8679,1.066330087297418,-1.0000000000000009,1.59767237756141,0.5058893673984599,0.2679670885496588,-0.1165948310306586,-0.14884984184290184,-0.5673659144257326
2020-09-28,83.86949269191737,0.0,23.644266042851815,,53.0,-2.0000000000000004,26.190000534057617,25.209999084472656,-0.9800014495849609,0,129.25999450683594,,,117.6178,0.8305257653301812,1.0000000000000009,1.6110590199083896,1.3230124491141693,1.2853329425009274,-0.05849059236493481,0.8695614263878104,0.812838351356171
2020-09-29,83.86949269191737,1.301,23.644266042851815,,55.00000000000001,-3.0,26.270000457763672,25.989999771118164,-0.2800006866455078,0,123.93000030517578,,,117.526,1.370222206121574,-1.0000000000000009,-0.48126645432444715,0.11688037555235287,0.8582810726921464,0.21208704165702752,-3.226595093171636,1.148013639440748
2020-09-30,78.82491672856744,0.85,23.644266042851815,,56.00000000000001,-2.0000000000000004,26.3700008392334,25.770000457763672,-0.6000003814697266,0,123.93000030517578,,,116.946,1.0257553218508075,2.9999999999999916,0.8253718228220741,-1.5037978283970466,0.8582810726921464,-0.19560120281905125,2.367015229078917,-0.3589742201786761
2020-10-01,78.82491672856744,0.001,23.537430197028762,,54.0,-2.0000000000000004,26.700000762939453,24.799999237060547,-1.9000015258789062,0,120.94000244140625,,,116.7227,0.9985402621990103,-0.9999999999999898,0.5292907769290922,-1.5037978283970466,0.8582810726921464,-0.19560120281905125,-3.729487703814094,1.1072860616721858
2020-10-02,78.82491672856744,0.0,23.537430197028762,,56.99999999999999,0.0,27.6299991607666,24.639999389648438,-2.989999771118164,0,117.77999877929688,,,116.7321,0.6047553055061439,1.9999999999999907,-0.9577652178616392,-0.6694757488997616,0.8582810726921464,-0.19560120281905125,-4.31302151599533,-0.42968314490067216
2020-10-05,78.82491672856744,0.0,23.537430197028762,,64.0,-1.0000000000000009,27.959999084472656,23.510000228881836,-4.44999885559082,0,119.52999877929688,,,116.1767,0.09322081357130418,8.000000000000007,1.797270867614209,1.2255382332869047,1.2934506704064264,-0.19560120281905125,5.856955542044817,0.6473028704447437
2020-10-06,78.82491672856744,0.0,23.537430197028762,,62.0,0.0,29.479999542236328,25.079999923706055,-4.399999618530273,0,119.52999877929688,,,116.2681,0.20114672593629646,-2.0000000000000018,-1.3973515692226712,0.5215730537400987,0.3350255446882944,-0.19560120281905125,3.697085423538371,-0.5960797079248348
2020-10-07,79.10707843507079,0.011,23.537430197028762,,65.0,-1.0000000000000009,28.059999465942383,21.739999771118164,-6.319999694824219,0,120.5999984741211,,,116.3447,-0.10054799084334709,5.000000000000004,1.739675486921799,-0.04655748799599069,0.8893038560784827,-0.19560120281905125,-1.7703403944474116,-0.9205197109429464
2020-10-08,79.10707843507079,0.212,23.537430197028762,,65.0,-2.0000000000000004,26.360000610351562,19.940000534057617,-6.420000076293945,0,121.80999755859375,,,116.1657,0.03151664828195955,-3.0000000000000027,0.8010123642494982,0.9573996513149385,0.21031193303893136,-0.19560120281905125,3.103874443276222,0.26544914338537673
2020-10-09,79.10707843507079,0.0,23.537430197028762,,63.0,-1.0000000000000009,25.0,18.850000381469727,-6.149999618530273,0,121.80999755859375,,,115.2757,-0.5220028201441851,1.0000000000000009,0.879353312061526,-0.1157896475679987,0.21031193303893136,1.6787772773237064,-1.4323869197832795,1.6361338988408969
2020-10-12,79.10707843507079,0.0,23.537430197028762,,63.0,-1.0000000000000009,25.06999969482422,20.299999237060547,-4.770000457763672,0,123.94000244140625,,,115.2757,-0.5220028201441851,1.0000000000000009,1.641581296364758,-0.2582591109889898,0.49206590927370897,2.640194239504301,-2.8817689973340332,0.15629070070330986
2020-10-13,79.10707843507079,0.0,23.537430197028762,,57.99999999999999,-1.0000000000000009,26.06999969482422,21.389999389648438,-4.680000305175781,0,123.94000244140625,,,115.9107,-0.1515248099263844,-5.000000000000004,-0.6306918994084421,0.18290424786038262,-0.024132416274424973,0.03825890922635189,1.952828941932827,-1.768530559167747
2020-10-14,80.29694405934143,0.0,23.537430197028762,,59.0,-1.0000000000000009,26.399999618530273,21.299999237060547,-5.100000381469727,0,122.5999984741211,,,115.6872,0.038394089385596075,-1.0000000000000009,-0.6623141753502759,0.10571733410922324,-0.9433419801607279,-0.564682605197564,2.0895525787210767,0.677789188674871
2020-10-15,80.29694405934143,0.001,23.537430197028762,,60.0,0.0,26.969999313354492,21.3799991607666,-5.590000152587891,0,122.5999984741211,,,116.0964,0.43740505299729726,1.0000000000000009,-0.15277553060997207,-0.5057830585491141,-0.809501432037063,-0.25727451830543924,-0.1949362311646996,0.09992648687517924
2020-10-16,80.29694405934143,0.002,23.537430197028762,,62.0,-1.0000000000000009,27.40999984741211,21.639999389648438,-5.770000457763672,0,123.47000122070312,,,115.7679,0.35906954003208646,2.0000000000000018,0.013491955745537076,-0.410935731044193,-0.8334680933165028,0.12528737333337148,-0.19530766148807555,-0.1260982768664043
2020-10-19,80.29694405934143,0.004,23.537430197028762,,62.0,-1.0000000000000009,29.18000030517578,24.649999618530273,-4.530000686645508,0,124.75,,,115.4031,-0.03127187298596068,2.0000000000000018,-1.6329861778318078,1.1127423330229425,0.2225024181758739,-0.7099954177320456,-0.12230732816576051,0.29461150263490055
2020-10-20,80.29694405934143,0.007,23.537430197028762,,67.0,-2.0000000000000004,29.350000381469727,24.56999969482422,-4.780000686645508,0,125.30999755859375,,,115.2485,0.007809822153004298,3.0000000000000027,0.4727334073110212,-0.4397415463307852,0.49728226917182816,0.4657927335095513,1.5429763045927691,0.20981955249552708
2020-10-21,80.84675082520725,0.0,23.537430197028762,,69.0,-3.0,28.649999618530273,23.200000762939453,-5.44999885559082,0,124.37999725341797,,,114.9108,-1.260719379951547,1.9999999999999907,-0.21956999281005363,0.30730154436429125,0.5279063342031431,-0.09254764083475031,-3.449108385801525,0.7432972670857296
2020-10-22,80.84675082520725,0.001,23.537430197028762,,71.0,-3.0,28.110000610351562,24.059999465942383,-4.05000114440918,0,124.94000244140625,,,115.1158,-1.2252904058388414,4.0000000000000036,0.5218925396392127,-0.6987951488688582,-0.6668490706919994,-0.3765396736773674,1.5238586783746122,-1.2210329573991374
2020-10-23,80.84675082520725,0.0,23.537430197028762,,67.0,-2.0000000000000004,27.549999237060547,24.290000915527344,-3.259998321533203,0,126.69999694824219,,,115.0126,-1.910405398259818,-2.0000000000000018,0.3445761353703114,0.1802838313825328,0.24458120405939088,-1.041597877358491,-1.943899919763703,0.04734229791283351
2020-10-26,80.84675082520725,0.001,23.537430197028762,,65.0,-1.0000000000000009,32.459999084472656,35.90999984741211,3.450000762939453,1,126.05000305175781,,,115.2797,-1.9290957767639116,-3.9999999999999925,-1.8589516294535646,-0.09461405819395363,-0.7158621856449443,-0.819957225451784,-3.2371321210157955,0.03680079768006994
2020-10-27,80.84675082520725,0.0,23.537430197028762,,63.0,-1.0000000000000009,33.349998474121094,37.290000915527344,3.94000244140625,1,126.05000305175781,,,115.0131,-2.4220334798533028,-2.0000000000000018,-0.30256189119989285,-0.03634519018959059,-0.557607788218617,0.09833603710500682,2.619290159654364,0.320602187039154
2020-10-28,77.77663344878619,0.005,23.537430197028762,,63.0,-2.0000000000000004,40.279998779296875,47.900001525878906,7.620002746582031,1,127.58000183105469,,,115.8023,-1.5435588830942204,0.0,-3.5287878760604796,-0.2865178677608604,0.6186577084337674,0.458593223332171,-5.509224973435945,-1.7078843683110856
2020-10-29,77.77663344878619,0.014,23.537430197028762,,69.0,-1.0000000000000009,37.59000015258789,44.34000015258789,6.75,1,129.3000030517578,,,116.3069,-1.0373023841532936,5.999999999999995,1.1947330894238384,-0.3696661886960606,-0.7926663914967325,0.10675234136374723,-3.2629078379736165,-0.5649704648652554
2020-10-30,77.77663344878619,0.001,23.537430197028762,,74.0,-1.0000000000000009,38.02000045776367,44.33000183105469,6.310001373291016,1,128.0500030517578,,,116.1354,-0.6931404237853322,3.0000000000000027,-1.2129550130175693,-1.5206991020306204,-2.558163449471351,-1.4726855491289825,-1.0505868749095648,0.6325069137299355
2020-11-02,77.77663344878619,0.0,24.18814087691896,,71.0,0.9999999999999996,37.130001068115234,43.86000061035156,6.729999542236328,1,129.00999450683594,,,116.2361,-0.4168854901403174,-1.0000000000000009,1.231820260127181,1.3855063598817718,1.4560135495010673,0.01820909293202,2.849959294974891,0.6924469921671284
2020-11-03,77.77663344878619,0.0,24.18814087691896,,73.0,0.0,35.54999923706055,43.20000076293945,7.650001525878906,1,133.86000061035156,,,115.4802,-1.0724556484463243,3.0000000000000027,1.779929009643455,1.3855063598817718,1.875962895327743,1.4248727412345064,2.3091508894586665,0.9574680148212389
2020-11-04,77.18975116123683,0.0,24.18814087691896,,64.0,0.0,29.56999969482422,32.459999084472656,2.8899993896484375,1,136.44000244140625,,,115.1677,-0.8685046140921582,-12.0,2.204704770168342,1.7159980904289496,0.5978726423438996,0.1946139661251456,3.9564569423894635,-0.7283219499115812
2020-11-05,77.18975116123683,0.0,24.18814087691896,,65.0,0.9999999999999996,27.579999923706055,28.09000015258789,0.5100002288818359,1,133.32000732421875,,,114.4556,-1.5588970663492407,1.0000000000000009,1.9460194138962938,1.730512090463887,2.3955156306977976,1.3026360817478988,-0.9195417530535654,2.676030502244031
2020-11-06,77.18975116123683,0.0,24.18814087691896,,67.0,0.0,24.860000610351562,23.959999084472656,-0.9000015258789062,0,127.6500015258789,,,113.9919,-2.0222665922899785,3.9999999999999925,-0.028771518741854685,0.9124605824563758,0.11226995279807195,-0.240174744738042,-4.253677460519012,0.2570297575950953
2020-11-09,77.18975116123683,0.0,24.18814087691896,,79.0,0.0,25.75,26.709999084472656,0.9599990844726562,1,124.55999755859375,,,114.0895,-1.787274556947538,13.0,1.169988923568721,2.115537510162979,1.2704304230033214,1.8589399277033403,8.481425895652727,-4.978726104970077
2020-11-10,77.18975116123683,0.0,24.18814087691896,,79.0,0.0,24.799999237060547,24.43000030517578,-0.3699989318847656,0,127.41000366210938,,,114.0757,-1.0409826181927317,2.0000000000000018,-0.13997945931910616,0.2646957484975232,0.2300640350384464,-0.40255310194128313,2.6557450248452463,1.197931892246662
2020-11-11,77.26349236464898,0.0,24.18814087691896,,79.0,0.0,23.450000762939453,21.59000015258789,-1.8600006103515625,0,126.30000305175781,,,114.0757,-1.0409826181927317,2.0000000000000018,0.7651855318760337,1.7827715320559712,1.3470170378763635,-0.534084807497115,0.2176019131038487,-0.7838366775525851
2020-11-12,77.26349236464898,0.0,24.18814087691896,,71.0,-1.0000000000000009,25.350000381469727,23.8799991607666,-1.470001220703125,0,129.47000122070312,,,114.2843,-1.4031491484392755,-9.999999999999998,-0.9978532303877019,0.6756763524448539,-0.4123304725025978,-0.10540800018232765,-0.7961443304718707,0.6395455864105282
2020-11-13,77.26349236464898,0.003,24.18814087691896,,72.0,-1.0000000000000009,23.100000381469727,21.010000228881836,-2.0900001525878906,0,131.4199981689453,,,114.2397,-1.2512188038088956,1.0000000000000009,1.3610335409063534,-0.5290245250308634,0.7371890328930375,-0.8558757280406115,-2.4075824160634363,0.6995608115309526
2020-11-16,77.26349236464898,0.013,24.18814087691896,,72.0,0.0,22.450000762939453,19.329999923706055,-3.1200008392333984,0,129.3300018310547,,,113.8312,-1.951137158430416,2.0000000000000018,1.1648051240012336,2.052561383613005,1.971229847559819,1.113681103451114,3.015198236398864,0.08485430862188448
2020-11-17,77.26349236464898,0.0,24.18814087691896,,69.0,-1.0000000000000009,22.709999084472656,18.809999465942383,-3.8999996185302734,0,129.55999755859375,,,113.682,-1.8017947980398685,-4.0000000000000036,-0.4791925698091615,0.41567817732164336,-0.1525788885079704,-0.2112087625923742,0.21770718978155745,-0.14836267449171991
2020-11-18,79.7179280982391,0.103,24.18814087691896,,72.0,-3.0,23.84000015258789,19.59000015258789,-4.25,0,128.91000366210938,,,113.46,-1.6837502632078394,1.0000000000000009,-1.1563829610944043,-1.1012212559269319,0.25559697079657884,0.22165563005884792,0.9413453699630203,-0.5837092066861227
2020-11-19,79.7179280982391,2.0,24.18814087691896,,68.0,-4.000000000000001,23.110000610351562,19.260000228881836,-3.8500003814697266,0,133.58999633789062,,,113.694,-1.3488244966311957,-2.0000000000000018,0.3946442467421596,-0.3645843771502677,0.0699246308193402,0.47157105916879605,-0.19129128871639978,-0.661864126718037
2020-11-20,79.7179280982391,0.0,24.18814087691896,,67.0,-5.0,23.700000762939453,19.860000610351562,-3.8400001525878906,0,133.5500030517578,,,113.489,-1.2373075463750882,-3.0000000000000027,-0.6792562915180156,-0.41729455011138006,0.2386759274664474,0.43537636600479157,0.9822707976162359,0.6179141449066616
2020-11-23,79.7179280982391,0.485,24.18814087691896,,70.0,-5.0,22.65999984741211,19.579999923706055,-3.0799999237060547,0,133.5399932861328,,,113.7548,-1.1822877485106242,3.0000000000000027,0.5635930617216234,-0.41729455011138006,1.9224628114597575,1.0883051628811202,2.158955668965734,-1.8583748377398956
2020-11-24,79.7179280982391,0.001,24.18814087691896,,72.0,-3.0,21.639999389648438,18.399999618530273,-3.239999771118164,0,134.25999450683594,,,113.4316,-1.3746319968420906,2.0000000000000018,1.6161668273416252,2.5001428843261397,0.5828778779102706,-0.3416906249796625,4.29632702071534,-1.79562515634073
2020-11-25,78.05829195324307,0.0,24.18814087691896,,71.0,-2.0000000000000004,21.25,17.139999389648438,-4.1100006103515625,0,134.19000244140625,,,113.1823,-1.8194009873377603,0.0,-0.1584418237524976,0.5016876440924412,-0.6196125940734043,-1.1900734705638127,1.7813387659288749,0.04986160900950498
2020-11-27,78.05829195324307,0.0,24.18814087691896,,68.0,-2.0000000000000004,20.84000015258789,18.25,-2.5900001525878906,0,133.89999389648438,,,113.1823,-1.8194009873377603,-4.0000000000000036,0.2396979198154181,0.4047146768520138,0.2871400510630284,1.1447190515638361,-0.39378759304531386,-1.3180443817571552
2020-11-30,78.05829195324307,0.006,24.18814087691896,,68.0,-1.0000000000000009,20.56999969482422,19.8700008392334,-0.6999988555908203,0,132.42999267578125,,,113.2256,-1.5541707857626652,0.0,-0.45955486401709766,-0.7922465264125211,-1.5990379183971726,-0.48548665244789735,-0.41730426488695294,-0.3479473122644072
2020-12-01,78.05829195324307,0.002,24.544181350356652,,75.0,-2.0000000000000004,20.770000457763672,19.8700008392334,-0.8999996185302734,0,133.9499969482422,,,112.8063,-2.5871679578039597,8.000000000000007,1.1271187194776155,1.3389007384579932,1.6558965884058807,1.7742980478381076,-1.7423928382634846,2.162528888324866
2020-12-02,77.64274554713386,0.001,24.544181350356652,,79.0,-2.0000000000000004,21.170000076293945,19.290000915527344,-1.8799991607666016,0,132.60000610351562,,,112.6115,-3.1772835489553897,2.9999999999999916,0.17911667548251575,0.050177831635211945,1.5810914812090626,-0.07412753217203027,1.6386073058090034,0.6394341955817895
2020-12-03,77.64274554713386,0.0,24.544181350356652,,76.0,-2.0000000000000004,21.280000686645508,19.350000381469727,-1.9300003051757812,0,134.61000061035156,,,112.0236,-3.5405225280147112,-2.9999999999999916,-0.062415721309150296,0.03129986936403206,0.7593732613681459,-0.21004107606770184,0.7950543729170034,0.6079913432174289
2020-12-04,77.64274554713386,0.0,24.544181350356652,,81.0,-1.0000000000000009,20.790000915527344,17.959999084472656,-2.8300018310546875,0,132.4600067138672,,,111.7778,-3.8355553911392337,4.999999999999993,0.8836275129611826,-0.21682310368845714,1.306643406382113,0.07103346204468952,1.3584551712886084,-0.048999585699960324
2020-12-07,77.64274554713386,0.001,24.544181350356652,,80.0,-2.0000000000000004,21.299999237060547,18.739999771118164,-2.559999465942383,0,133.0800018310547,,,111.8385,-3.1535276177214744,-3.0000000000000027,-0.19356376714373402,-0.7618367577145735,0.5121818259336219,-0.8122047452818082,-1.080847423566067,1.4107535306737917
2020-12-08,77.64274554713386,0.001,24.544181350356652,,78.0,-3.0,20.68000030517578,18.170000076293945,-2.510000228881836,0,132.44000244140625,,,111.8639,-2.8686862722794637,-1.9999999999999907,0.2787148065356293,-0.3027010388022222,-1.621234145184991,-0.18802507572666105,-0.34965002902287434,0.48340314555608277
2020-12-09,76.84468113835435,0.003,24.544181350356652,,79.0,-2.0000000000000004,22.270000457763672,19.989999771118164,-2.280000686645508,0,134.89999389648438,,,112.0305,-2.11881288464697,2.9999999999999916,-0.7949201604598555,1.32564443816372,2.0193059591653517,-1.120639411367208,-0.17543425226828058,-1.9350049335771224
2020-12-10,76.84468113835435,0.001,24.544181350356652,,78.0,-2.0000000000000004,22.520000457763672,19.670000076293945,-2.8500003814697266,0,135.75,,,111.9788,-1.766002672119682,-2.9999999999999916,-0.12851080682624305,-0.23006696266819615,-0.32698631672353207,0.038902180889710536,2.7680103446007465,-0.0545077953399975
2020-12-11,76.84468113835435,0.0,24.544181350356652,,79.0,-2.0000000000000004,23.309999465942383,20.450000762939453,-2.8599987030029297,0,135.7100067138672,,,112.1417,-1.70725614539462,-2.0000000000000018,-0.12649972997506032,-0.38765051523100835,0.8592915240677401,-0.7732827635182238,-0.448907845131441,0.33813663420267925
2020-12-14,76.84468113835435,0.1,24.544181350356652,,77.0,-2.0000000000000004,24.719999313354492,23.670000076293945,-1.0499992370605469,0,139.9199981689453,,,112.1708,-1.6698560692592679,0.0,-0.4359258971957769,0.299858787388918,-0.2837522384213309,0.655152327912556,0.9018724208607942,-0.6033317404964933
2020-12-15,76.84468113835435,0.001,24.544181350356652,,81.0,-1.0000000000000009,22.889999389648438,20.190000534057617,-2.6999988555908203,0,139.2899932861328,,,111.8601,-2.1212012498654675,2.0000000000000018,1.2921249154708825,-0.16683703503080904,-0.19476804386364677,-0.056101790764528925,1.3407048966049828,1.2905396339692787
2020-12-16,77.96711281366538,0.026,24.544181350356652,,79.0,-1.0000000000000009,22.5,18.799999237060547,-3.700000762939453,0,138.9499969482422,,,111.7157,-2.2093895554697762,0.0,0.17727951669590514,0.26064510009899955,0.5430158781466687,-0.007337494437065217,0.41999321172923043,0.20514639408537594
2020-12-17,77.96711281366538,0.014,24.544181350356652,,81.0,-1.0000000000000009,21.93000030517578,18.6200008392334,-3.309999465942383,0,144.7899932861328,,,111.2226,-2.291638847697286,1.9999999999999907,0.5757654753379748,0.18413422279714986,-0.04906964101563105,1.1253438977803398,1.1292365515966019,1.675554980604943
2020-12-18,77.96711281366538,0.032,24.544181350356652,,82.0,-1.0000000000000009,21.56999969482422,16.700000762939453,-4.869998931884766,0,147.07000732421875,,,111.6071,-1.8251790081103447,1.0000000000000009,-0.3511118509152866,-0.16144973247752548,0.06316709114400076,-0.2929079702517323,1.530185803205164,-0.07948283376483234
2020-12-21,77.96711281366538,0.435,24.544181350356652,,82.0,-1.0000000000000009,25.15999984741211,21.559999465942383,-3.6000003814697266,0,147.02000427246094,,,111.9415,-1.3383571302661657,0.0,-0.39062790518439305,-0.18297645395967121,0.23338927712732715,0.7561103476247943,-2.7698509937247873,-0.34469958998304406
2020-12-22,77.96711281366538,0.406,24.544181350356652,,80.0,-3.0,24.229999542236328,19.90999984741211,-4.319999694824219,0,146.52999877929688,,,112.1947,-1.3187151476771075,-1.9999999999999907,-0.2073092860288006,-1.0407461501619086,-1.6184108212118908,-1.8648098507342725,-1.5081717540615047,-0.6704968025398328
2020-12-23,77.74282208694996,0.857,24.544181350356652,,83.0,-4.000000000000001,23.309999465942383,19.200000762939453,-4.10999870300293,0,146.27000427246094,,,111.9807,-1.3290274828397508,2.9999999999999916,0.0745811250824957,0.33438164367416423,0.9562252118909154,0.7607907237119571,2.3394267618291,0.43394276716386404
2020-12-24,77.74282208694996,0.01,24.544181350356652,,81.0,-2.0000000000000004,21.530000686645508,17.1200008392334,-4.409999847412109,0,147.38999938964844,,,111.9807,-1.3290274828397508,-2.0000000000000018,0.35365890047962534,0.54123162501587,1.704460359637272,-0.5678655733878157,0.22859645218877844,0.27738162786727916
2020-12-28,77.74282208694996,0.901,24.544181350356652,,81.0,-1.0000000000000009,21.700000762939453,20.049999237060547,-1.6500015258789062,0,148.27000427246094,,,111.9752,-1.5644175015032347,0.0,0.8722529021144565,0.7406040246819678,0.06199062895133611,0.021254539680715112,-1.2647742403923634,-0.14362855508920358
2020-12-29,77.74282208694996,0.257,24.544181350356652,,82.0,0.0,23.079999923706055,21.469999313354492,-1.6100006103515625,0,145.3000030517578,,,111.5172,-1.6877131240324528,0.0,-0.222738052560012,2.65926980958906,0.42405154508518006,-0.5371649393447253,0.7979863012151256,0.13317707569933113
2020-12-30,76.42575065422727,0.652,24.544181350356652,,81.0,-1.0000000000000009,22.770000457763672,21.309999465942383,-1.460000991821289,0,142.74000549316406,,,111.3084,-1.6556475703356388,-0.9999999999999898,0.13415471654707467,-0.44972356503163446,1.877673213501585,1.0481389767488025,0.8333365122477288,0.6011623728074289
2020-12-31,76.42575065422727,9.651,24.544181350356652,,80.0,-3.0,22.75,21.200000762939453,-1.5499992370605469,0,143.02999877929688,,,111.3169,-1.685749512477741,0.0,0.6438845522919845,-0.44972356503163446,1.877673213501585,1.7167087373233025,0.24793166963146263,0.11105106218600724
2021-01-04,76.42575065422727,0.001,25.60972447325769,,82.0,0.0,26.969999313354492,27.389999389648438,0.4200000762939453,1,147.8300018310547,,,111.2075,-1.4172967289947436,0.0,-1.4754827521051062,-0.6769709669809054,2.470183478248833,0.8605908844779409,-1.8549083210795736,2.7256867704499754
2021-01-05,76.42575065422727,0.005,25.60972447325769,,83.0,0.9999999999999996,25.34000015258789,24.290000915527344,-1.0499992370605469,0,143.83999633789062,,,110.9574,-1.4688553122904846,2.9999999999999916,0.7082595157549276,-0.3659424986194426,1.566340673209421,0.7342078918235684,4.850905974599495,0.41137451539396963
2021-01-06,76.76180804445019,0.004,25.60972447325769,,90.0,0.0,25.06999969482422,23.770000457763672,-1.2999992370605469,0,145.5,,,110.8502,-1.0474578570944026,8.000000000000007,0.5709842747752214,-0.3781170221051511,-0.7476871268942253,0.629129590483557,1.4019642672962185,-2.3454666821867143
2021-01-07,76.76180804445019,0.001,25.60972447325769,,94.0,0.0,22.3700008392334,19.420000076293945,-2.950000762939453,0,147.05999755859375,,,111.3042,-0.4236977288871402,4.0000000000000036,1.4847403800101189,1.6047914617869585,2.1383248334318816,0.713292105988339,0.39502421236448093,0.2831834047367865
2021-01-08,76.76180804445019,0.0,25.60972447325769,,99.0,-1.0000000000000009,21.559999465942383,18.34000015258789,-3.219999313354492,0,145.9199981689453,,,111.2847,-0.4951783151598055,4.999999999999982,0.5491862685268911,2.3604778049963526,3.974693988715039,-0.170431241217317,2.7739519902017173,-4.089320255475037
2021-01-11,76.76180804445019,0.0,25.60972447325769,,101.0,-1.0000000000000009,24.079999923706055,21.690000534057617,-2.3899993896484375,0,139.25,,,111.8257,-0.034148639552178395,2.0000000000000018,-0.6554750898592476,2.3604778049963526,-0.11833018893717684,-1.0815369662298235,0.01913920599532215,0.8451011507727868
2021-01-12,76.76180804445019,0.0,25.60972447325769,,101.0,-2.0000000000000004,23.329999923706055,20.649999618530273,-2.6800003051757812,0,134.6999969482422,,,111.5501,-0.42881179678748715,0.0,0.04157884466327033,0.08994818765055701,-0.7146373723242894,2.1759049557912746,1.8373188219572345,-0.362237849281577
2021-01-13,75.62814756277166,0.0,25.60972447325769,,96.0,-2.0000000000000004,22.209999084472656,18.90999984741211,-3.299999237060547,0,139.99000549316406,,,111.3622,-0.5506399425605601,-4.999999999999982,0.22756417379066196,1.0376596846272346,0.7146655653347933,-0.26848878002830867,-0.5638023721524332,0.5806039953402786
2021-01-14,75.62814756277166,0.6,25.60972447325769,,99.0,-2.0000000000000004,23.25,21.170000076293945,-2.0799999237060547,0,139.92999267578125,,,111.1567,-0.8783530123049665,4.999999999999982,-0.37534511943366766,0.8492581971415669,0.05208835773635734,-0.9099815543729406,1.247400962607248,-0.1780279888474512
2021-01-15,75.62814756277166,0.0,25.60972447325769,,98.0,-2.0000000000000004,24.34000015258789,21.690000534057617,-2.6499996185302734,0,138.05999755859375,,,111.5106,-0.5885667214640566,-3.9999999999999813,-0.7190027975370938,-0.6240102347233711,-2.0327445589726323,0.013261721407031857,-2.2587252032214677,-1.1349510590620282
2021-01-19,75.62814756277166,0.004,25.60972447325769,,96.0,-3.0,23.239999771118164,21.8799991607666,-1.3600006103515625,0,136.6999969482422,,,111.4527,-0.36420493098076046,-1.0000000000000009,0.8136379515524483,1.3853377161789249,2.6122034106444314,-0.8297625877649151,1.1841079538914112,0.55758765099303
2021-01-20,78.84947871541894,1.806,25.60972447325769,,97.0,-4.000000000000001,21.579999923706055,18.850000381469727,-2.729999542236328,0,141.32000732421875,,,111.4527,-0.36420493098076046,0.0,1.3935625421946263,-0.3848685009316344,0.7078093725416901,0.4686028620693561,0.49075526326343155,1.435173928462219
2021-01-21,78.84947871541894,1.201,25.60972447325769,,99.0,-6.000000000000001,21.31999969482422,18.229999542236328,-3.0900001525878906,0,146.66000366210938,,,111.1973,-0.4640350461036391,2.0000000000000018,0.03167233075522802,0.8189793568283754,1.4862512509605352,1.0653333646762908,-0.2066127101495785,-0.03215475524342981
2021-01-22,78.84947871541894,0.0,25.60972447325769,,97.0,-5.0,21.90999984741211,18.420000076293945,-3.489999771118164,0,144.1999969482422,,,111.5516,0.29580319107807007,-2.0000000000000018,-0.30106116552376383,-0.43610519012040605,-0.6393934687031977,-0.40079696902053374,-1.618672300136037,-0.5146677427195323
2021-01-25,78.84947871541894,2.2,25.60972447325769,,92.0,-4.000000000000001,23.190000534057617,20.65999984741211,-2.530000686645508,0,145.5500030517578,,,111.8676,0.23340808962870607,-5.000000000000004,0.36158389430824833,0.6665392390442504,2.1766368522436963,0.48486967794760805,0.9565716388390433,-0.043106470812126485
2021-01-26,78.84947871541894,1.631,25.60972447325769,,94.0,-7.000000000000001,23.020000457763672,20.459999084472656,-2.5600013732910156,0,143.30999755859375,,,111.6572,-0.2539719407011698,0.0,-0.14888337468982327,-0.957971708635863,-2.1402351471843883,-1.5122925555674738,-0.3032022854352112,-0.2264312462616047
2021-01-27,78.3618964117708,1.152,25.60972447325769,,92.0,-7.000000000000001,37.209999084472656,41.63999938964844,4.430000305175781,1,143.30999755859375,,,112.0782,-0.10383734704045855,-1.0000000000000009,-2.5677883699462,0.31188499117793533,-0.5652308106145587,0.10957306789747268,0.4561829708899623,-0.3133909823761494
2021-01-28,78.3618964117708,2.655,25.60972447325769,,95.0,-6.000000000000001,30.209999084472656,30.0,-0.20999908447265625,0,137.92999267578125,,,112.0059,0.022503877900392766,3.0000000000000027,0.9760625975629766,-1.5288555638040657,-1.713658304773269,-1.907572770109267,-0.964992121585273,-0.37942435402282815
2021-01-29,78.3618964117708,7.1,25.60972447325769,,100.0,-4.000000000000001,33.09000015258789,32.630001068115234,-0.45999908447265625,0,145.83999633789062,,,111.9511,-0.021522622866498864,4.0000000000000036,-1.9311475173124593,-1.89389418732141,-3.025043137568728,-0.6306939632592767,-0.267480682537824,0.5114546106532281
2021-02-01,78.3618964117708,0.012,26.777599917381,,98.0,-3.0,30.239999771118164,28.989999771118164,-1.25,0,134.3000030517578,,,112.4189,0.8085748207451227,-2.0000000000000018,1.6051767614439383,1.5459426577431712,2.6987366285836423,0.637795092905824,2.586203935612885,0.7307962779822486
2021-02-02,78.3618964117708,0.011,26.777599917381,,101.0,-3.0,25.559999465942383,22.440000534057617,-3.1199989318847656,0,141.6300048828125,,,112.2862,0.878460206058107,3.0000000000000027,1.3898223484416938,0.9651441761159285,1.3178352219932465,0.810237446355222,2.2595688173889794,-1.6283344815692047
2021-02-03,77.85263038653787,0.178,26.777599917381,,104.0,-3.0,22.90999984741211,18.969999313354492,-3.940000534057617,0,141.14999389648438,,,112.2567,0.8442563528089586,2.9999999999999805,0.10087690809532646,1.002497618864151,1.0614106911613685,-0.4634525390193489,1.698320550915855,0.09286813285305229
2021-02-04,77.85263038653787,0.5,26.777599917381,,104.0,-5.0,21.770000457763672,17.479999542236328,-4.290000915527344,0,136.58999633789062,,,112.7469,1.3842591551828765,0.0,1.0853322230420792,-1.0631343488733402,-1.3461402997339333,-0.4392341610898187,0.9696551065604853,-2.3632751834819055
2021-02-05,77.85263038653787,0.01,26.777599917381,,110.00000000000001,-8.0,20.8700008392334,15.520000457763672,-5.350000381469727,0,136.00999450683594,,,112.2379,1.154046507939066,4.0000000000000036,0.3897495164625342,1.542731697810451,1.0713942595661052,-0.15788210697805782,1.1026123722783554,1.2298060092657215
2021-02-08,77.85263038653787,0.002,26.777599917381,,108.0,-8.0,21.239999771118164,16.56999969482422,-4.670000076293945,0,135.08999633789062,,,112.0428,1.075866349361565,0.0,0.7399348360373592,2.1171914791673796,-0.9417936019902817,1.0329958142494267,1.9701016299795926,1.1596443600907724
2021-02-09,77.85263038653787,0.001,26.777599917381,,107.0,-5.0,21.6299991607666,17.09000015258789,-4.539999008178711,0,136.64999389648438,,,111.7675,0.41624664657757826,-1.0000000000000009,-0.11135249921484514,0.39957700290929044,-0.21253828172935751,2.0111268974572605,0.6727607062894991,0.18560098088049592
2021-02-10,77.92919817849236,0.0,26.777599917381,,104.0,-4.000000000000001,21.989999771118164,17.68000030517578,-4.309999465942383,0,140.05999755859375,,,111.5834,0.26841066202272224,-3.0000000000000027,-0.03451849323593548,0.1931815082720334,0.5157814823937068,1.4319143684733193,0.5483202389950925,0.2887771272711781
2021-02-11,77.92919817849236,0.108,26.777599917381,,105.0,-4.000000000000001,21.25,17.09000015258789,-4.159999847412109,0,139.3300018310547,,,111.5272,-0.26693327204748707,1.0000000000000009,0.16624551635393559,0.1931815082720334,0.5157814823937068,1.4319143684733193,-0.7498272399807271,-0.8529800815017974
2021-02-12,77.92919817849236,0.001,26.777599917381,,109.00000000000001,-5.0,19.969999313354492,15.050000190734863,-4.919999122619629,0,137.60000610351562,,,111.4889,-0.054863240821834136,4.0000000000000036,0.47110331133788375,-0.14497675113073205,0.5157814823937068,1.4319143684733193,2.111949702589211,-0.18083449964250153
2021-02-16,77.92919817849236,0.004,26.777599917381,,117.0,-4.000000000000001,21.459999084472656,19.31999969482422,-2.1399993896484375,0,137.66000366210938,,,111.7879,0.38226615494305616,10.000000000000009,-0.056927241835114106,1.2750887241094855,0.5163647918652758,1.4319143684733193,0.9752782990619879,-1.3394831324706202
2021-02-17,81.16445367092007,0.05,26.777599917381,,118.0,-4.000000000000001,21.5,18.40999984741211,-3.0900001525878906,0,140.1699981689453,,,112.0204,0.7770111923077971,-1.0000000000000009,-0.03204020092266724,-0.5762176297068211,-0.9332180362364606,1.4319143684733193,1.8151543154644845,-1.4522577506703604
2021-02-18,81.16445367092007,0.0,26.777599917381,,118.0,-7.000000000000001,22.489999771118164,19.459999084472656,-3.030000686645508,0,144.4499969482422,,,112.1603,0.5826351934255625,0.0,-0.4415835627354592,-0.18519496407418679,-1.502046080956032,0.5545432442469744,-1.0140643409782824,0.12986555585965398
2021-02-19,81.16445367092007,0.002,26.777599917381,,123.0,-8.0,22.049999237060547,18.329999923706055,-3.719999313354492,0,142.5500030517578,,,111.7058,0.22709185152087752,5.000000000000004,-0.18548966445751658,-0.7215546818468588,0.6790578060088537,0.566231675787221,-2.115001271670802,0.13533463296615533
2021-02-22,81.16445367092007,1.1,26.777599917381,,126.0,-7.000000000000001,23.450000762939453,21.219999313354492,-2.230001449584961,0,141.52999877929688,,,111.918,0.6481272476939637,3.0000000000000027,-0.773283945815384,0.4600897575829599,-0.8968315346318256,-1.4536143324114237,3.7981092779372005,1.740055270532359
2021-02-23,81.16445367092007,0.435,26.777599917381,,126.0,-9.000000000000002,23.110000610351562,21.299999237060547,-1.8100013732910156,0,138.82000732421875,,,111.8981,0.31061858368683914,0.0,0.12563181187927874,0.4600897575829599,-0.31365896937657345,-0.1669165197553779,0.29272480983124627,-0.12729987380144525
2021-02-24,82.51439113344108,0.001,26.777599917381,,126.0,-8.0,21.34000015258789,18.350000381469727,-2.989999771118164,0,136.63999938964844,,,111.7212,-0.13086899155787535,0.9999999999999787,1.135161376597904,-1.6060804071946877,-2.446511511767435,-1.9877027346480447,2.5133826784161206,-0.4433606679094204
2021-02-25,82.51439113344108,9.976,26.777599917381,,137.0,-7.000000000000001,28.889999389648438,31.809999465942383,2.9200000762939453,1,138.52000427246094,,,111.9253,0.24010990782501462,16.000000000000014,-2.447880752512621,1.673548618968912,3.4961823324479058,0.5883697965102019,0.4903472834673517,-1.2246715487089666
2021-02-26,82.51439113344108,11.2,26.777599917381,,130.0,-9.000000000000002,27.950000762939453,29.420000076293945,1.4699993133544922,1,142.07000732421875,,,112.8306,0.6713169911722439,-10.000000000000009,-0.47502141699028444,-3.9851797411834644,-2.7983440884097988,-2.1190769910718,-3.195338923819424,-2.609335448099648
2021-03-01,82.51439113344108,0.0,23.94913436112358,,132.0,-8.0,23.350000381469727,22.700000762939453,-0.6499996185302734,0,136.22999572753906,,,112.5263,0.4646183817102578,1.0000000000000009,2.3790763506800205,2.407961055107899,-2.7983440884097988,1.2060090757849862,-1.3983749761814046,-0.3240539126816877
2021-03-02,82.51439113344108,0.005,23.94913436112358,,129.0,-6.000000000000001,24.100000381469727,23.170000076293945,-0.9300003051757812,0,141.3300018310547,,,112.5342,0.5208524078816668,-3.0000000000000027,-0.8080851690870694,-0.8607550630404415,1.0262422714190311,-1.2054074187019426,-1.4676771085198381,0.6153831980225011
2021-03-03,78.1801609663735,0.507,23.94913436112358,,133.0,-6.000000000000001,26.670000076293945,26.8799991607666,0.20999908447265625,1,141.67999267578125,,,112.7617,0.30493093243217917,5.000000000000004,-1.306622187199813,0.5132236650595923,1.2852017839388497,1.9469022361336963,2.560667413049167,-1.0270571235681092
2021-03-04,78.1801609663735,2.1,23.94913436112358,,140.0,-8.0,28.56999969482422,29.299999237060547,0.7299995422363281,1,140.52999877929688,,,112.7037,0.37181773005052765,7.000000000000006,-1.3417213930100202,-2.1279072863758963,-1.2812237511350855,-2.0523334203809696,4.161232216961652,-0.880318149968351
2021-03-05,78.1801609663735,1.0,23.94913436112358,,142.0,-8.0,24.65999984741211,23.829999923706055,-0.8299999237060547,0,137.19000244140625,,,113.7487,1.3290966151686234,2.0000000000000018,1.949596819778221,-0.2274068917169414,-0.566125747876145,-0.04289807282706892,3.5406461569869485,-0.12939367339462882
2021-03-08,78.1801609663735,0.025,23.94913436112358,,142.0,-8.0,25.469999313354492,25.700000762939453,0.23000144958496094,1,135.89999389648438,,,114.2678,1.3489506141632246,3.0000000000000027,-0.5359231030161227,-0.41944626164492904,-0.9962760055797437,-2.300897948632541,-1.573601670085989,-1.1955270216799208
2021-03-09,78.1801609663735,0.0,23.94913436112358,,138.0,-8.0,24.030000686645508,24.110000610351562,0.07999992370605469,1,137.00999450683594,,,113.928,1.5058193355363958,-4.0000000000000036,1.415464230382213,0.9904567267967179,-0.6671981174809383,-1.8156220576498128,-1.598771509203245,2.318652056161219
2021-03-10,75.78982961383016,0.1,23.94913436112358,,137.0,-8.0,22.559999465942383,20.979999542236328,-1.5799999237060547,0,134.4499969482422,,,113.5881,1.3792050894836594,-2.0000000000000018,0.6030313342701321,0.029699296307006406,-0.6048142981880167,-0.04614215533939037,0.6717704902752919,0.2854494048556644
2021-03-11,75.78982961383016,11.051,23.94913436112358,,140.0,-9.000000000000002,21.90999984741211,20.010000228881836,-1.8999996185302734,0,138.57000732421875,,,112.9214,1.0324110318294721,1.0000000000000009,1.0395487004435822,0.6029642451707007,1.878890368969155,2.355455994825384,2.4518841430783755,0.046473937155089295
2021-03-12,75.78982961383016,6.8,23.94913436112358,,150.0,-9.000000000000002,20.690000534057617,17.40999984741211,-3.280000686645508,0,139.61000061035156,,,113.0269,1.2936512061829886,9.999999999999986,0.10153984958789497,1.7328347271662325,1.3501656457348243,0.47281941878445366,-0.6210179545016681,-0.16257613358544587
2021-03-15,75.78982961383016,0.003,23.94913436112358,,148.0,-9.000000000000002,20.030000686645508,17.739999771118164,-2.2900009155273438,0,140.2899932861328,,,113.1928,1.49344733840715,-1.9999999999999796,0.6491921301497117,0.16535737929321837,-0.284178901381138,-0.9594369723135543,-0.335316596031876,0.5466719635977002
2021-03-16,75.78982961383016,0.702,23.94913436112358,,147.0,-9.000000000000002,19.790000915527344,17.93000030517578,-1.8600006103515625,0,141.25999450683594,,,112.9839,1.3409406676359703,0.0,-0.15696837343783798,0.5177521829885734,0.7045963408444322,0.7831389162638924,-0.9022730438869253,0.09832559129330232
2021-03-17,64.80626843853707,0.0,23.94913436112358,,150.0,-9.000000000000002,19.229999542236328,16.690000534057617,-2.539999008178711,0,142.55999755859375,,,113.1589,1.2264296940903252,0.9999999999999787,0.287938213053085,-0.022591976630192967,-0.6413052545512499,-0.034290001471903864,-0.308649025027008,-0.21957279622206727
2021-03-18,64.80626843853707,26.57,23.94913436112358,,155.0,-9.000000000000002,21.579999923706055,20.329999923706055,-1.25,0,143.19000244140625,,,112.7744,0.6730916868713299,8.000000000000007,-1.4760539319459198,1.0109533493987355,0.6073834213494722,0.5083973423892107,-7.1207408402089385,0.3127115005246095
2021-03-19,64.80626843853707,18.908,23.94913436112358,,158.0,-9.000000000000002,20.950000762939453,18.280000686645508,-2.6700000762939453,0,148.11000061035156,,,112.9756,0.7269060442955277,3.0000000000000027,-0.060270397470363335,-1.4055092581101492,-0.8636625576696755,-1.686602780582247,2.3666636149088482,0.5311207424964604
2021-03-22,64.80626843853707,22.242,23.94913436112358,,154.0,-9.000000000000002,18.8799991607666,16.399999618530273,-2.479999542236328,0,141.47000122070312,,,113.0023,1.1606380331191435,-5.000000000000004,0.7025118077311765,-2.0740444998633145,-0.13390452866545166,1.1390279880509002,0.2116591859179895,-0.2067288121894273
2021-03-23,64.80626843853707,19.526,23.94913436112358,,148.0,-9.000000000000002,20.299999237060547,18.3700008392334,-1.9299983978271484,0,146.13999938964844,,,113.2916,1.2273271502349914,-6.000000000000005,-0.7630854183940605,-0.6109191402786318,-1.0120367620871873,-0.927268434587114,-6.157597014632133,-0.753832275760602
2021-03-24,46.92069966606258,21.902,23.94913436112358,,148.0,-9.000000000000002,21.200000762939453,19.06999969482422,-2.1300010681152344,0,143.44000244140625,,,113.6565,1.5714297204331373,-0.9999999999999787,-0.546733601831495,-2.036149886659022,-0.279221916218797,-1.3029406639474828,5.921056237925115,0.475449265051342
2021-03-25,46.92069966606258,10.1,23.94913436112358,,149.0,-9.000000000000002,19.809999465942383,17.15999984741211,-2.6499996185302734,0,143.6999969482422,,,114.0016,2.0411524401814596,0.9999999999999787,0.5240265846959469,1.1418954255286717,0.3998191158676834,-0.10305639468083383,-4.282443476325248,-0.4616538685031757
2021-03-26,46.92069966606258,11.45,23.94913436112358,,153.0,-9.000000000000002,18.860000610351562,16.31999969482422,-2.5400009155273438,0,140.86000061035156,,,113.7406,1.6218853110065545,4.0000000000000036,1.6631202604519668,1.5552391656688647,1.0863146926016087,1.6273331463102503,4.115436801392058,0.4232086877204555
2021-03-29,46.92069966606258,40.354,23.94913436112358,,159.0,-9.000000000000002,20.739999771118164,18.850000381469727,-1.8899993896484375,0,145.4600067138672,,,113.9314,0.9756218614453749,6.000000000000005,-0.08680126852336212,0.7122817798609793,-0.1634315798752728,0.49653368464890324,0.9676892582832108,-1.1603727140356623
2021-03-30,46.92069966606258,104.725,23.94913436112358,,157.0,-9.000000000000002,19.610000610351562,17.280000686645508,-2.3299999237060547,0,143.6699981689453,,,114.203,1.4900516590343749,0.0,-0.31578329337678124,0.16396282215458413,1.1185610367637544,0.6223585278902544,-1.640679197042183,-1.6470972241106496
2021-03-31,32.30399096153611,134.307,23.94913436112358,,158.0,-9.000000000000002,19.399999618530273,15.619999885559082,-3.7799997329711914,0,142.1999969482422,,,113.8234,1.1456072909391102,1.0000000000000009,0.36224990395776757,-0.8626406827758948,-0.2794813721498368,-0.4272891856735961,-2.2956224726055297,1.7756413077116395
2021-04-01,32.30399096153611,9.575,18.2260900140647,,152.0,-9.000000000000002,17.329999923706055,12.970000267028809,-4.359999656677246,0,140.92999267578125,,,113.7389,0.8666063033813787,-5.000000000000004,1.1825201774944727,0.7199348628130986,0.8486251847749982,0.7094946305744365,3.87086024583132,0.7410404253727965
2021-04-05,32.30399096153611,3.45,18.2260900140647,,156.0,-9.000000000000002,17.90999984741211,15.649999618530273,-2.260000228881836,0,136.2899932861328,,,113.394,-0.31182773956976995,1.0000000000000009,1.4438226417743616,0.7880016078247509,0.25796804070015167,0.5210701609963175,-4.556548742549782,0.02896032435564244
2021-04-06,32.30399096153611,18.951,18.2260900140647,,151.0,-9.000000000000002,18.1200008392334,15.710000038146973,-2.410000801086426,0,139.6300048828125,,,113.1464,-0.9813788311317739,-6.000000000000005,-0.09735307519511682,-1.3048485443306168,0.20026723158714788,-0.04081398143366277,1.1594207800246004,0.8396062536189852
2021-04-07,26.72535454956575,35.035,18.2260900140647,,152.0,-9.000000000000002,17.15999984741211,14.130000114440918,-3.0299997329711914,0,142.44000244140625,,,113.2436,-0.6007302857945374,1.0000000000000009,0.1475232784985625,0.11502383313026776,0.3303348083931734,-0.0958976941724976,0.7416123599016666,-0.08039186988587632
2021-04-08,26.72535454956575,27.64,18.2260900140647,,150.0,-9.000000000000002,16.950000762939453,13.9399995803833,-3.0100011825561523,0,140.60000610351562,,,113.0917,-0.43701761011936124,-4.0000000000000036,0.42206328286402695,-0.07335356523553438,0.18646264976949212,0.08392174208093905,-0.28442694050623274,0.9597191814547434
2021-04-09,26.72535454956575,31.265,18.2260900140647,,151.0,-9.000000000000002,16.690000534057617,13.1899995803833,-3.5000009536743164,0,139.0399932861328,,,113.2028,0.24919988593834486,3.0000000000000027,0.7719934348738189,0.19886269132374235,-0.3620485393435069,-0.9151373775151961,-0.46979662158624924,-0.7684426015928891
2021-04-12,26.72535454956575,30.221,18.2260900140647,,151.0,-9.000000000000002,16.90999984741211,14.239999771118164,-2.6700000762939453,0,132.8800048828125,,,113.1815,0.1367815980089615,2.0000000000000018,-0.019607884876882142,-0.7703897194238807,0.11846575274123694,-1.0934071318173921,0.640595195667859,-0.6940915113484825
2021-04-13,26.72535454956575,37.543,18.2260900140647,,148.0,-9.000000000000002,16.649999618530273,13.779999732971191,-2.869999885559082,0,134.2899932861328,,,113.0391,-0.13578602172575893,-5.000000000000004,0.32944868090414303,0.7206772358589131,1.0680602150042073,-0.48286616283639283,0.8040193234541748,0.8664510410739235
2021-04-14,22.381317382045253,50.856,18.2260900140647,,148.0,-9.000000000000002,16.989999771118164,14.100000381469727,-2.8899993896484375,0,134.72000122070312,,,112.7849,-0.1761312895023237,0.0,-0.40877267278285334,-0.4390321847084988,0.41967398612940965,0.5962072438346233,4.935196420143062,-0.6471152831168725
2021-04-15,22.381317382045253,28.626,18.2260900140647,,140.0,-9.000000000000002,16.56999969482422,14.220000267028809,-2.34999942779541,0,137.6699981689453,,,112.6181,-0.477912033432637,-7.999999999999985,1.109419052516647,0.07325622330078829,0.3755112762320101,-0.5189181618855732,0.49089081726578776,1.7580263744765956
2021-04-16,22.381317382045253,39.94,18.2260900140647,,143.0,-9.000000000000002,16.25,12.970000267028809,-3.2799997329711914,0,139.2899932861328,,,112.4814,-0.2598107371885927,3.0000000000000027,0.36088195555097347,0.1372334570529654,0.13430168321924008,0.8128922718957377,-0.5200094880527084,0.7703622633885132
2021-04-19,22.381317382045253,53.798,18.2260900140647,,145.0,-9.000000000000002,17.290000915527344,15.420000076293945,-1.8700008392333984,0,138.3300018310547,,,112.1835,-0.7011248446567309,2.0000000000000018,-0.5306560094486046,0.006737779631826868,0.006877049948594838,1.4863022424098649,0.39600823027114984,-0.5396276327114924
2021-04-20,22.381317382045253,67.747,18.2260900140647,,143.0,-9.000000000000002,18.68000030517578,17.329999923706055,-1.3500003814697266,0,137.14999389648438,,,112.2354,-0.6786587529634458,-3.0000000000000027,-0.6802319771775922,-1.9706282865434632,0.6833684298255926,-0.13256768003752084,-1.4831215297645972,0.44648040607315753
2021-04-21,18.983511066863667,81.329,18.2260900140647,,142.0,-9.000000000000002,17.5,14.789999961853027,-2.7100000381469727,0,134.8699951171875,,,112.1771,-0.9837446024241969,-1.0000000000000009,0.9306055472153574,-2.033753719530218,-1.5226515914547267,-0.00028822167368325324,-1.745676131584084,0.8439767955833011
2021-04-22,18.983511066863667,102.644,18.2260900140647,,141.0,-9.000000000000002,18.709999084472656,16.770000457763672,-1.9399986267089844,0,139.42999267578125,,,112.2297,-1.2553615499333537,0.0,-0.9210657476561801,2.3839133242507193,0.18476468424313275,-0.2251650442903097,0.13040233585079886,-0.6193213945124731
2021-04-23,18.983511066863667,73.794,18.2260900140647,,142.0,-9.000000000000002,17.329999923706055,14.069999694824219,-3.260000228881836,0,138.08999633789062,,,112.0889,-1.6777834697056848,1.0000000000000009,1.0928696540176919,-0.573996461403492,0.1120389036691316,0.2614581982177011,1.1557855786187288,-0.23579335768069143
2021-04-26,18.983511066863667,100.916,18.2260900140647,,140.0,-9.000000000000002,17.639999389648438,14.8100004196167,-2.8299989700317383,0,140.08999633789062,,,111.8109,-1.6965797613165412,0.0,0.1782270924804541,0.3638777181884878,1.1458356997211983,-0.9498671838765405,-0.370131227060555,0.12380141653769439
2021-04-27,18.983511066863667,142.172,18.2260900140647,,146.0,-9.000000000000002,17.559999465942383,14.550000190734863,-3.0099992752075195,0,139.08999633789062,,,111.9097,-1.774488859085377,4.999999999999982,-0.021489588801437698,-0.46123319629065573,-0.06558159217354698,0.041851625452138386,1.6637034111379068,-0.06744330062985471
2021-04-28,16.902719364945142,166.732,18.2260900140647,,146.0,-9.000000000000002,17.280000686645508,13.619999885559082,-3.660000801086426,0,139.1300048828125,,,111.7909,-2.112116144059273,0.0,-0.08455399168898481,0.21412911261284862,-1.0558481317139434,0.4200290037586818,1.4617127481985293,-0.26996900045697103
2021-04-29,16.902719364945142,173.469,18.2260900140647,,149.0,-9.000000000000002,17.610000610351562,13.960000038146973,-3.65000057220459,0,139.3699951171875,,,111.7464,-1.824756596622501,2.0000000000000018,0.6762806734045723,0.21412911261284862,-0.232593813925408,0.515749858458503,1.8008166534412728,-0.28761424127984325
2021-04-30,16.902719364945142,183.234,18.2260900140647,,149.0,-9.000000000000002,18.610000610351562,15.529999732971191,-3.080000877380371,0,139.3000030517578,,,112.0839,-1.4550870458567844,0.0,-0.7194706699326425,-0.8306604498779957,-0.8257524368719293,-0.8069238167972226,-2.199661987672563,-0.04524216779921986
2021-05-03,16.902719364945142,129.724,14.08272408389517,,147.0,-9.000000000000002,18.309999465942383,16.170000076293945,-2.1399993896484375,0,146.32000732421875,,,112.005,-1.5180490893024423,-2.0000000000000018,0.2748090747253684,-0.8306604498779957,-0.656323837304218,-0.8069238167972226,1.4312614131922974,1.3636606642951188
2021-05-04,16.902719364945142,147.806,14.08272408389517,,145.0,-9.000000000000002,19.479999542236328,17.75,-1.7299995422363281,0,143.75,,,112.2896,-0.973949238936811,-1.9999999999999796,-0.6678337608227225,-0.8306604498779957,0.6449912487388687,-0.8069238167972226,1.860760765059477,-0.8708259112053973
2021-05-05,16.202915455365098,162.8,14.08272408389517,,143.0,-9.000000000000002,19.149999618530273,17.56999969482422,-1.5799999237060547,0,139.22999572753906,,,112.1514,-0.879391655412809,-2.0000000000000018,0.07034637617677753,-0.8306604498779957,0.6449912487388687,-0.8069238167972226,-0.09134599750061367,0.46739083959872474
2021-05-06,16.202915455365098,154.921,14.08272408389517,,142.0,-9.000000000000002,18.389999389648438,16.040000915527344,-2.3499984741210938,0,142.1199951171875,,,111.8401,-1.2393636373269623,-1.0000000000000009,0.8165456466051824,1.8003849901169877,0.41494371385832896,-0.1618887320951834,-1.4017952269492095,1.7599924244015464
2021-05-07,16.202915455365098,161.856,14.08272408389517,,146.0,-9.000000000000002,16.690000534057617,14.09000015258789,-2.6000003814697266,0,144.47000122070312,,,111.0249,-1.8275434890447362,2.0000000000000018,0.7373341616968343,0.09018048815989665,1.1634499206303328,-0.651208617682697,0.29362145587148447,0.8592660746867153
2021-05-10,16.202915455365098,175.548,14.08272408389517,,147.0,-9.000000000000002,19.65999984741211,19.68000030517578,0.020000457763671875,1,145.75999450683594,,,110.7905,-2.13095435801941,2.9999999999999805,-1.0435647322188157,0.5467692408405833,1.6295539363171185,0.2667510825002495,0.030811467790847757,0.34951802192091375
2021-05-11,16.202915455365098,181.753,14.08272408389517,,148.0,-9.000000000000002,21.84000015258789,22.030000686645508,0.1900005340576172,1,142.72000122070312,,,110.8921,-2.0227687387073034,1.0000000000000009,-0.867391280271812,-3.0819822687034426,-1.2270371030179028,0.4043217005113675,0.554529606446863,-0.08707350127551416
2021-05-12,12.927699078787015,209.257,14.08272408389517,,153.0,-9.000000000000002,27.59000015258789,29.549999237060547,1.9599990844726562,1,140.1199951171875,,,111.5636,-1.3053005552945973,5.000000000000004,-2.144940066450274,-1.6116840453977543,-1.4884269340265877,0.6072287214943461,1.2254948938686727,-0.7244429789890039
2021-05-13,12.927699078787015,235.217,14.08272408389517,,150.0,-9.000000000000002,23.1299991607666,23.209999084472656,0.07999992370605469,1,142.60000610351562,,,111.5955,-1.0545737948962963,-3.0000000000000027,1.2173141406923493,-2.4851221505010734,-1.250919004160489,-0.9590631994079835,-3.42009999032471,0.06584402821587787
2021-05-14,12.927699078787015,241.185,14.08272408389517,,147.0,-9.000000000000002,18.809999465942383,17.40999984741211,-1.3999996185302734,0,139.25999450683594,,,111.1353,-1.316662241682287,-3.0000000000000027,1.4917956876899785,2.318787201457062,0.9996431856553523,1.773994269115775,2.4287105283134602,0.7731097274066512
2021-05-17,12.927699078787015,208.96,14.08272408389517,,148.0,-9.000000000000002,19.719999313354492,18.829999923706055,-0.8899993896484375,0,139.0500030517578,,,111.079,-1.2467839127180191,1.0000000000000009,-0.25300521932207776,-0.9244989081140464,-0.5961985596313557,0.7804375251283524,1.3767689439655673,1.6105324115969877
2021-05-18,12.927699078787015,243.47,14.08272408389517,,148.0,-9.000000000000002,21.34000015258789,20.989999771118164,-0.35000038146972656,0,138.35000610351562,,,110.8317,-1.2049900386420398,0.0,-0.8517292959364653,2.091692074995133,1.2292162454472733,0.32379541276992274,-1.1770013864614959,0.01606687165327525
2021-05-19,12.584802205631807,293.998,14.08272408389517,,152.0,-9.000000000000002,22.18000030517578,21.209999084472656,-0.970001220703125,0,139.4600067138672,,,110.8807,-1.207016681011508,4.0000000000000036,-0.2943411456817757,-1.2757160845532467,1.2292162454472733,-0.5114762717639221,-3.2524008595155696,0.7227754388629659
2021-05-20,12.584802205631807,351.121,14.08272408389517,,148.0,-9.000000000000002,20.670000076293945,18.559999465942383,-2.1100006103515625,0,143.75,,,110.8605,-1.1736798330497011,-5.000000000000004,1.0554741756143349,0.19184110492007633,-0.33942167206684193,-0.11449915624148765,-2.067552652575244,0.026577366024693738
2021-05-21,12.584802205631807,369.046,14.08272408389517,,146.0,-9.000000000000002,20.149999618530273,17.1200008392334,-3.029998779296875,0,142.9600067138672,,,111.0576,-1.0443759539587094,0.0,-0.07838806801412357,0.7814724337814605,-0.18531272903045126,-0.5811300778743256,2.4657576354655486,-0.271022293756773
2021-05-24,12.584802205631807,394.941,14.08272408389517,,146.0,-9.000000000000002,18.399999618530273,14.670000076293945,-3.729999542236328,0,144.50999450683594,,,110.9118,-1.0501485874158778,-1.9999999999999796,0.9911292190138532,0.16519379043500315,-0.38397530578490047,0.3074655397575121,3.884871263870715,0.42095298234166023
2021-05-25,12.584802205631807,432.955,14.08272408389517,,141.0,-9.000000000000002,18.84000015258789,15.789999961853027,-3.0500001907348633,0,144.63999938964844,,,110.842,-0.8665523665402963,-5.000000000000004,-0.21252837802967495,0.6676315941685607,0.859333368687909,2.403583867736492,0.03027500702874608,0.7163323875032379
2021-05-26,11.359575929830367,450.283,14.08272408389517,,144.0,-9.000000000000002,17.360000610351562,13.84000015258789,-3.520000457763672,0,144.60000610351562,,,110.8677,-0.9311078485600421,2.0000000000000018,0.18768165702687245,0.3089200977479667,-0.09113355500081077,0.3356291007350132,0.21189555062068877,0.16859350315305832
2021-05-27,11.359575929830367,485.329,14.08272408389517,,147.0,-9.000000000000002,16.739999771118164,13.029999732971191,-3.7100000381469727,0,149.82000732421875,,,110.8688,-0.8248435248307318,3.0000000000000027,0.11653145418315525,-0.32532320077169885,-0.0921567444443383,0.4310725830784845,0.9666204478147034,-0.29454044666445967
2021-05-28,11.359575929830367,479.498,14.08272408389517,,144.0,-9.000000000000002,16.760000228881836,12.729999542236328,-4.030000686645508,0,149.35000610351562,,,110.7576,-0.8848607203453485,-3.0000000000000027,0.07688818911402162,2.1030515438329678,0.7335301620115198,-0.22361882984877068,-0.7928179377626243,0.35870913136444305
2021-06-01,11.359575929830367,447.985,12.607810781078111,,146.0,-9.000000000000002,17.899999618530273,15.0,-2.8999996185302734,0,155.30999755859375,,,110.5046,-1.4090337684538157,4.0000000000000036,-0.04923335226864056,-0.1584896308367112,0.5602573019988233,0.25529059816709054,2.110979391316503,0.02102625041064954
2021-06-02,10.75314257753812,438.778,12.607810781078111,,146.0,-9.000000000000002,17.479999542236328,13.699999809265137,-3.7799997329711914,0,149.0399932861328,,,110.5799,-1.272353912771751,-3.0000000000000027,0.14469348384307246,0.4574138500646141,0.0732451401023626,-0.7606144672674509,1.6391030572105336,0.24173501113669005
2021-06-03,10.75314257753812,479.102,12.607810781078111,,147.0,-9.000000000000002,18.040000915527344,15.180000305175781,-2.8600006103515625,0,148.58999633789062,,,111.1782,-0.989762186346721,3.9999999999999813,-0.36287033416374515,0.38681754314182637,0.719550134835667,-0.35945034184805547,-0.02906330368847021,-1.9030169765727356
2021-06-04,10.75314257753812,483.349,12.607810781078111,,142.0,-9.000000000000002,16.420000076293945,12.699999809265137,-3.7200002670288086,0,145.2100067138672,,,110.7521,-1.247688392654922,-6.999999999999984,0.8834095710505974,-0.40122997076440514,-0.22632831717208646,0.21288169600224283,1.1771620647109238,0.9940197809753748
2021-06-07,10.75314257753812,486.097,12.607810781078111,,141.0,-9.000000000000002,16.420000076293945,13.90999984741211,-2.510000228881836,0,147.75999450683594,,,110.5155,-1.1843694703420393,1.0000000000000009,-0.07967387044511831,0.2685439616986196,0.37159695971056284,0.21437344045003304,-0.5601829564242378,0.37040955757943195
2021-06-08,10.75314257753812,497.428,12.607810781078111,,139.0,-9.000000000000002,17.06999969482422,15.430000305175781,-1.6399993896484375,0,151.2899932861328,,,110.649,-0.33857269855681604,-4.0000000000000036,0.01750248645058239,-0.1918716239650009,-0.13191514790081849,-0.5397892905696255,1.184457106836323,-0.24251884952724012
2021-06-09,10.927576979345321,502.904,12.607810781078111,,134.0,-9.000000000000002,17.889999389648438,17.09000015258789,-0.7999992370605469,0,150.6999969482422,,,110.5707,-0.19839246144750522,-3.0000000000000027,-0.18238673194856947,-0.3547898244716574,-0.9745013046571382,0.31534770113550437,-0.1284853152949239,0.05284853745930462
2021-06-10,10.927576979345321,534.943,12.607810781078111,,131.0,-9.000000000000002,16.100000381469727,13.829999923706055,-2.270000457763672,0,150.7100067138672,,,110.5456,-0.3124659015385278,-5.000000000000004,0.46522430122621916,0.3387285278948715,0.26304376985477607,0.5418556999298607,0.4717007366684234,0.05282062253282316
2021-06-11,10.927576979345321,547.808,12.607810781078111,,131.0,-9.000000000000002,15.649999618530273,13.0600004196167,-2.589999198913574,0,154.80999755859375,,,111.0933,-0.4215532664775923,2.0000000000000018,0.19484346695590737,-0.033945327182571816,0.7653622296881712,-0.5846282269004188,0.8820639330011204,-0.886914116295856
2021-06-14,10.927576979345321,583.892,12.607810781078111,,135.0,-9.000000000000002,16.389999389648438,14.920000076293945,-1.4699993133544922,0,159.27999877929688,,,110.9659,-0.5641804553050966,4.0000000000000036,0.18152018730952513,0.7360264476192091,0.08647392051297498,-0.5846282269004188,-0.04231618550520899,-0.7137543538833557
2021-06-15,10.927576979345321,509.559,12.607810781078111,,135.0,-9.000000000000002,17.020000457763672,15.920000076293945,-1.1000003814697266,0,160.63999938964844,,,111.3507,0.19381780586367192,0.0,-0.20116937805257917,0.9584456121094931,0.19986901612856212,-0.9245752881468117,1.7494434836540007,-0.5096566523605128
2021-06-16,13.66609393786058,520.942,12.607810781078111,,136.0,-9.000000000000002,18.149999618530273,17.940000534057617,-0.20999908447265625,0,161.35000610351562,,,111.1165,0.033759756569651245,6.000000000000005,-0.5390124612855707,-0.5104768187440767,0.6152907678738773,-1.0749145196177534,0.04159564358627854,0.2696144513345988
2021-06-17,13.66609393786058,755.8,12.607810781078111,,129.0,-10.0,17.75,16.670000076293945,-1.0799999237060547,0,155.97000122070312,,,112.5772,1.5749104272514192,-5.000000000000004,-0.043571559205179966,-0.9309330394611681,-0.41846020316657073,0.2066326743033864,-1.538462351873171,-4.608763171383434
2021-06-18,13.66609393786058,747.121,12.607810781078111,,119.0,-10.0,20.700000762939453,20.139999389648438,-0.5600013732910156,0,161.00999450683594,,,113.0408,1.9481298368426714,-7.000000000000006,-1.3124468779900589,-0.1869507992153352,0.09096499616099152,-0.014181982815697491,0.8445924357947998,-0.33262060275397465
2021-06-21,13.66609393786058,765.141,12.607810781078111,,123.0,-10.0,17.889999389648438,16.829999923706055,-1.0599994659423828,0,158.36000061035156,,,112.8391,1.7847655386724837,5.000000000000004,1.4002289962720793,-3.2908015309102256,-0.8304918754638013,0.11573668467137477,2.819659812494102,0.7862449359187895
2021-06-22,13.66609393786058,791.605,12.607810781078111,,123.0,-10.0,16.65999984741211,14.579999923706055,-2.0799999237060547,0,160.50999450683594,,,112.9174,1.674626500122467,-2.0000000000000018,0.5124491902218642,3.117358765370315,0.7124757689232819,0.7999019890047476,-0.8145615988127686,-0.30867661069026164
2021-06-23,14.397056211384385,813.65,12.607810781078111,,124.0,-10.0,16.31999969482422,13.630000114440918,-2.689999580383301,0,154.85000610351562,,,112.3819,1.3254676238236174,2.0000000000000018,-0.10832833431588806,-0.031990695582939654,0.37716028272285484,0.2476537371687293,0.027380609265548195,0.3377807709884495
2021-06-24,14.397056211384385,813.048,12.607810781078111,,123.0,-10.0,15.970000267028809,12.770000457763672,-3.1999998092651367,0,161.0399932861328,,,112.326,1.338842676963603,-1.0000000000000009,0.5811249724885448,0.0011769525100957523,0.3024902837515553,0.012055668022648014,0.30104161903514726,-0.37592285578361695
2021-06-25,14.397056211384385,770.83,12.607810781078111,,126.0,-10.0,15.619999885559082,11.859999656677246,-3.760000228881836,0,170.5500030517578,,,111.9655,0.9901892074968721,5.000000000000004,0.33305973193167304,0.6612907175118643,0.5094181472534709,1.147019117943615,1.0231923175643143,0.05631899153806241
2021-06-28,14.397056211384385,803.019,12.607810781078111,,124.0,-10.0,15.760000228881836,11.920000076293945,-3.8400001525878906,0,162.08999633789062,,,112.0248,1.0426738631607924,-5.000000000000004,0.23149642620619026,-0.062478648536701265,-0.028769037774001305,-0.0329846596293093,-1.539499449921189,0.16886187331002223
2021-06-29,14.397056211384385,841.246,12.607810781078111,,122.0,-10.0,16.020000457763672,11.859999656677246,-4.160000801086426,0,163.83999633789062,,,112.2613,1.3576494976416997,0.0,0.027733619326086867,-0.810417233425309,-0.4606440987535154,-0.9203211114881094,0.09600835455807477,-0.9440282641204889
2021-06-30,15.25892276260372,991.939,12.607810781078111,,120.0,-10.0,15.829999923706055,11.109999656677246,-4.720000267028809,0,161.85000610351562,,,112.5533,1.8539499713134067,-4.0000000000000036,0.1328159646746485,-0.07316268322191677,0.304258406902691,0.5043132413143248,0.6714138684990489,0.45382345010247516
2021-07-01,15.25892276260372,742.647,12.534230882529407,,123.0,-10.0,15.479999542236328,11.430000305175781,-4.049999237060547,0,155.64999389648438,,,112.74,1.9534291494204714,3.0000000000000027,0.522162685427574,-0.2934551808756125,-0.4434726254908039,-0.06738477132720577,2.3955384605798935,0.28800403463464797
2021-07-02,15.25892276260372,731.504,12.534230882529407,,120.0,-10.0,15.069999694824219,10.399999618530273,-4.670000076293945,0,157.94000244140625,,,112.5425,1.227129059473886,-4.0000000000000036,0.7500081663913916,0.2655802787915995,-0.008532119823390083,-1.951081397010801,-0.09304757636671157,0.37727074045654785
2021-07-06,15.25892276260372,772.581,12.534230882529407,,114.99999999999999,-10.0,16.440000534057617,13.760000228881836,-2.6800003051757812,0,153.75,,,112.9516,1.9859668575133105,-6.999999999999984,-0.20218560598241897,0.15742774362970113,0.36438611999654036,-0.11487523810017608,-2.3815870520370153,0.6114677753476183
2021-07-07,17.007734459844915,785.72,12.534230882529407,,111.00000000000001,-10.0,16.200000762939453,13.069999694824219,-3.1300010681152344,0,152.14999389648438,,,113.1048,2.3429292723645023,-4.0000000000000036,0.3358975310182588,-0.9644928403900299,-0.6011682550187802,0.6645391804740663,-1.5946650600259793,0.4460551993309192
2021-07-08,17.007734459844915,793.399,12.534230882529407,,111.00000000000001,-10.0,19.0,17.239999771118164,-1.760000228881836,0,152.82000732421875,,,113.0776,2.194868457916477,-3.0000000000000027,-0.8561024934316985,-0.8774997972304632,-0.9941179718465532,-0.7940966349563428,1.0249383995051264,-0.10546902104149325
2021-07-09,17.007734459844915,780.596,12.534230882529407,,113.99999999999999,-10.0,16.18000030517578,13.020000457763672,-3.1599998474121094,0,155.6999969482422,,,112.8375,2.050091027731571,7.000000000000006,1.1277947808795874,-0.6316565543223907,-1.0677343359520974,-0.03999183404835849,2.220996795947272,0.5779075658564725
2021-07-12,17.007734459844915,776.472,12.534230882529407,,114.99999999999999,-10.0,16.170000076293945,13.520000457763672,-2.6499996185302734,0,157.92999267578125,,,112.7611,2.00415032348642,0.9999999999999787,0.34511743312370946,2.249785834044893,0.8862791517582069,0.6739328282670431,-0.6169515819942961,-0.24861878453038555
2021-07-13,17.007734459844915,798.267,12.534230882529407,,115.99999999999999,-10.0,17.1200008392334,14.979999542236328,-2.1400012969970703,0,154.39999389648438,,,113.0063,1.7219760327580547,4.0000000000000036,-0.3516812658565627,0.5223165007877784,0.7672922384672543,0.5265156032365326,1.5519589062886974,0.21600799856342778
2021-07-14,17.86345364673718,859.975,12.534230882529407,,113.99999999999999,-10.0,16.329999923706055,13.449999809265137,-2.880000114440918,0,154.30999755859375,,,112.8801,1.725034447519458,-4.999999999999982,0.11649345752446916,-0.38216129924504294,-0.2008273100066127,-1.0660256867490392,-2.8172793974512,0.8234787340012151
2021-07-15,17.86345364673718,776.261,12.534230882529407,,108.0,-10.0,17.010000228881836,14.550000190734863,-2.4600000381469727,0,154.14999389648438,,,113.0041,1.484858200262762,-6.000000000000005,-0.32622408541723713,-1.151407809102778,0.6557781838799182,1.0228167178864878,-2.0237874786326326,0.22474239303842403
2021-07-16,17.86345364673718,817.566,12.534230882529407,,106.0,-10.0,18.450000762939453,16.299999237060547,-2.1500015258789062,0,151.94000244140625,,,113.0428,1.7335859210828364,0.0,-0.7538854211077806,-0.9760206822427175,-0.2833060074112437,-0.7094795878048843,0.22330220419752855,-0.7602288464482521
2021-07-19,17.86345364673718,860.468,12.534230882529407,,98.0,-10.0,22.5,22.149999618530273,-0.35000038146972656,0,155.74000549316406,,,113.5472,0.8616309519156706,-12.00000000000001,-1.5869512427409305,-1.2510761058162068,-1.0030752730006087,-0.005083819911921861,-7.505917801000395,-0.3196499767497918
2021-07-20,17.86345364673718,848.102,12.534230882529407,,103.0,-10.0,19.729999542236328,17.860000610351562,-1.8699989318847656,0,154.5,,,113.7502,0.6275610222149952,4.0000000000000036,1.5162609437855634,-0.9567951526051721,-0.3495668288330478,-0.06583778023481202,1.5055706527669743,0.12163837571632641
2021-07-21,18.31758618932038,886.206,12.534230882529407,,108.0,-10.0,17.90999984741211,14.649999618530273,-3.260000228881836,0,155.33999633789062,,,113.3926,0.49052145931685054,7.000000000000006,0.8241819990835397,0.5836092780168833,-0.5193813009590764,0.7314782422377819,4.271736815530014,-0.4417692800345763
2021-07-22,18.31758618932038,898.197,12.534230882529407,,107.0,-10.0,17.690000534057617,14.069999694824219,-3.6200008392333984,0,152.6300048828125,,,113.4695,0.4889414740332221,-3.0000000000000027,0.20166699583279435,0.5836092780168833,1.0665736841374063,0.3388758690242799,2.2901856905556794,0.11647765031341795
2021-07-23,18.31758618932038,877.251,12.534230882529407,,108.0,-10.0,17.200000762939453,12.869999885559082,-4.330000877380371,0,159.44000244140625,,,113.4398,0.9413437573132288,3.0000000000000027,1.0145452020822843,0.5836092780168833,0.12952889161306214,-0.6807215626709495,0.22249481931142512,-0.19944463079986097
2021-07-26,18.31758618932038,891.203,12.534230882529407,,107.0,-10.0,17.579999923706055,14.010000228881836,-3.5699996948242188,0,153.1999969482422,,,113.2238,0.7992806652066253,-1.0000000000000009,0.23821998626283314,1.0356071674894718,-0.9055368210180492,-2.336637089324367,-0.2220008788571315,-0.14988748782024386
2021-07-27,18.31758618932038,927.419,12.534230882529407,,105.0,-10.0,19.360000610351562,17.15999984741211,-2.200000762939453,0,151.0399932861328,,,113.2227,1.1228458766316285,-4.0000000000000036,-0.47124448070912095,0.4919707488307168,0.2350448298351182,-2.48771460279833,-0.361566017229209,0.04447928225070896
2021-07-28,18.31105397125816,965.189,12.534230882529407,,106.0,-10.0,18.309999465942383,14.819999694824219,-3.489999771118164,0,152.22999572753906,,,113.1807,1.0318250958716302,1.0000000000000009,-0.01862618826539153,-1.389193710693848,0.13395322195790538,-0.579378919373108,1.0327953217171393,0.0
2021-07-29,18.31105397125816,987.283,12.534230882529407,,108.0,-10.0,17.700000762939453,13.649999618530273,-4.05000114440918,0,149.9600067138672,,,112.4834,0.19784199897916466,2.0000000000000018,0.42061529800074826,0.7278741181194093,0.17887071821853784,1.4912550757774312,1.6991343656641567,1.7615977311405961
2021-07-30,18.31105397125816,1039.394,12.534230882529407,,105.0,-10.0,18.239999771118164,14.359999656677246,-3.880000114440918,0,153.7100067138672,,,112.6714,0.10492806519224462,-4.0000000000000036,-0.540604805147693,-1.795488224307762,-1.2437307510510198,-0.4208980632806947,0.4482398659995557,-1.0157260857305284
2021-08-02,18.31105397125816,921.317,13.196439530122262,,103.0,-10.0,19.459999084472656,16.209999084472656,-3.25,0,153.3000030517578,,,112.6691,-0.06288806102536793,-4.0000000000000036,-0.1842805614891363,1.8231826909461901,0.6470299739195218,1.9700570302927156,-3.6375861028019485,0.303431538898824
2021-08-03,18.31105397125816,909.442,13.196439530122262,,102.0,-10.0,18.040000915527344,13.680000305175781,-4.3600006103515625,0,152.55999755859375,,,112.8228,0.24906146566852083,-1.0000000000000009,0.82034265474622,-0.5010235602348256,0.43747062849788243,-0.470516286001732,-0.9823246655234374,-0.44001980679977404
2021-08-04,18.571518869694437,931.755,13.196439530122262,,102.0,-10.0,17.969999313354492,13.619999885559082,-4.34999942779541,0,151.39999389648438,,,112.8953,-0.049844358114448095,0.0,-0.4632387901412294,-0.2089224911548171,1.3357467291887026,0.8477397136168241,-3.4155273754276405,0.02209957568410914
2021-08-05,18.571518869694437,944.335,13.196439530122262,,102.0,-10.0,17.280000686645508,13.25,-4.030000686645508,0,148.27000427246094,,,112.7674,-0.2983074104724093,4.0000000000000036,0.6005446813494242,0.5221818603051043,-0.12955816557307376,-0.30685208197634983,1.379302701342966,-0.29826149760080467
2021-08-06,18.571518869694437,952.134,13.196439530122262,,110.00000000000001,-10.0,16.149999618530273,10.960000038146973,-5.189999580383301,0,148.27000427246094,,,113.3088,0.20446136104763646,8.000000000000007,0.1675266241764728,0.33150435270716816,-0.17611558750753042,-0.24001004578565466,-1.1723803756369944,-2.4984752199831983
2021-08-09,18.571518869694437,981.765,13.196439530122262,,110.00000000000001,-10.0,16.719999313354492,12.75,-3.969999313354492,0,148.27000427246094,,,113.4521,0.5446770798714917,2.0000000000000018,-0.09399082741974318,0.33150435270716816,-0.3039477372634436,1.0525587525794355,-2.6361972093488895,-2.0795440673828103
2021-08-10,18.571518869694437,998.654,13.196439530122262,,112.00000000000001,-10.0,16.790000915527344,13.229999542236328,-3.5600013732910156,0,148.27000427246094,,,113.4973,0.6528847270911742,3.0000000000000027,0.09926793341701323,0.2448282979473193,-0.5284589372414716,1.010122674270586,2.7226195354952187,0.31333551918095726
2021-08-11,18.683775275873018,1000.46,13.196439530122262,,112.00000000000001,-10.0,16.170000076293945,11.6899995803833,-4.4800004959106445,0,154.32000732421875,,,113.282,0.24396869909022456,-1.0000000000000009,0.12757437876824707,0.6538955522174206,-0.695914350578053,0.0762107350279484,1.4057681528810484,1.2494201166051155
2021-08-12,18.683775275873018,1087.342,13.196439530122262,,112.99999999999999,-10.0,15.59000015258789,11.539999961853027,-4.050000190734863,0,157.17999267578125,,,113.2691,0.34461344382223924,1.0000000000000009,0.4146380281677686,-0.19768160549387126,-0.38005830956832076,-0.22306748791881548,-0.23105221965252776,-0.07998311211925291
2021-08-13,18.683775275873018,1050.941,13.196439530122262,,106.0,-10.0,15.449999809265137,11.210000038146973,-4.239999771118164,0,159.66000366210938,,,113.0615,0.05079461718646705,-7.000000000000006,0.1607306655808216,-0.1351744216446349,-1.1560303051609488,-0.2394486240015925,-0.9407930683705934,1.4979960647155455
2021-08-16,18.683775275873018,1036.418,13.196439530122262,,105.0,-10.0,16.1200008392334,13.069999694824219,-3.0500011444091797,0,152.5399932861328,,,113.1698,0.11234682792711226,-3.0000000000000027,0.2620850702215849,-1.6226132081418876,-1.1560303051609488,0.029577654012968857,-1.6803060854117646,0.6590848109512271
2021-08-17,18.683775275873018,1053.454,13.196439530122262,,103.0,-10.0,17.90999984741211,16.290000915527344,-1.6199989318847656,0,149.0500030517578,,,113.6174,0.06182450998351019,0.0,-0.706069881494753,-0.3586748191670486,-0.8892264922009896,-2.0004893446079253,-1.0402802319998017,-0.1063307621077203
2021-08-18,18.99914372973526,1115.656,13.196439530122262,,104.0,-10.0,21.56999969482422,23.1200008392334,1.5500011444091797,1,148.5399932861328,,,113.6959,-0.04773617980452505,1.0000000000000009,-1.0748470745585936,0.588669348891413,0.5039576756334929,1.1114035499015795,-1.6969474629254244,-0.1904775582107887
2021-08-19,18.99914372973526,1109.938,13.196439530122262,,102.0,-10.0,21.670000076293945,21.239999771118164,-0.43000030517578125,0,151.19000244140625,,,114.1106,0.6331982863079233,-3.0000000000000027,0.12566922329095842,-1.1046952326347559,-1.934194643054088,-0.566121622773641,-2.7039420753421917,-0.07858242216253197
2021-08-20,18.99914372973526,1111.905,13.196439530122262,,103.0,-10.0,18.559999465942383,15.100000381469727,-3.4599990844726562,0,153.50999450683594,,,114.5009,0.9089667267415447,2.0000000000000018,0.8141567655737925,-0.9820690338509741,-1.2047164440330937,-1.1028810109649845,-2.151042489283783,0.04494151500220589
2021-08-23,18.99914372973526,1135.697,13.196439530122262,,102.0,-10.0,17.149999618530273,14.020000457763672,-3.1299991607666016,0,159.02000427246094,,,113.9418,0.4425254628446007,-1.0000000000000009,0.8523790364248329,1.7805715135165157,0.970424899023592,1.4529047552563013,5.327342283507663,1.2464879939289686
2021-08-24,18.99914372973526,1129.737,13.196439530122262,,105.0,-10.0,17.219999313354492,13.9399995803833,-3.2799997329711914,0,157.1300048828125,,,113.6795,0.40247721768744693,4.0000000000000036,0.14957363013194946,0.8651243786784502,1.5562077819474718,1.0739047925043765,2.8945788292900954,0.13309807448158573
2021-08-25,19.20235671171595,1147.089,13.196439530122262,,112.00000000000001,-10.0,16.790000915527344,12.989999771118164,-3.8000011444091797,0,159.50999450683594,,,113.6322,0.3616765895884777,6.000000000000005,0.2220118224179668,-0.02631906068349954,0.27116622481022645,0.7372072763052184,1.2140948826012021,-0.9636699517796554
2021-08-26,19.20235671171595,1091.792,13.196439530122262,,109.00000000000001,-10.0,18.84000015258789,17.110000610351562,-1.7299995422363281,0,157.25,,,113.7883,0.536840645092318,-1.0000000000000009,-0.5824918819612557,0.06307811330361623,-0.5809066628267967,-1.0935498899554252,-1.3750767013069765,0.22368863154138552
2021-08-27,19.20235671171595,1120.015,13.196439530122262,,109.00000000000001,-10.0,16.389999389648438,12.319999694824219,-4.069999694824219,0,162.42999267578125,,,113.3404,0.761890198909354,-3.0000000000000027,0.8807632480425154,-0.3646001859187842,0.1716420490322612,0.5852337504713256,1.957875601711656,1.3614565940651913
2021-08-30,19.20235671171595,1140.711,13.196439530122262,,109.00000000000001,-10.0,16.190000534057617,12.0,-4.190000534057617,0,157.99000549316406,,,113.246,0.5099785748645891,-2.0000000000000018,0.4306570844779589,0.535970781777384,0.3283461304812052,0.1701768692959682,0.6837376131936912,-0.41836263833957554
2021-08-31,19.20235671171595,1189.616,13.196439530122262,,110.00000000000001,-10.0,16.479999542236328,12.75,-3.729999542236328,0,155.91000366210938,,,113.1076,0.38919277778912686,1.0000000000000009,-0.13491160395050494,1.0804522538331751,1.7518050484051084,0.4475166465923497,-1.025862005295053,0.3316749585406287
2021-09-01,18.97659448703326,1084.115,12.789572695511954,,111.00000000000001,-10.0,16.110000610351562,11.75,-4.3600006103515625,0,154.75,,,112.8732,0.04467182165306394,1.0000000000000009,0.03116886257619189,1.2868864382064027,0.24224276015112345,0.6535143550093547,0.1313815151688047,-0.10468454071970168
2021-09-02,18.97659448703326,1066.987,12.789572695511954,,109.00000000000001,-10.0,16.40999984741211,12.729999542236328,-3.6800003051757812,0,156.97999572753906,,,112.7863,-0.09654963492723434,-2.0000000000000018,0.2842638410522902,0.325085834879868,-0.9719278858619673,0.8393356111851658,2.0411161986103155,-0.2426796356136185
2021-09-03,18.97659448703326,1074.707,12.789572695511954,,112.00000000000001,-10.0,16.40999984741211,11.65999984741211,-4.75,0,162.27000427246094,,,112.5476,-0.19491448769768382,4.0000000000000036,-0.03350311257153127,2.0480999504799424,0.7938019793851225,-0.4256293626839991,-1.0001385478031866,1.227404978244384
2021-09-07,18.97659448703326,1079.945,12.789572695511954,,115.99999999999999,-10.0,18.139999389648438,15.329999923706055,-2.809999465942383,0,162.27000427246094,,,112.9795,-0.2906217345872597,4.999999999999982,-0.3395574405981705,0.8639613788191447,-0.4966755177259974,1.5111014463700112,-1.3566206220032018,-1.9116281355231801
2021-09-08,19.209444422414347,1115.229,12.789572695511954,,112.99999999999999,-10.0,17.959999084472656,14.75,-3.2099990844726562,0,153.38999938964844,,,113.2319,-0.19409072198751653,-2.9999999999999805,-0.1318566739775151,0.8860444795425471,-0.7664484830807616,-0.03808274653697152,1.3899116296197223,-0.2895524901996738
2021-09-09,19.209444422414347,1107.659,12.789572695511954,,107.0,-10.0,18.799999237060547,16.549999237060547,-2.25,0,149.97000122070312,,,113.043,-0.4002738391133409,-5.000000000000004,-0.4605608657393345,-0.5732754882940116,-1.526721210360893,0.4881364417150591,-1.673886884597986,0.37415945858505495
2021-09-10,19.209444422414347,1099.323,12.789572695511954,,112.00000000000001,-10.0,20.950000762939453,22.579999923706055,1.6299991607666016,1,151.16000366210938,,,112.9425,-0.29969456753942136,5.000000000000004,-0.7722578759925436,1.245161395720551,0.35509226465260113,0.2702375742543506,2.318758211340266,-0.43396287538539635
2021-09-13,19.209444422414347,1087.108,12.789572695511954,,112.00000000000001,-10.0,19.3700008392334,20.200000762939453,0.8299999237060547,1,148.5,,,113.0341,-0.20747052814933387,-2.0000000000000018,0.22764876184568905,0.21568574257520012,0.06718678496393515,0.33107332512347654,1.0470391777937849,0.13410954664752062
2021-09-14,19.209444422414347,1169.28,12.789572695511954,,107.0,-10.0,19.459999084472656,19.43000030517578,-0.029998779296875,0,146.72999572753906,,,113.0061,-0.048999880595956835,-5.000000000000004,-0.574663850657553,0.7315261549242225,0.6704254660675701,-1.4203166270604695,0.014197497038659357,0.7087026323590928
2021-09-15,19.595157460391597,1081.342,12.789572695511954,,110.00000000000001,-10.0,18.18000030517578,16.200000762939453,-1.9799995422363281,0,154.3300018310547,,,112.9773,-0.17009838313755132,3.0000000000000027,0.8473996979569742,-0.5164269888011219,0.14512768569179268,-0.17419665764787373,3.051378872857091,-0.6815496808666444
2021-09-16,19.595157460391597,1147.494,12.789572695511954,,111.00000000000001,-10.0,18.690000534057617,16.639999389648438,-2.0500011444091797,0,152.8800048828125,,,113.3036,-0.276190090602324,3.0000000000000027,-0.15511404489350067,-0.6173730936814947,-0.7391962698990451,-1.3437343268778212,0.0,-2.108906957891943
2021-09-17,19.595157460391597,1218.303,12.789572695511954,,113.99999999999999,-10.0,20.809999465942383,19.65999984741211,-1.1499996185302734,0,149.52000427246094,,,113.5989,-0.0853153016071806,3.0000000000000027,-0.9110872450405094,0.5827555223486547,0.3328952708202104,0.19073221474552593,-0.8814204438351125,-0.29636106487113123
2021-09-20,19.595157460391597,1224.289,12.789572695511954,,108.0,-10.0,25.709999084472656,27.700000762939453,1.9900016784667969,1,141.57000732421875,,,113.9422,-0.1475761235152584,-6.000000000000005,-1.697731100841482,0.5827555223486547,0.3328952708202104,0.19073221474552593,-2.334306345256121,0.7088158363445674
2021-09-21,19.595157460391597,1240.494,12.789572695511954,,111.00000000000001,-10.0,24.360000610351562,25.1299991607666,0.7699985504150391,1,139.97999572753906,,,113.8179,-0.5965018615574302,2.0000000000000018,-0.08123585165593639,-2.1650450633214913,0.3328952708202104,0.19073221474552593,0.38411813849723586,0.805991076076995
2021-09-22,19.69027630981448,1283.281,12.789572695511954,,107.0,-10.0,20.8700008392334,19.459999084472656,-1.4100017547607422,0,144.1199951171875,,,113.6223,-0.28040631269649063,-1.0000000000000009,0.9519611195260236,-0.6712884963750332,0.3328952708202104,0.40177476982259375,2.366788344845183,0.0394116650830556
2021-09-23,19.69027630981448,1352.483,12.789572695511954,,113.99999999999999,-10.0,18.6299991607666,17.079999923706055,-1.5499992370605469,0,146.8699951171875,,,113.513,-0.14646440211295575,8.999999999999986,1.2134715784494876,-0.6712884963750332,-0.4117143903512033,0.3783937810412086,1.481378437069547,-1.632239590082285
2021-09-24,19.69027630981448,1313.657,12.789572695511954,,118.0,-10.0,17.75,15.239999771118164,-2.510000228881836,0,145.6699981689453,,,113.7597,0.11220411115862028,6.000000000000005,0.1461009046688222,2.0560812574425658,-0.07482103838019061,-0.8003333839862181,0.9276947842630001,0.11443611923540598
2021-09-27,19.69027630981448,1297.05,12.789572695511954,,117.0,-10.0,18.760000228881836,16.959999084472656,-1.8000011444091797,0,144.66000366210938,,,113.7432,-0.03963500641103179,1.0000000000000009,-0.27763826213396126,-0.028926757256919622,0.26877623382517424,-0.8369610791441495,1.9870147669719174,0.017148587557769268
2021-09-28,19.69027630981448,1365.185,12.789572695511954,,123.0,-10.0,23.25,24.559999465942383,1.3099994659423828,1,140.0800018310547,,,114.2469,0.7998030711026116,6.000000000000005,-2.0364110556098214,-0.18551420982785283,-1.1398875406113507,0.5411892876670432,-0.21205571794071787,-0.811425781249997
2021-09-29,19.725433024254514,1415.84,12.789572695511954,,125.0,-10.0,22.559999465942383,21.790000915527344,-0.7699985504150391,0,137.99000549316406,,,114.7092,1.2920544654998922,1.0000000000000009,0.15691842194003325,-2.119244310991941,-1.215328455648479,-1.830258345598923,-0.6109696890411187,-0.8238304197409896
2021-09-30,19.725433024254514,1604.881,12.789572695511954,,124.0,-10.0,23.139999389648438,23.030000686645508,-0.10999870300292969,0,135.5500030517578,,,114.6403,1.3550813561599595,-3.0000000000000027,-1.1909714125195148,-0.31014083993072816,0.2793887066682599,0.9015064505554893,0.2672683995033509,1.9634068445033348
2021-10-01,19.725433024254514,1385.991,12.811368930538002,,121.0,-10.0,21.100000381469727,19.770000457763672,-1.3299999237060547,0,135.0500030517578,,,114.3798,1.3347721159673087,-4.0000000000000036,1.149147763018199,-2.3141877172862535,-1.617564262908644,0.9015064505554893,1.132878166000495,0.09684675694106026
2021-10-04,19.725433024254514,1399.173,12.811368930538002,,122.0,-10.0,22.959999084472656,23.040000915527344,0.0800018310546875,1,130.8699951171875,,,114.2739,1.318954518412263,1.0000000000000009,-1.2985898136748442,-1.1337071716733704,-1.617564262908644,0.9015064505554893,2.293101681794907,0.5236170274260044
2021-10-05,19.725433024254514,1431.18,12.811368930538002,,126.0,-10.0,21.299999237060547,20.31999969482422,-0.9799995422363281,0,131.67999267578125,,,114.3654,1.6151388390334365,5.000000000000004,1.0524514660609219,-2.1893966568029333,-1.888261417220194,0.9015064505554893,1.687706148208612,-0.3736822425772557
2021-10-06,19.638896572819363,1451.175,12.811368930538002,,123.0,-10.0,21.0,19.540000915527344,-1.4599990844726562,0,131.50999450683594,,,114.7185,1.5392172916325553,-1.0000000000000009,0.41027928541854664,-1.0540174834195337,-1.8182570447261015,0.9015064505554893,-1.900418084632438,0.05114937636678807
2021-10-07,19.638896572819363,1375.863,12.811368930538002,,126.0,-10.0,19.540000915527344,18.1299991607666,-1.4100017547607422,0,133.32000732421875,,,114.5044,1.1237999185741865,5.000000000000004,0.8298280656405366,0.5424915789752349,1.7587499720880029,0.9015064505554893,1.1235990483702496,-0.14768392990273105
2021-10-08,19.638896572819363,1371.958,12.811368930538002,,129.0,-10.0,18.770000457763672,16.739999771118164,-2.030000686645508,0,133.32000732421875,,,114.5986,1.3761135143264047,3.0000000000000027,-0.19137230947889883,1.3394236949134442,-0.10677326779491292,0.6726137074601013,1.3409902700376897,-0.09101630147998474
2021-10-11,19.638896572819363,1371.958,12.811368930538002,,129.0,-10.0,20.0,19.75,-0.25,0,134.6999969482422,,,114.5986,1.3761135143264047,3.0000000000000027,-0.6865763848056816,1.6016996520520799,-0.10677326779491292,-0.012804542866939883,1.4744778720152008,-0.09679856487631033
2021-10-12,19.638896572819363,1367.051,12.811368930538002,,124.0,-10.0,19.850000381469727,19.40999984741211,-0.4400005340576172,0,134.10000610351562,,,114.7542,1.6040905770635439,-2.0000000000000018,-0.24167805585421087,-0.9389710616309555,-1.350342162712792,-1.246482038309249,0.14903471384131173,0.21087845056830812
2021-10-13,18.59092158682758,1364.701,12.811368930538002,,119.0,-10.0,18.639999389648438,17.450000762939453,-1.1899986267089844,0,135.77000427246094,,,114.4705,1.2707669632438412,-3.0000000000000027,0.302251448379387,-0.319972115816225,0.9611240792760878,0.4178268762424997,-0.24801209047115025,2.0133026992374514
2021-10-14,18.59092158682758,1445.66,12.811368930538002,,115.99999999999999,-10.0,16.860000610351562,14.800000190734863,-2.060000419616699,0,143.77999877929688,,,114.2053,1.0611816530258,-4.0000000000000036,1.7063101945583359,1.4592974941460612,1.5021678974400654,-0.09770395701026446,1.081545363976355,0.16725205339054305
2021-10-15,18.59092158682758,1462.297,12.811368930538002,,118.0,-10.0,16.299999237060547,13.239999771118164,-3.059999465942383,0,147.27000427246094,,,114.0905,0.9853306814731955,7.000000000000006,0.7460210377712606,1.8132550412242932,0.884019720182283,0.39598029875713703,1.192966732048073,-1.6418990817447798
2021-10-18,18.59092158682758,1477.114,12.811368930538002,,114.99999999999999,-10.0,16.309999465942383,13.90999984741211,-2.3999996185302734,0,143.77000427246094,,,113.9899,0.6057177353588017,0.0,0.337476955709759,-0.1485103377721564,-0.2779422893829042,-0.11841507096429504,0.19446240214291421,-0.13580253565299572
2021-10-19,18.59092158682758,1470.739,12.811368930538002,,124.0,-12.0,15.699999809265137,13.34000015258789,-2.359999656677246,0,141.00999450683594,,,113.647,0.04234195929715412,5.999999999999983,0.7393339551406308,0.6547995711739141,0.743681001312102,0.7009257069109598,0.6307576754816191,0.2776463173266297
2021-10-20,19.334356471441417,1493.961,12.811368930538002,,125.0,-12.0,15.489999771118164,12.6899995803833,-2.8000001907348633,0,141.22999572753906,,,113.5083,-0.38080711097380204,0.0,0.36640298040166996,0.1370204967848787,-0.5252540753777679,-0.1711562977024239,1.0969186019189614,0.813698638830096
2021-10-21,19.334356471441417,1458.605,12.811368930538002,,123.0,-12.0,15.010000228881836,11.8100004196167,-3.1999998092651367,0,140.94000244140625,,,113.6188,-0.17492854814576964,3.0000000000000027,0.2995871849622578,-1.869630509487985,-0.19248439042017784,0.21689515742611132,-1.6334836076273618,-0.16254831308486484
2021-10-22,19.334356471441417,1403.02,12.811368930538002,,118.0,-10.0,15.430000305175781,11.979999542236328,-3.450000762939453,0,139.33999633789062,,,113.67,0.041981195592777354,-2.0000000000000018,-0.10725536274130976,0.3353336563076903,-0.038910461612995384,-0.3388227246552078,1.5272753166429842,0.8028323164233742
2021-10-25,19.334356471441417,1413.188,12.811368930538002,,117.0,-10.999999999999998,15.239999771118164,13.09000015258789,-2.1499996185302734,0,140.94000244140625,,,113.605,0.0810479856932611,-2.0000000000000018,0.4748196569493546,-0.7097396997291061,0.47835535612057445,0.7609001569407248,0.0,0.5847953216374213
2021-10-26,19.334356471441417,1423.198,12.811368930538002,,115.99999999999999,-10.0,15.979999542236328,14.329999923706055,-1.6499996185302734,0,141.3000030517578,,,113.674,-0.07533423523443661,-1.0000000000000009,0.18197952535197182,1.7678054496869322,0.9448654443712678,-0.3385232247262171,1.0625589385741652,-0.7364368121885345
2021-10-27,19.728724182815572,1433.37,12.811368930538002,,104.0,-10.0,16.979999542236328,15.15999984741211,-1.8199996948242188,0,140.60000610351562,,,113.6218,-0.1067316551670805,-8.999999999999986,-0.5051568068462853,-0.026693907246522208,-0.7736788567760944,-0.9820280806108417,-2.3508539018291197,0.29006935816493495
2021-10-28,19.728724182815572,1384.684,12.811368930538002,,107.0,-10.0,16.530000686645508,14.3100004196167,-2.2200002670288086,0,144.72999572753906,,,113.4389,-0.7072401964517083,3.0000000000000027,0.9829281576461124,-0.9559010730016859,-0.5268548716968358,-1.2320695278298155,0.1814588553582741,0.2057929318445284
2021-10-29,19.728724182815572,1502.296,12.811368930538002,,107.0,-10.0,16.260000228881836,13.670000076293945,-2.5900001525878906,0,148.08999633789062,,,114.1349,-0.500657314321773,-2.0000000000000018,0.1949334719149265,0.25190625625597374,-1.2915590887958683,0.8219645937035613,0.9177661618607225,-1.032414289408956
2021-11-01,19.728724182815572,1358.606,12.302130257230658,,108.0,-10.0,16.40999984741211,15.020000457763672,-1.3899993896484375,0,145.80999755859375,,,114.2067,-0.3782265049899536,3.0000000000000027,0.18000771431341267,2.611008664402492,0.27805115178003437,-0.08062681758759238,0.5743728116386793,0.6786301506414683
2021-11-02,19.728724182815572,1329.913,12.302130257230658,,110.00000000000001,-10.0,16.030000686645508,14.739999771118164,-1.2900009155273438,0,146.67999267578125,,,114.2847,-0.08314405165947836,-2.0000000000000018,0.36803630854131963,-0.42560578366400703,1.1598101844179975,-1.0960732708416132,-0.16656678710912365,-0.35652746371263033
2021-11-03,19.802950172819234,1343.985,12.302130257230658,,112.99999999999999,-10.0,15.100000381469727,13.100000381469727,-2.0,0,149.77000427246094,,,114.3593,0.07473272549549659,4.0000000000000036,0.6461279195357994,-0.42560578366400703,-1.2536968571094098,-0.20224165091586865,-3.6348503380355335,-1.4032524331145213
2021-11-04,19.802950172819234,1348.539,12.302130257230658,,112.00000000000001,-10.0,15.4399995803833,13.039999961853027,-2.3999996185302734,0,151.6699981689453,,,114.3558,-0.00839414718086795,-7.000000000000006,0.4181942361150437,0.9263563996403157,0.2523770751924781,0.8097685837144653,-2.5352498593666506,1.6670460887421301
2021-11-05,19.802950172819234,1354.059,12.302130257230658,,106.0,-10.0,16.479999542236328,13.149999618530273,-3.3299999237060547,0,148.8300018310547,,,114.0732,-0.5625073549601955,-8.000000000000007,0.3732799652949259,-0.6135348168045285,-0.4676138973616184,-1.0008888236654134,3.121430225452926,1.3050766544373982
2021-11-08,19.802950172819234,1354.382,12.302130257230658,,106.0,-10.0,17.219999313354492,14.430000305175781,-2.789999008178711,0,149.24000549316406,,,113.8256,-0.5928156472589818,6.000000000000005,0.08877879113036169,-0.35296855299119523,-0.3054645855618987,0.20219598389563664,0.8121123284993814,0.6055934734722435
2021-11-09,19.802950172819234,1377.197,12.302130257230658,,105.0,-10.0,17.780000686645508,15.1899995803833,-2.590001106262207,0,144.08999633789062,,,113.762,-0.7300263703047039,-5.000000000000004,-0.3498775895770745,-0.7509725231191422,0.07634652398160746,0.23923985868352649,2.709631651939448,0.1532191485392076
2021-11-10,20.733289786502993,1448.623,12.302130257230658,,105.0,-10.0,18.729999542236328,15.949999809265137,-2.7799997329711914,0,144.88999938964844,,,114.1484,-0.5279109609931498,10.000000000000009,-0.8225823395229703,-0.6101377096516813,-1.089973855791171,-0.41460048652695036,-3.339281208597611,0.9507171280887183
2021-11-11,20.733289786502993,1448.623,12.302130257230658,,105.0,-10.0,17.65999984741211,14.300000190734863,-3.359999656677246,0,144.02999877929688,,,114.1484,-0.5279109609931498,10.000000000000009,0.05509400447352153,0.587767119062077,-0.17917049659156303,1.154775676058839,0.307351870242889,0.8443372911925984
2021-11-12,20.733289786502993,1417.643,12.302130257230658,,105.0,-10.0,16.290000915527344,11.989999771118164,-4.30000114440918,0,144.3699951171875,,,114.5144,0.038350492048166984,2.0000000000000018,0.7222656026415475,1.1343429308516617,1.5002163520769551,0.17861402811882865,-0.9805067511588605,0.2522581239459143
2021-11-15,20.733289786502993,1391.657,12.302130257230658,,110.00000000000001,-10.0,16.489999771118164,12.199999809265137,-4.289999961853027,0,142.3800048828125,,,114.5876,0.3347480370875955,4.999999999999982,-0.0010739820344718431,0.5634253400574663,1.0347605159616968,-0.1638848483535682,0.11139539159645828,-0.09636751456704173
2021-11-16,20.733289786502993,1466.857,12.302130257230658,,109.00000000000001,-10.0,16.3700008392334,11.9399995803833,-4.430001258850098,0,139.55999755859375,,,115.136,0.9163777878087975,0.0,0.3865229864862485,0.10517704573125286,-0.07701427490759416,-0.32575806205427105,-0.14836192045299956,-0.6698462120752757
2021-11-17,19.76907613888015,1520.0,12.302130257230658,,108.0,-10.0,17.110000610351562,11.510000228881836,-5.600000381469727,0,141.9600067138672,,,115.0263,0.9092033592449811,-2.9999999999999805,-0.2601625374463401,-0.401867229310493,-1.1607474790193861,0.4423908850951008,-2.971770012871533,0.8685787547471291
2021-11-18,19.76907613888015,1584.097,12.302130257230658,,107.0,-10.0,17.59000015258789,12.430000305175781,-5.159999847412109,0,144.8000030517578,,,115.0678,1.2501869824984357,-1.0000000000000009,0.33847802152713324,-0.3020376075011044,-0.5076943667385536,-0.47097577290685644,0.8295067902194919,-0.4653126918264139
2021-11-19,19.76907613888015,1575.384,12.302130257230658,,102.0,-10.0,17.90999984741211,12.449999809265137,-5.460000038146973,0,148.44000244140625,,,115.2187,1.5068501598561435,-5.000000000000004,-0.1398665559303236,0.4973501624664367,0.8020729481328814,1.1264817803804394,-3.6830826267943872,-0.5266012266590514
2021-11-22,19.76907613888015,1573.769,12.302130257230658,,100.0,-10.0,19.170000076293945,16.059999465942383,-3.1100006103515625,0,147.44000244140625,,,115.6481,1.7860600534418625,8.999999999999986,-0.31971365563219223,0.09493833998091006,1.4213966984784276,0.6097669686838447,0.8541413126308406,-2.4416568908864678
2021-11-23,19.76907613888015,1571.98,12.302130257230658,,107.0,-10.0,19.3799991607666,16.350000381469727,-3.029998779296875,0,146.99000549316406,,,116.0118,2.0601741884402225,4.0000000000000036,0.1657132912945114,0.09493833998091006,-0.5283306023396661,0.1956693611046667,2.28013029315961,-1.2458471760797396
2021-11-24,20.304788484136303,1452.897,12.302130257230658,,100.0,-10.0,18.579999923706055,14.819999694824219,-3.760000228881836,0,148.14999389648438,,,116.2711,2.3468157211390395,-3.0000000000000027,0.22938506357221833,-1.583420054021345,-0.10142490093723033,0.10068765135544666,-0.1401281660529441,0.03364034684258943
2021-11-26,20.304788484136303,1451.108,12.302130257230658,,98.0,-10.0,28.6200008392334,30.600000381469727,1.9799995422363281,1,148.27000427246094,,,116.5103,2.4951176170452394,-15.999999999999993,-2.2724822637582465,-2.534503127095733,-1.4706747320799352,-0.5605143752033692,-13.06288805140844,0.0672649099607403
2021-11-29,20.304788484136303,1459.339,12.302130257230658,,101.0,-10.0,22.959999084472656,21.43000030517578,-1.529998779296875,0,149.92999267578125,,,116.581,2.604429783721085,4.0000000000000036,1.3200199537034996,-1.626688279579902,-0.9235630078607171,-0.03900397252788457,2.6412257990629184,-0.16803898044864818
2021-11-30,20.304788484136303,1517.956,12.302130257230658,,91.0,-10.0,27.190000534057617,28.3799991607666,1.1899986267089844,1,150.5500030517578,,,116.2071,2.4402563847145897,-9.000000000000007,-1.896131033450521,-1.634003198731171,-2.416717890836928,0.033399989405746844,-5.389559410354117,-0.4881374069370614
2021-12-01,19.771616525998105,1427.347,12.46168812828854,,87.0,-10.0,31.1200008392334,33.93000030517578,2.809999465942383,1,155.2100067138672,,,115.889,1.5368655862492586,0.0,-1.1815187417889228,0.4092457700705099,2.138420108723471,0.36476996741883205,-0.9217295369275735,0.4510599971877527
2021-12-02,19.771616525998105,1448.585,12.46168812828854,,81.0,-10.0,27.950000762939453,28.040000915527344,0.09000015258789062,1,151.3800048828125,,,116.018,1.5859840096946964,1.0000000000000009,1.419443613158311,-0.6523929148753549,1.5708430223722702,-0.08526414787964898,1.4183320260853893,-1.173104215338172
2021-12-03,19.771616525998105,1475.464,12.46168812828854,,75.0,-10.0,30.670000076293945,31.700000762939453,1.0300006866455078,1,149.63999938964844,,,116.2377,1.7088901664002343,-8.999999999999986,-0.8448563730297565,0.9951987107421179,0.7829522740132377,0.9398809942228192,-0.3608990432624526,1.209748930472121
2021-12-06,19.771616525998105,1487.996,12.46168812828854,,78.0,-10.0,27.18000030517578,27.290000915527344,0.1100006103515625,1,151.63999938964844,,,116.1538,1.5691771460650816,7.999999999999985,1.1730872577451423,-0.3646191173662827,0.16574712870569552,-0.5022931391666541,4.874729283736201,-0.2525252525252486
2021-12-07,19.771616525998105,1455.038,12.46168812828854,,78.0,-10.0,21.889999389648438,20.829999923706055,-1.0599994659423828,0,151.66000366210938,,,115.8555,1.3114332635511206,5.000000000000004,2.0707080374404274,1.891443716342045,0.6212047659337472,0.16103454988616317,3.683990886007793,0.2869184577179995
2021-12-08,19.631825774460143,1484.192,12.46168812828854,,84.0,-10.0,19.899999618530273,17.5,-2.3999996185302734,0,151.1999969482422,,,115.4418,1.1997559461819352,4.0000000000000036,0.30852853123166657,1.423338593492729,0.3369325412709401,1.1816110147513603,0.4302533594218838,0.044881007465624734
2021-12-09,19.631825774460143,1500.027,12.46168812828854,,79.0,-10.0,21.579999923706055,20.489999771118164,-1.0900001525878906,0,149.66000366210938,,,115.7784,1.7156070339185758,-3.0000000000000027,-0.7181080169894716,-0.46827975810733724,0.9251122353099772,0.9751006863524925,-1.9624076243335065,-0.49344222875719046
2021-12-10,19.631825774460143,1507.147,12.46168812828854,,81.0,-10.0,18.690000534057617,15.699999809265137,-2.9900007247924805,0,147.33999633789062,,,115.5732,1.5920957789068435,-1.0000000000000009,0.9549073338481762,-1.0015542472684436,-0.6383773094608913,-0.18213635939448025,1.0290325661350463,0.4677137914072427
2021-12-13,19.631825774460143,1599.768,12.46168812828854,,76.0,-10.0,20.309999465942383,18.540000915527344,-1.769998550415039,0,146.07000732421875,,,115.842,1.4836826446976037,-6.000000000000005,-0.9136167611567658,0.7128572545122891,-0.28469812655445015,0.4017614269342662,-0.5302040785911788,0.19070191079164633
2021-12-14,19.631825774460143,1584.488,12.46168812828854,,77.0,-10.0,21.889999389648438,21.020000457763672,-0.8699989318847656,0,137.75999450683594,,,116.2397,1.506622747881492,2.0000000000000018,-0.7470677577436025,-0.7257194540808976,-0.45674597852310983,-0.5310954506070664,-0.7855204816974215,-0.8901093869696508
2021-12-15,18.934554569912333,1621.097,12.46168812828854,,78.0,-10.0,19.290000915527344,16.780000686645508,-2.510000228881836,0,141.75,,,116.4219,1.6007840289874231,3.0000000000000027,1.6348464630746795,0.0952429233786578,0.04819161732227961,-0.3796267236143458,0.19793493991784317,-0.44058115231366823
2021-12-16,18.934554569912333,1657.626,12.46168812828854,,80.0,-10.0,20.56999969482422,18.760000228881836,-1.8099994659423828,0,140.2899932861328,,,115.7146,0.502536131184006,-3.0000000000000027,-0.8743415379980468,2.1314320534016717,0.5693475974313689,0.7509023009108384,2.1306539414643444,1.928968595877656
2021-12-17,18.934554569912333,1704.586,12.46168812828854,,75.0,-10.0,21.56999969482422,19.350000381469727,-2.219999313354492,0,134.94000244140625,,,115.791,0.664804483844117,-3.0000000000000027,-1.0287680637092622,-1.7912161546506433,0.37653110155668745,-1.1608076114593913,-2.1000230737016623,0.4007610675737183
2021-12-20,18.934554569912333,1758.041,12.46168812828854,,78.0,-10.999999999999998,22.8700008392334,22.209999084472656,-0.6600017547607422,0,131.7100067138672,,,116.0092,0.8181263568087793,2.0000000000000018,-1.138805785140995,-2.1294610858090146,-1.8136142339762462,-1.0670750867026624,-3.7115399813216543,-0.5599344374567328
2021-12-21,18.934554569912333,1748.285,12.46168812828854,,78.0,-10.0,21.010000228881836,18.829999923706055,-2.1800003051757812,0,136.3300018310547,,,116.1089,0.772617639324169,5.000000000000004,1.7777934551572505,2.0752495830058892,0.40600841366436047,0.8773871410125311,4.235672354477105,-0.32334988658628827
2021-12-22,18.725671218101358,1699.277,12.46168812828854,,78.0,-10.0,18.6299991607666,14.760000228881836,-3.8699989318847656,0,136.3300018310547,,,115.7485,0.08681508818562111,-2.0000000000000018,1.0180197220578835,0.15646867072036663,0.31764221129924053,-0.06923243321292905,2.3059608075271854,0.7662593536998719
2021-12-23,18.725671218101358,1577.78,12.46168812828854,,79.0,-10.0,17.959999084472656,13.710000038146973,-4.249999046325684,0,150.25999450683594,,,115.5337,-0.41211325054865133,4.0000000000000036,0.6223699921661829,0.8268204574280347,0.45870441402993123,0.5719609021332062,1.4156112548875166,0.5328583323728875
2021-12-27,18.725671218101358,1580.347,12.46168812828854,,72.0,-10.0,17.68000030517578,14.479999542236328,-3.200000762939453,0,151.8699951171875,,,115.4684,-0.6903693179130532,-2.0000000000000018,1.383893524747526,-0.3687260487195032,-0.42755792183638563,-0.05759959361786304,2.412249298295266,-0.17115590048087936
2021-12-28,18.725671218101358,1637.064,12.46168812828854,,75.0,-10.0,17.540000915527344,14.399999618530273,-3.1400012969970703,0,153.2100067138672,,,115.4192,-0.9364837271897852,1.0000000000000009,-0.10101548486260992,1.3694131211166027,0.6897681675400946,0.39110086528180155,0.5425481854771652,0.11614266989063982
2021-12-29,18.933078159658567,1642.506,12.46168812828854,,80.0,-10.0,16.950000762939453,12.850000381469727,-4.100000381469727,0,156.24000549316406,,,115.3678,-1.0406498486031146,6.000000000000005,0.14018951394270118,-0.5582524434924574,-0.8923115798418313,-0.9121498178182086,0.763351113496924,-0.28173548356554834
2021-12-30,18.933078159658567,1696.476,12.46168812828854,,79.0,-10.0,17.329999923706055,13.859999656677246,-3.4700002670288086,0,155.27000427246094,,,115.283,-0.7952181923479684,-3.0000000000000027,-0.29897555945093135,-0.3984169804942761,-0.5225065568202791,0.6169013457395067,0.56165140920581,0.4210279590453503
2021-12-31,18.933078159658567,1904.582,12.46168812828854,,79.0,-10.0,17.219999313354492,13.260000228881836,-3.9599990844726562,0,154.3800048828125,,,115.283,-0.7952181923479684,0.0,-0.2626179913657545,-0.3984169804942761,-0.5225065568202791,0.5689142660090463,-2.3119870485598715,0.8164643474810607
2022-01-03,18.933078159658567,1579.526,11.721624955484566,,85.0,-10.0,16.600000381469727,13.520000457763672,-3.0799999237060547,0,151.49000549316406,,,115.4101,-0.41324025576197077,10.999999999999988,0.6374052530970564,-0.3984169804942761,-0.5225065568202791,0.5689142660090463,1.1567647349721266,-1.5376183631156004
2022-01-04,18.933078159658567,1495.692,11.721624955484566,,89.0,-10.0,16.90999984741211,13.880000114440918,-3.0299997329711914,0,150.36000061035156,,,115.3103,-0.6099915530348721,3.0000000000000027,-0.0629621957060511,1.7716144973366044,0.3892360845209497,-0.20468135744220461,1.1961041151597351,0.8113802038371976
2022-01-05,19.508510719229367,1492.787,11.721624955484566,,88.0,-10.0,19.729999542236328,18.06999969482422,-1.6599998474121094,0,143.41000366210938,,,115.137,-0.9469389019225338,5.000000000000004,-1.9392757790687165,0.10364928122723605,-1.179899226775849,-1.022763506766755,1.1170290092400004,0.5843426453107758
2022-01-06,19.508510719229367,1510.553,11.721624955484566,,85.0,-10.0,19.610000610351562,17.059999465942383,-2.5500011444091797,0,140.77000427246094,,,115.4046,-0.6450068788106833,2.0000000000000018,-0.09637690162076495,-2.878379945859877,-1.132033898038931,-0.2531126032257358,2.0680804648785633,-1.9675558968772822
2022-01-07,19.508510719229367,1530.096,11.721624955484566,,89.0,-10.0,18.760000228881836,15.399999618530273,-3.3600006103515625,0,139.13999938964844,,,115.0451,-0.6994920396528492,3.0000000000000027,-0.4050216740091761,-0.032675640652690685,1.1764940930780954,-0.18237292308094233,-0.7047540461187607,0.46402689409630327
2022-01-10,19.508510719229367,1560.421,11.721624955484566,,86.0,-10.0,19.399999618530273,17.90999984741211,-1.489999771118164,0,139.24000549316406,,,115.2216,-0.19074546654678226,2.0000000000000018,-0.14410312534549607,-0.032675640652690685,-0.9533323710556929,0.39055242618297736,-0.8491738352191969,0.07790898241861743
2022-01-11,19.508510719229367,1527.02,11.721624955484566,,85.0,-10.0,18.40999984741211,16.59000015258789,-1.8199996948242188,0,138.08999633789062,,,114.8332,-0.8163871672090872,-3.0000000000000027,0.9159984668711818,-0.8992030257410577,0.022547839081998866,-0.7257529659846385,3.8220602524166036,1.1232179102341977
2022-01-12,19.829783822345547,1536.981,11.721624955484566,,82.0,-10.0,17.6200008392334,14.680000305175781,-2.940000534057617,0,135.72999572753906,,,114.355,-1.0540505930440536,-1.0000000000000009,0.2817754443029452,1.9246348247151657,1.5406301696969882,0.8406585878654838,1.7483355671057854,0.4728898988996644
2022-01-13,19.829783822345547,1636.742,11.721624955484566,,79.0,-10.0,20.309999465942383,18.790000915527344,-1.519998550415039,0,133.1300048828125,,,114.177,-1.4373025327601319,-4.0000000000000036,-1.42436152864307,-0.961317401974926,-0.34953616664851195,-1.172223578396936,-0.6292311797034489,-0.3283712872338862
2022-01-14,19.829783822345547,1598.887,11.721624955484566,,79.0,-10.0,19.190000534057617,17.309999465942383,-1.8800010681152344,0,133.85000610351562,,,114.3825,-1.5977329604257462,8.000000000000007,0.08199802697488323,-1.2806693342136022,-1.356142616318301,-0.9563294922624088,2.070137471242295,-0.2580689269649272
2022-01-18,19.829783822345547,1597.137,11.721624955484566,,81.0,-10.0,22.790000915527344,24.170000076293945,1.3799991607666016,1,129.72000122070312,,,114.7373,-1.4469786182840116,9.000000000000007,-1.8387945694007368,-0.26918481188289434,-0.8947824140363325,0.7973636972760101,1.9207833646066819,-0.23121118479906277
2022-01-19,19.594111457648623,1656.576,11.721624955484566,,79.0,-10.0,23.850000381469727,23.959999084472656,0.10999870300292969,1,134.72999572753906,,,114.6109,-0.9538122242137126,-4.0000000000000036,-0.9689541868338813,-2.795811804935011,-0.7666941671219063,-0.3285791730755161,1.7909385155464808,1.699493788444606
2022-01-20,19.594111457648623,1678.931,11.721624955484566,,75.0,-10.999999999999998,25.59000015258789,26.729999542236328,1.1399993896484375,1,127.58000183105469,,,114.4642,-1.145857622785873,0.0,-1.103737849414832,1.1129597470622254,0.7177302072096214,-0.08768171106615652,-0.06899443333189259,-0.03255252530437458
2022-01-21,19.594111457648623,1706.127,11.721624955484566,,74.0,-10.0,28.850000381469727,30.860000610351562,2.010000228881836,1,136.17999267578125,,,114.6125,-1.2039562379535518,-8.000000000000007,-1.8914821867908604,-0.902569245288587,-0.9917243022643629,-0.9139083362554201,-2.025318878396498,-0.5807300500339174
2022-01-24,19.594111457648623,1614.002,11.721624955484566,,76.0,-10.999999999999998,29.899999618530273,35.81999969482422,5.920000076293945,1,136.05999755859375,,,115.2034,-0.7798713104680166,0.0,0.2771738943381896,0.24020329567040477,-1.492085795019349,0.04371918890508919,-2.14940315265868,0.5404466688426757
2022-01-25,19.594111457648623,1599.502,11.721624955484566,,76.0,-10.0,31.15999984741211,37.18000030517578,6.020000457763672,1,133.89999389648438,,,115.1654,-0.503764627619363,3.0000000000000027,-1.2171906253646725,-1.6566013545251779,-2.5648319277175813,-2.5836323512245296,2.7487708349970053,0.5972742733147518
2022-01-26,19.656631274910772,1613.046,11.721624955484566,,72.0,-10.999999999999998,31.959999084472656,37.400001525878906,5.44000244140625,1,133.3800048828125,,,115.0922,-0.38213958351545063,7.000000000000006,-0.1496635847751837,-0.44232893147237995,-0.4098641291885974,0.6585921275875206,2.0443925598071955,-1.2306324477091457
2022-01-27,19.656631274910772,1583.895,11.721624955484566,,63.0,-10.999999999999998,30.489999771118164,33.029998779296875,2.539999008178711,1,132.22000122070312,,,115.978,0.4413328668276373,-4.0000000000000036,-0.538408875771057,-3.1136167469076326,-3.4972907657325414,-1.7773665675127392,-0.847164140465062,-2.000107934730311
2022-01-28,19.656631274910772,1615.021,11.721624955484566,,63.0,-10.0,27.65999984741211,28.1299991607666,0.4699993133544922,1,132.9600067138672,,,116.0393,0.537258965579368,-3.0000000000000027,2.4347646888076113,2.090304834753498,1.8684369738922069,-0.9666364762097701,0.24246516914070426,-0.46841154214832814
2022-01-31,19.656631274910772,1654.85,11.721624955484566,,61.0,-10.0,24.829999923706055,25.329999923706055,0.5,1,131.44000244140625,,,115.566,0.17179837008247656,1.0000000000000009,1.8885951732779516,1.0653778657031543,1.8684369738922069,-0.9666364762097701,1.5319072054016392,0.5658566557111833
2022-02-01,19.656631274910772,1584.109,10.606677731729919,,63.0,-10.0,21.959999084472656,21.100000381469727,-0.8599987030029297,0,133.0,,,115.3685,0.07416531492066003,2.0000000000000018,0.686300355780145,0.283312552160897,1.8684369738922069,-0.9666364762097701,0.056716303457582384,0.2952673441852349
2022-02-02,19.73677427921472,1626.895,10.606677731729919,,62.0,-10.0,22.09000015258789,21.600000381469727,-0.48999977111816406,0,133.0,,,115.1538,-0.22207761712362828,-3.0000000000000027,0.942251544733641,1.6807410635550024,1.8684369738922069,-0.9666364762097701,0.06803309531120405,0.49435661291812316
2022-02-03,19.73677427921472,1640.397,10.606677731729919,,63.0,-10.0,24.350000381469727,24.110000610351562,-0.23999977111816406,0,132.75,,,114.9065,-0.3501855428352907,4.0000000000000036,-2.4391082077444004,-1.061572284941914,1.67008264062809,-0.9666364762097701,2.2773560595811926,-0.34269021330998184
2022-02-04,19.73677427921472,1642.892,10.606677731729919,,62.0,-10.0,23.219999313354492,21.860000610351562,-1.3599987030029297,0,132.75,,,115.1362,-0.0006948244265503334,10.999999999999988,0.5156929864423399,0.7293323394192974,1.5673102471673417,-0.9666364762097701,2.259888103899721,0.1996658672178242
2022-02-07,19.73677427921472,1679.932,10.606677731729919,,62.0,-10.0,22.860000610351562,21.610000610351562,-1.25,0,132.75,,,115.0098,-0.34210074815042013,-1.0000000000000009,-0.37017126347429485,-0.6965056915748336,-0.18907125702337657,2.027111532751169,-1.0724709023430812,0.7749363549869104
2022-02-08,19.73677427921472,1674.61,10.606677731729919,,61.0,-10.0,21.440000534057617,20.06999969482422,-1.3700008392333984,0,127.72000122070312,,,115.0892,0.03833279296554526,4.0000000000000036,0.8401207191663262,0.13083255103547575,0.051361794615800704,0.6720882487777136,-2.1462977343655654,0.3295616873810525
2022-02-09,19.292402473722568,1653.153,10.606677731729919,,57.99999999999999,-10.999999999999998,19.959999084472656,18.670000076293945,-1.289999008178711,0,129.77999877929688,,,114.8232,-0.345768501739252,-2.0000000000000018,1.4517207887505545,1.0824805217358735,0.8148688022026951,0.7912828564502927,0.33572409322819574,0.47081877263130956
2022-02-10,19.292402473722568,1634.146,10.606677731729919,,42.0,-10.0,23.90999984741211,23.709999084472656,-0.20000076293945312,0,128.11000061035156,,,114.5527,-0.2442673373205695,8.999999999999986,-1.811572566845976,0.4213614535568011,0.11123151762466588,0.17126570844769873,0.2453642452856286,0.054489975294602644
2022-02-11,19.292402473722568,1635.826,10.606677731729919,,42.0,-10.0,27.360000610351562,26.84000015258789,-0.5200004577636719,0,126.80999755859375,,,114.8413,0.42525468934457855,-10.999999999999988,-1.896945434456343,0.4213614535568011,-0.8737584030051537,-0.658650438949715,3.5825559847585176,0.25052269788561343
2022-02-14,19.292402473722568,1666.232,10.606677731729919,,40.0,-10.0,28.329999923706055,27.6200008392334,-0.7099990844726562,0,128.1199951171875,,,115.1946,0.8912477994692303,6.000000000000005,-0.38405967262932217,-2.225911510350942,-1.573309449808169,-0.9838452429220212,2.5349093974556425,1.4776157350273156
2022-02-15,19.292402473722568,1608.494,10.606677731729919,,47.0,-10.0,25.700000762939453,24.489999771118164,-1.210000991821289,0,129.75999450683594,,,114.93,0.4786571372369153,6.999999999999984,1.5766721170720421,-0.7917416469824579,-1.0330984739405413,0.5019191592097627,-3.5512250389282185,-0.7066355017063652
2022-02-16,17.911327199479388,1644.134,10.606677731729919,,51.0,-10.0,24.290000915527344,21.31999969482422,-2.970001220703125,0,132.75,,,114.6886,-0.04244478473871549,-2.0000000000000018,0.08812077558950637,2.215547143408525,1.9853950175442892,0.5728228145787773,1.7269512029492784,0.8302729101975048
2022-02-17,17.911327199479388,1647.202,10.606677731729919,,48.0,-10.0,28.110000610351562,27.690000534057617,-0.4200000762939453,0,131.30999755859375,,,114.6755,0.05636462151505928,-5.999999999999983,-2.1173138152195015,-0.8285795063559198,0.5279064436444436,0.06376426101926125,-2.0286156860866766,1.6308416637958123
2022-02-18,17.911327199479388,1674.929,10.606677731729919,,45.0,-10.0,27.75,26.030000686645508,-1.7199993133544922,0,128.36000061035156,,,114.7982,0.29179429026715553,-5.000000000000004,-0.71661613961429,-0.40685697695992395,0.01566754832584838,0.6551242329159157,-0.7519642821954609,-0.11048432892538651
2022-02-22,17.911327199479388,1699.432,10.606677731729919,,38.0,-10.0,28.809999465942383,28.6200008392334,-0.18999862670898438,0,128.3300018310547,,,114.7002,0.07651870432980878,2.0000000000000018,-1.0142945264832837,-1.7140277529300474,-1.34885957821278,-0.9585775565990717,1.4055109076382521,0.39502792038568213
2022-02-23,17.628437844980137,1738.322,10.606677731729919,,41.0,-10.0,31.020000457763672,30.709999084472656,-0.3100013732910156,0,126.87999725341797,,,114.6668,-0.46578486398839436,5.000000000000004,-1.8412122845487655,-1.7140277529300474,0.47066784089346836,0.9256179484235183,-0.2707092627295071,0.16263446963136197
2022-02-24,17.628437844980137,1650.399,10.606677731729919,,42.0,-10.0,30.31999969482422,30.040000915527344,-0.279998779296875,0,130.47999572753906,,,115.9419,0.6742476472968439,-3.0000000000000027,1.4956856067329216,-1.8101933216168709,-2.6008163067438916,-1.696400070587123,0.7709002130680265,0.8328108537978496
2022-02-25,17.628437844980137,1603.349,10.606677731729919,,42.0,-10.0,27.59000015258789,26.149999618530273,-1.4400005340576172,0,132.50999450683594,,,115.2577,0.1437977551910441,1.0000000000000009,2.237267765560347,1.9471071048788202,1.0555708404592412,0.6253703079966089,-1.314514872099748,-2.005089401873217
2022-02-28,17.628437844980137,1596.052,10.606677731729919,,39.0,-10.0,30.149999618530273,31.5,1.3500003814697266,1,137.36000061035156,,,115.2224,-0.6515028712341997,-13.99999999999999,-0.24426034406476171,0.19005651237891108,0.8375768389099258,0.31581720983449024,4.5092314094830055,0.6838072840743337
2022-03-01,17.628437844980137,1552.95,9.623889909180106,,41.0,-10.0,33.31999969482422,34.79999923706055,1.4799995422363281,1,134.4199981689453,,,115.7962,-0.20949798904336125,-11.00000000000001,-1.5473503680411893,1.1984112188342388,0.8375768389099258,0.7659631599262751,8.033851173565365,2.2638727728386154
2022-03-02,17.822384685778037,1526.211,9.623889909180106,,36.0,-10.0,30.739999771118164,30.790000915527344,0.05000114440917969,1,136.11000061035156,,,115.7623,0.16985964730109604,14.000000000000012,1.8642691757321028,-1.682607955751314,0.16079283339911488,-0.13299979118627236,6.952900645381388,-1.1068780750497331
2022-03-03,17.822384685778037,1533.992,9.623889909180106,,33.0,-10.0,30.479999542236328,30.020000457763672,-0.45999908447265625,0,133.27999877929688,,,115.9495,0.5036036699792357,0.0,-0.5254666430088317,0.6980639937258504,1.6112349188855957,-0.0883945489817961,-2.649186569257833,0.7027955556467846
2022-03-04,17.822384685778037,1483.061,9.623889909180106,,24.0,-10.0,31.979999542236328,31.110000610351562,-0.8699989318847656,0,133.27999877929688,,,116.6503,1.2995663191314621,-12.00000000000001,-0.7934042550334475,-2.226710412930688,-1.2249423215701327,-0.9611935286616302,7.439400271616936,1.5870528734703848
2022-03-07,17.822384685778037,1461.227,9.623889909180106,,23.0,-10.0,36.45000076293945,38.56999969482422,2.1199989318847656,1,136.69000244140625,,,117.3278,2.1071914991754204,4.0000000000000036,-2.951815831344917,-2.9403375278598043,-2.289348706687089,-2.1692978417278463,3.2157686816125297,1.4655767740029413
2022-03-08,17.822384685778037,1525.099,9.623889909180106,,23.0,-10.0,35.130001068115234,36.65999984741211,1.529998779296875,1,135.25,,,117.6176,2.1551866398230812,8.000000000000007,-0.723375351819977,-1.7067282710730214,-1.090410235358663,-2.3520121083716594,3.601336153610757,2.317064577269945
2022-03-09,17.55757759896863,1542.504,9.623889909180106,,26.0,-10.0,32.45000076293945,33.439998626708984,0.9899978637695312,1,134.1199951171875,,,116.5961,1.3792737662355892,7.999999999999985,2.569824789143582,-0.29615615451896726,-1.090410235358663,-1.1276695942766035,-12.126111859385258,-2.656730151487219
2022-03-10,17.55757759896863,1568.735,9.623889909180106,,26.0,-10.0,30.229999542236328,30.010000228881836,-0.2199993133544922,0,130.94000244140625,,,116.7401,1.434452581128376,4.0000000000000036,-0.4291813651667864,3.9359560660984005,2.2086702323264706,1.219147479943472,-2.4655017299143767,0.614328567495459
2022-03-11,17.55757759896863,1557.823,9.623889909180106,,25.0,-10.0,30.75,30.6299991607666,-0.12000083923339844,0,130.6999969482422,,,117.0192,1.912505486696059,2.0000000000000018,-1.2961545123475138,-2.0537674996398247,-0.7103643810029925,0.41442775364544104,3.122057435194936,-0.7707334268670207
2022-03-14,17.55757759896863,1608.021,9.623889909180106,,27.0,-10.0,31.770000457763672,34.22999954223633,2.4599990844726562,1,131.80999755859375,,,117.1506,2.2678644850797847,14.000000000000012,-0.7421002465963666,0.5765273811308091,-0.5873161328781573,-2.6050297062655825,-5.780663668688469,-1.1650767213810753
2022-03-15,17.55757759896863,1583.471,9.623889909180106,,30.0,-10.0,29.829999923706055,30.709999084472656,0.8799991607666016,1,130.66000366210938,,,117.246,2.0939331059470767,0.9999999999999787,2.140857417087094,0.15264378432489067,-0.9116804542244061,-4.949854884043181,-6.378021122779332,-1.5870573572873359
2022-03-16,16.387847101178576,1613.637,9.623889909180106,,24.0,-10.0,26.670000076293945,26.510000228881836,-0.15999984741210938,0,132.0,,,116.8073,1.3999788184515527,4.0000000000000036,2.238376135718223,1.6393964337072742,1.4380896175347768,3.4837152862134735,-1.4516813463681721,-1.0630023334197602
2022-03-17,16.387847101178576,1659.977,9.623889909180106,,26.0,-10.000000000000004,25.670000076293945,24.940000534057617,-0.7299995422363281,0,134.92999267578125,,,116.0467,0.9716349082049991,1.000000000000023,1.234781757145198,3.4581186308054512,1.326700945611936,1.398112052856848,8.354379592718452,1.787210460478894
2022-03-18,16.387847101178576,1715.148,9.623889909180106,,17.0,-10.000000000000004,23.8700008392334,22.190000534057617,-1.6800003051757812,0,136.63999938964844,,,116.1378,1.2635955099286278,-6.000000000000005,1.1662294827948783,0.6548597859636462,0.46427772471748785,1.1206712469864488,1.670220950903456,-0.7157213628957937
2022-03-21,16.387847101178576,1728.893,9.623889909180106,,18.0,-11.000000000000004,23.530000686645508,22.729999542236328,-0.8000011444091797,0,135.72999572753906,,,115.9398,1.1025022781675275,17.99999999999997,-0.043466036210393355,0.6548597859636462,-0.7746514821399875,0.08058494562674934,7.086920739842895,0.02074600270678406
2022-03-22,16.387847101178576,1763.183,9.623889909180106,,20.0,-12.0,22.940000534057617,22.56999969482422,-0.37000083923339844,0,139.72000122070312,,,116.0824,1.118658654926663,6.000000000000005,1.13041136006502,1.4786347112665466,0.891642029616091,0.18963595569152503,-0.32108508877336517,-0.40962483221345103
2022-03-23,16.09990748251664,1803.186,9.623889909180106,,19.0,-13.0,23.56999969482422,23.209999084472656,-0.3600006103515625,0,136.7100067138672,,,116.005,1.1375743023987805,-6.000000000000005,-1.2272698789159042,2.997529763083384,0.9243560453182642,0.34265034409204365,2.8364335257270445,0.827824481609496
2022-03-24,16.09990748251664,1707.655,9.623889909180106,,21.0,-13.0,21.670000076293945,20.420000076293945,-1.25,0,138.38999938964844,,,115.9599,1.127702177090506,2.0000000000000018,1.434391292056647,0.2504638645380419,-0.19707634677689212,-0.634968781858436,-2.2535490824048265,1.2909222511187979
2022-03-25,16.09990748251664,1676.974,9.623889909180106,,18.0,-12.0,20.809999465942383,18.450000762939453,-2.3599987030029297,0,140.25999450683594,,,115.7921,-0.12920264373793566,14.000000000000012,0.5066170567449069,0.14033678605276378,0.011725576433718743,-1.169753171039123,1.388646287023354,-0.3976308551636554
2022-03-28,16.09990748251664,1688.632,9.623889909180106,,11.0,-12.0,19.6299991607666,17.81999969482422,-1.8099994659423828,0,138.8699951171875,,,116.1911,0.8098374338547432,-2.0000000000000018,0.7144955276586762,-0.731617728175904,-0.015381866460717486,0.07035619295245876,-6.971029266933082,-0.726792552324107
2022-03-29,16.09990748251664,1718.87,9.623889909180106,,6.0,-12.0,18.899999618530273,17.540000915527344,-1.3599987030029297,0,140.0,,,115.5679,0.29985488932706694,-4.999999999999982,1.2256547427530462,1.1041028646131767,0.42168003335874005,-0.3285132553663139,-1.6232552242020248,-1.4229725682276206
2022-03-30,16.23300751672392,1785.939,9.623889909180106,,4.0,-13.0,19.329999923706055,17.43000030517578,-1.8999996185302734,0,139.27999877929688,,,115.0818,-0.6169459792290222,-6.000000000000005,-0.629370017469788,-0.7969933991412104,0.20685067267884882,1.955721935989141,3.4343840218928,1.124476987447709
2022-03-31,16.23300751672392,1871.97,9.623889909180106,,4.0,-11.000000000000004,20.559999465942383,18.399999618530273,-2.1599998474121094,0,140.72999572753906,,,115.2218,-0.46690502866649775,-3.000000000000025,-1.5652540713177343,-0.7343578570855103,0.3971949346557535,-0.4408297940940775,-6.993137578249586,0.8119964402314439
2022-04-01,16.23300751672392,1666.063,7.898741455628744,,-5.0,-10.000000000000004,19.6299991607666,16.0,-3.6299991607666016,0,145.50999450683594,,,115.4814,-0.40371023592168376,7.000000000000028,0.34102225843584133,-0.5587391463920399,-0.6454700675517899,0.9384422848986551,-1.0071820388164898,-1.5442220572518095
2022-04-04,16.23300751672392,1692.936,7.898741455628744,,-1.0,-10.000000000000004,18.56999969482422,15.760000228881836,-2.809999465942383,0,146.47999572753906,,,115.4112,-1.062234730643652,2.9999999999999805,0.8090938687879357,0.254790299062857,0.6587880374528732,0.9384422848986551,4.039490552869429,0.5262870988705926
2022-04-05,16.23300751672392,1710.834,7.898741455628744,,3.0,-10.000000000000004,21.030000686645508,18.6200008392334,-2.4099998474121094,0,141.3300018310547,,,115.73,-1.3618255860929795,12.00000000000001,-1.2551720801807331,0.18571131913764916,0.04713908677469458,0.9384422848986551,-1.2780787281426842,-0.3265564439800861
2022-04-06,15.938887117483436,1731.472,7.898741455628744,,11.0,-10.000000000000004,22.100000381469727,19.639999389648438,-2.460000991821289,0,144.27000427246094,,,115.9995,-1.3757294826624578,6.999999999999984,-0.9716916613271898,-1.5750683573144464,-0.8759757285706882,0.021627215962261026,-5.619846782061888,-0.23402152700950918
2022-04-07,15.938887117483436,1734.424,7.898741455628744,,19.0,-10.000000000000004,21.549999237060547,19.049999237060547,-2.5,0,139.5500030517578,,,116.3512,-0.21004133071346187,5.000000000000027,0.4253385628492534,-1.6882098388714573,-1.4321569216945607,-1.4232062642311472,-0.20784014409193086,0.8027535559882004
2022-04-08,15.938887117483436,1750.498,7.898741455628744,,19.0,-10.000000000000004,21.15999984741211,17.299999237060547,-3.8600006103515625,0,141.50999450683594,,,116.4176,-0.27625468883443194,6.000000000000005,-0.2651026482054286,0.3616052010946724,0.16802745601596225,0.468073862666496,2.3221945072172234,0.4033471176370762
2022-04-11,15.938887117483436,1758.958,7.898741455628744,,28.999999999999996,-10.000000000000004,24.3700008392334,22.850000381469727,-1.5200004577636719,0,137.91000366210938,,,116.5401,-0.4094199926165998,6.999999999999984,-1.687729010355421,-0.6087692239770237,-0.2699534219821609,-2.6052927502658085,-4.040302396084828,0.13906434261119482
2022-04-12,15.938887117483436,1710.414,7.898741455628744,,33.0,-11.000000000000004,24.260000228881836,22.489999771118164,-1.7700004577636719,0,137.6199951171875,,,116.3866,-0.6521520162935501,-6.999999999999984,-0.3417447717741773,-1.813987689747143,-0.9780582576023877,1.45874015345,6.692117400917996,1.4298166980229343
2022-04-13,15.043851589815826,1815.555,7.898741455628744,,33.0,-11.000000000000004,21.81999969482422,19.149999618530273,-2.6700000762939453,0,139.86000061035156,,,116.2796,-0.8242498677993204,-2.0000000000000018,1.1174577597236057,1.930928964342371,1.8648089924342637,-0.8250011396617518,3.6282321881126567,0.45129681680657896
2022-04-14,15.043851589815826,1706.935,7.898741455628744,,36.0,-11.000000000000004,22.700000762939453,19.34000015258789,-3.3600006103515625,0,134.38999938964844,,,116.7558,-0.04408971014654428,12.99999999999999,-1.214413784439794,1.22379676695068,0.008097607718626776,1.2181366812697103,2.589925130208326,-0.5098422809660552
2022-04-18,15.043851589815826,1738.379,7.898741455628744,,39.0,-11.000000000000004,22.170000076293945,20.8799991607666,-1.2900009155273438,0,130.94000244140625,,,116.8441,0.6081568619346944,2.0000000000000018,-0.02048682840329885,-1.0832187776664615,-0.10571343346619244,-0.4896884878729635,1.1781226481383023,0.6088588894085367
2022-04-19,15.043851589815826,1817.292,7.898741455628744,,32.0,-12.0,21.3700008392334,20.700000762939453,-0.6700000762939453,0,130.94000244140625,,,117.1324,1.0286372755516249,8.000000000000007,1.6057604355527166,0.6917197975841116,0.9535064853126274,-0.04662747300182568,-5.221330351798925,-1.371731953567601
2022-04-20,14.511066944825624,1866.56,7.898741455628744,,25.0,-13.0,20.31999969482422,19.299999237060547,-1.0200004577636719,0,134.17999267578125,,,116.7306,0.5583964494186855,-8.000000000000007,-0.06184750715809706,0.8625495300283781,-0.007354147456317683,-1.3456348273034657,0.18525979517276525,-0.1738458060354664
2022-04-21,14.511066944825624,1854.7,7.898741455628744,,22.0,-14.000000000000002,22.68000030517578,22.209999084472656,-0.470001220703125,0,132.72000122070312,,,117.1432,0.9811646049739275,4.999999999999982,-1.4752948498371943,1.2315849426419723,0.35016937335361487,-2.260833345407165,1.012166341145826,-0.37904134758919295
2022-04-22,14.511066944825624,1765.031,7.898741455628744,,18.0,-13.0,28.209999084472656,29.06999969482422,0.8600006103515625,1,136.22000122070312,,,118.0186,1.77535510120308,0.0,-2.7740054250753654,-1.6252306363141567,-0.8613706546223732,0.23085395352258065,-1.6571935692562545,-0.7146909475848284
2022-04-25,14.511066944825624,1783.609,7.898741455628744,,18.0,-13.0,27.020000457763672,28.950000762939453,1.9300003051757812,1,133.4199981689453,,,118.6271,2.4483535577988436,-8.999999999999986,0.5697936985382235,-1.8980835203153634,-1.7591563905990149,-5.131649544480455,-3.4584097088773413,-1.9575374846258375
2022-04-26,14.511066944825624,1819.343,7.898741455628744,,23.0,-13.0,33.52000045776367,37.7400016784668,4.220001220703125,1,133.4199981689453,,,118.9624,2.385122440531151,-4.0000000000000036,-2.8146308431003852,0.41115785627934276,0.4207613580942571,-1.4369108517531703,3.2068155097986217,0.43313297346705415
2022-04-27,14.885524437723774,1803.162,7.898741455628744,,24.0,-12.0,31.600000381469727,34.81999969482422,3.219999313354492,1,138.08999633789062,,,119.4708,3.377148844964739,4.999999999999982,0.20980468517017847,-1.1740720280289163,-1.096199443006829,2.4892375480395135,0.314650643487302,-0.815188797779498
2022-04-28,14.885524437723774,1818.416,7.898741455628744,,22.0,-12.0,29.989999771118164,32.25,2.260000228881836,1,136.35000610351562,,,120.0675,4.332309713612403,3.000000000000025,2.474690007293945,1.7481183320003701,1.0772749012682326,0.5814172763071168,3.273871865503697,0.14846634082219534
2022-04-29,14.885524437723774,1906.802,7.898741455628744,,19.0,-12.0,33.400001525878906,36.11000061035156,2.7099990844726562,1,136.69000244140625,,,119.4933,3.707197769866477,4.0000000000000036,-3.6284507106413955,1.7481183320003701,1.0331832057344892,2.4056649211171344,-0.6359132166514847,1.0907025037761198
2022-05-02,14.885524437723774,1796.302,6.160178323524246,,26.0,-10.000000000000004,32.34000015258789,35.400001525878906,3.0600013732910156,1,131.39999389648438,,,119.8825,3.811089924438038,10.000000000000009,0.5675242812353654,-0.10939810310178766,-0.28200209712448965,2.4056649211171344,0.45849242176463356,-2.4878226986457253
2022-05-03,14.885524437723774,1796.252,6.160178323524246,,19.0,-10.000000000000004,29.25,31.610000610351562,2.3600006103515625,1,129.0,,,119.7043,3.7198296179226986,-2.0000000000000018,0.48371263814863674,-0.10939810310178766,-0.2600975036326503,2.4056649211171344,-2.6243173479971738,0.375980224321415
2022-05-04,14.461148768463318,1815.656,6.160178323524246,,27.0,-10.000000000000004,25.420000076293945,26.15999984741211,0.7399997711181641,1,127.75,,,119.5592,3.308735850686939,-4.0000000000000036,2.986242108440229,-0.10939810310178766,-0.10781330891860286,2.4056649211171344,5.27291641771741,-0.09632110344034439
2022-05-05,14.461148768463318,1844.762,6.160178323524246,,34.0,-10.999999999999998,31.200000762939453,33.25,2.049999237060547,1,128.64999389648438,,,120.0068,3.454583855964888,11.999999999999966,-3.5649708609806985,-0.10939810310178766,-0.10781330891860286,0.6793417515186251,0.4174052386858973,0.3749330476700674
2022-05-06,14.461148768463318,1861.866,6.160178323524246,,40.0,-12.0,30.190000534057617,29.790000915527344,-0.39999961853027344,0,126.20999908447266,,,119.8577,3.013720528881514,7.000000000000028,-0.5674224842484032,0.6899380944858979,-1.234703770572354,-2.1579247060115603,1.3947852180307585,0.3842023037286646
2022-05-09,14.461148768463318,1858.995,6.160178323524246,,44.0,-12.0,34.75,36.650001525878906,1.9000015258789062,1,127.05000305175781,,,120.4972,3.5042811396215123,-7.000000000000028,-3.2037100632356763,-2.533816612580675,-1.234703770572354,0.08594977058642428,-6.0854518624946285,-1.2810959074778139
2022-05-10,14.461148768463318,1864.225,6.160178323524246,,37.0,-12.0,32.9900016784668,34.70000076293945,1.7099990844726562,1,125.86000061035156,,,120.7742,3.633170041899736,-5.999999999999961,0.24578974498534745,-0.5784348516292726,-1.813188492189699,1.0552170153865559,-3.230181705260393,-0.9261726023365169
2022-05-11,14.192221016279216,1876.119,6.160178323524246,,25.0,-12.0,32.560001373291016,33.91999816894531,1.3599967956542969,1,124.51000213623047,,,120.3925,3.4418910768078126,-8.000000000000007,-1.646320750393837,0.17786081117039387,-0.16522009757876654,0.7529995855985128,5.964311167633074,0.6902522421520896
2022-05-12,14.192221016279216,1900.069,6.160178323524246,,28.000000000000004,-10.999999999999998,31.770000457763672,33.31999969482422,1.5499992370605469,1,119.91000366210938,,,121.2796,4.299980392089409,-7.000000000000028,-0.12959645058717717,-1.7735801315274191,-1.627528810207779,-0.12129208476557851,0.3973116758895223,-1.5545680199366085
2022-05-13,14.192221016279216,1865.287,6.160178323524246,,32.0,-10.999999999999998,28.8700008392334,29.3799991607666,0.5099983215332031,1,122.08999633789062,,,120.8442,3.501667583109369,9.00000000000003,2.386969542307149,2.636751143203786,2.1238514262343244,0.9587605575183122,4.108169907835513,-0.8992227204183023
2022-05-16,14.192221016279216,1833.152,6.160178323524246,,30.0,-9.999999999999998,27.469999313354492,28.520000457763672,1.0500011444091797,1,117.52999877929688,,,120.6881,3.4158885431831765,-5.000000000000027,-0.3946400929555671,0.45180100712758353,-0.2941323433362064,-0.34140963845217254,3.357769170243774,0.33750002785990496
2022-05-17,14.192221016279216,1877.483,6.160178323524246,,27.0,-9.999999999999998,26.100000381469727,26.920000076293945,0.8199996948242188,1,117.68000030517578,,,119.8871,2.604324908146838,10.000000000000009,2.0169632234863677,0.4245263237662389,0.9188957229649297,0.6490427384099329,-1.5761781702840816,0.2591646634615419
2022-05-18,12.912155840241478,1973.373,6.160178323524246,,21.0,-10.999999999999998,30.959999084472656,32.29999923706055,1.3400001525878906,1,123.45999908447266,,,120.0274,2.471562095543156,-8.999999999999986,-4.03952607874526,0.9431792074194201,0.21141637230299715,-0.24953844344861587,-2.500004581709292,-0.1264947101296654
2022-05-19,12.912155840241478,1981.005,6.160178323524246,,21.0,-10.999999999999998,29.350000381469727,30.690000534057617,1.3400001525878906,1,122.66000366210938,,,119.4278,2.3106194948025793,-5.000000000000027,-0.5833781800992588,-1.889025349140916,-1.2810414713108398,0.3558020641171611,2.3907316672444834,1.3932444747874362
2022-05-20,12.912155840241478,1987.987,6.160178323524246,,18.0,-12.0,29.43000030517578,29.190000534057617,-0.23999977111816406,0,122.31999969482422,,,119.3677,1.8989578567087273,-6.000000000000005,0.014614176965843662,1.273307928671863,1.8111030798461991,1.601896958553417,0.9090137071412485,0.032592747782111964
2022-05-23,12.912155840241478,2044.658,6.160178323524246,,21.0,-12.0,28.479999542236328,28.979999542236328,0.5,1,120.55000305175781,,,118.7169,0.5916863951953344,8.000000000000007,1.8555039930923556,0.9816745083026435,0.30651590504520154,0.009217626056279293,-2.596487109638701,0.3257682615340096
2022-05-24,12.912155840241478,1987.865,6.160178323524246,,26.0,-12.0,29.450000762939453,29.479999542236328,0.029998779296875,1,122.95999908447266,,,118.6245,-0.0021917420218509065,-10.000000000000009,-0.8120797617175213,-0.9383875820646037,-1.5679565254118843,-2.412886915505663,-0.47148813867470274,0.9362445232526273
2022-05-25,12.78844507797201,1995.75,6.160178323524246,,27.0,-12.0,28.3700008392334,27.3700008392334,-1.0,0,118.8499984741211,,,118.9598,-0.002185564514500804,-0.9999999999999787,0.9450764734207695,-0.26297096585569113,0.4355494712021457,1.1895429107807498,0.5101623440959102,-1.0133518128498609
2022-05-26,12.78844507797201,2007.702,6.160178323524246,,28.999999999999996,-12.0,27.5,25.670000076293945,-1.8299999237060547,0,122.27999877929688,,,118.7687,-0.587674979995112,0.0,1.9883256167224195,-0.27348932581908736,-0.1822552014979717,0.5036314765469507,3.40795290894087,0.06500234394577475
2022-05-27,12.78844507797201,2006.688,6.160178323524246,,27.0,-12.0,25.719999313354492,23.1299991607666,-2.5900001525878906,0,121.25,,,118.2834,-1.485914173277525,-0.9999999999999787,2.474226295510973,0.66469050288811,0.9799268171536202,0.22829431455382299,0.8589739577440358,0.21110882118231533
2022-05-31,12.78844507797201,1978.538,6.160178323524246,,32.0,-10.999999999999998,26.190000534057617,25.90999984741211,-0.2800006866455078,0,119.0999984741211,,,118.0704,-1.190778060359865,10.999999999999988,-0.6274368617659065,-0.3274781655057124,0.6083168182101195,1.1866992801516485,-0.34761582249043244,-0.4645436952099624
2022-06-01,12.341023851321054,1965.015,5.737564783290439,,28.000000000000004,-9.999999999999998,25.690000534057617,25.1200008392334,-0.5699996948242188,0,119.30000305175781,,,118.6954,-0.9902195900152178,8.999999999999986,-0.7482768681131846,0.6528267753054928,0.6083168182101195,-0.13400638403655574,0.51452339470337,0.032566216538310044
2022-06-02,12.341023851321054,1985.239,5.737564783290439,,27.0,-10.999999999999998,24.719999313354492,23.56999969482422,-1.1499996185302734,0,121.4000015258789,,,118.0658,-1.3687895923538362,-2.0000000000000018,1.8431018038486124,-0.16028094155539074,-1.0018955690006548,0.41795664565797974,1.3968424262639223,1.2586095891780724
2022-06-03,12.341023851321054,2031.228,5.737564783290439,,30.0,-12.0,24.790000915527344,23.049999237060547,-1.7400016784667969,0,122.25,,,118.2153,-1.1240456610616345,4.0000000000000036,-1.6347313992415624,1.2682970897427648,0.43850906367448594,0.41795664565797974,1.7113031171366977,-1.1304567686009959
2022-06-06,12.341023851321054,2040.093,5.737564783290439,,31.0,-12.0,25.06999969482422,25.56999969482422,0.5,1,122.36000061035156,,,118.3081,-1.4155031214897806,8.000000000000007,0.3137400778913113,0.5558774621279738,0.43850906367448594,1.2802587655643016,-0.3112667098787214,-0.33597448575715116
2022-06-07,12.341023851321054,2091.395,5.737564783290439,,23.0,-13.0,24.020000457763672,24.229999542236328,0.20999908447265625,1,120.66000366210938,,,118.4414,-1.1816512414304592,-6.000000000000005,0.9523393173235029,0.10051118958345207,-1.659139762731121,0.16654129110575955,0.7679355798391407,0.45128583343190254
2022-06-08,12.146469832037843,2140.277,5.737564783290439,,25.0,-14.000000000000002,23.959999084472656,23.90999984741211,-0.049999237060546875,0,119.12999725341797,,,118.3951,-1.744521864408477,4.999999999999982,-1.0793945785935621,1.039007913581469,-0.007241466851604095,0.6795700246320147,2.2611145343251815,0.2381609967016196
2022-06-09,12.146469832037843,2142.318,5.737564783290439,,21.0,-15.000000000000002,26.09000015258789,27.540000915527344,1.4500007629394531,1,120.66000366210938,,,118.9226,-1.5331088924621206,1.000000000000023,-2.379869397635359,0.04335237323633834,-0.027034288365124226,-0.7610810619962605,-0.4913589969061327,-0.16739432718125835
2022-06-10,12.146469832037843,2162.885,5.737564783290439,,9.0,-15.000000000000002,27.75,28.780000686645508,1.0300006866455078,1,121.63999938964844,,,119.9981,-0.3275951575056668,10.999999999999988,-2.9110303335524668,-1.4948393480034183,-1.1262807330839841,1.4165123773068888,-0.6913043803121521,1.2278207795517693
2022-06-13,12.146469832037843,2212.62,5.737564783290439,,3.0,-17.000000000000004,34.02000045776367,38.86000061035156,4.840000152587891,1,124.13999938964844,,,121.1523,-0.10496406650417622,28.000000000000025,-3.8768430665237275,-3.007622611651406,-3.5194406228944652,-0.8913712003510432,0.2154654348021534,-2.3243387656959658
2022-06-14,12.146469832037843,2223.857,5.737564783290439,,4.0,-21.000000000000007,32.689998626708984,36.95000076293945,4.260002136230469,1,125.16000366210938,,,121.6669,0.6807939479097858,6.000000000000005,-0.37736797459957394,-1.3249870509059902,-0.46077033102295273,1.0247074313374016,-1.6538493301520352,-1.0120350109409149
2022-06-15,10.765567119202668,2162.924,5.737564783290439,,13.0,-20.000000000000007,29.6200008392334,32.529998779296875,2.9099979400634766,1,118.36000061035156,,,121.6403,0.7889758808034886,-16.000000000000014,1.4592504858983224,-1.140446197906364,-1.8287459707252984,0.5016859823143482,-3.043809583194368,0.32053323172838155
2022-06-16,10.765567119202668,2178.382,5.737564783290439,,14.000000000000002,-19.999999999999996,32.95000076293945,36.58000183105469,3.6300010681152344,1,122.4800033569336,,,120.6714,0.6541988253949027,-5.000000000000027,-3.2511951488163437,0.39899120067863336,0.1646670925579352,-0.605977165600402,1.9772776234240341,1.6746489024431321
2022-06-17,10.765567119202668,2229.279,5.737564783290439,,8.0,-19.999999999999996,31.1299991607666,30.399999618530273,-0.7299995422363281,0,121.1500015258789,,,121.2369,1.007686578231315,-2.9999999999999805,0.2200865698254617,-1.7713884825092063,-0.4275082848030243,0.9560585798410237,-6.828811148376057,-0.5472165494464498
2022-06-21,10.765567119202668,2188.627,5.737564783290439,,10.0,-19.999999999999996,30.190000534057617,30.3799991607666,0.18999862670898438,1,121.37999725341797,,,120.6427,1.0172673364158058,6.000000000000005,2.4477242280086964,1.843489872764903,0.7486272495295099,-0.2627098481067902,0.9948922887682787,-0.054478100528454476
2022-06-22,10.274088505908141,2259.458,5.737564783290439,,10.0,-19.999999999999996,28.950000762939453,28.299999237060547,-0.6500015258789062,0,119.22000122070312,,,120.5197,0.965085194738613,-14.999999999999991,-0.13015723144006452,-0.3686604463975618,-2.744781912433769,-1.1951426150804911,-4.0307266362120675,-0.016348346331829244
2022-06-23,10.274088505908141,2285.442,5.737564783290439,,8.0,-20.999999999999996,29.049999237060547,28.290000915527344,-0.7599983215332031,0,121.11000061035156,,,120.7622,1.7228381131919823,-7.000000000000028,0.9532217409177868,0.08298122951144737,-1.2160606076395242,1.6206523005389606,-1.8080852756353072,-0.46884901201110774
2022-06-24,10.274088505908141,2180.984,5.737564783290439,,9.0,-18.999999999999993,27.229999542236328,26.040000915527344,-1.1899986267089844,0,120.43000030517578,,,120.4853,1.5686472861845546,4.0000000000000036,3.056329358583576,1.2254695634522639,2.2589800784960756,0.8915289528149017,3.2128188466172602,0.04382148488373261
2022-06-27,10.274088505908141,2155.942,5.737564783290439,,12.0,-14.999999999999991,26.950000762939453,25.809999465942383,-1.1400012969970703,0,119.9800033569336,,,120.1736,1.0203446878693345,7.000000000000028,-0.2973071533776239,1.4317501418656509,1.4924289174892191,0.878869808381233,1.8119279859469373,-0.30659598061524296
2022-06-28,10.274088505908141,2213.784,5.737564783290439,,10.0,-12.99999999999999,28.360000610351562,27.18000030517578,-1.1800003051757812,0,120.45999908447266,,,120.62,1.5587440125218288,0.0,-2.0143036075892073,0.6631661807707356,0.8397518098721468,0.8883791693211851,1.9987245117330188,-0.18672219059124862
2022-06-29,10.336132352562544,2226.976,5.737564783290439,,4.0,-13.99999999999999,28.15999984741211,26.559999465942383,-1.6000003814697266,0,119.26000213623047,,,120.9616,2.2642230439774425,-10.000000000000009,-0.07117454091590814,-0.9052712950930686,-1.8207455567706088,-1.3988560972388986,-1.771656513141484,-0.20908109095598704
2022-06-30,10.336132352562544,2329.743,5.737564783290439,,6.0,-14.999999999999991,28.709999084472656,26.860000610351562,-1.8499984741210938,0,119.94000244140625,,,120.9652,2.451757595468451,-12.00000000000001,-0.8759278267998716,-1.535410164198292,-1.907076894456583,1.1036702872715187,-3.6618661757760296,-0.529303404332937
2022-07-01,10.336132352562544,2167.085,4.94495639654664,,4.0,-12.99999999999999,26.700000762939453,23.559999465942383,-3.1400012969970703,0,118.58999633789062,,,121.5058,2.3677412941023768,-10.000000000000009,1.0553814029047315,-1.7331081911098112,-1.1669169677553826,-0.32307890351869206,2.5245821813676406,-0.28822965701699177
2022-07-05,10.336132352562544,2138.28,4.94495639654664,,0.0,-10.999999999999988,27.540000915527344,27.34000015258789,-0.20000076293945312,0,118.19000244140625,,,122.6203,3.8575946633148783,-6.000000000000005,0.15841285142366157,1.0310549423254933,1.8014702097484125,-0.041107947362040154,-8.23572837779427,-2.0623700640629905
2022-07-06,9.806128178698014,2168.026,4.94495639654664,,-4.0,-10.999999999999988,26.729999542236328,25.950000762939453,-0.779998779296875,0,117.44999694824219,,,123.0073,4.053620808812397,11.000000000000032,0.35731642904301975,-1.195226456237819,-2.125307198310744,-1.4300676322376638,-0.9748755986966118,-1.5268488857152263
2022-07-07,9.806128178698014,2172.457,4.94495639654664,,-2.0,-10.999999999999988,26.079999923706055,24.790000915527344,-1.289999008178711,0,118.76000213623047,,,122.7257,3.733979330240289,7.999999999999963,1.4964587965241805,1.4665391198416255,1.8437969112511166,0.26971268046875885,4.262665817183819,0.17292062699769684
2022-07-08,9.806128178698014,2144.921,4.94495639654664,,-3.0,-11.99999999999999,24.639999389648438,21.90999984741211,-2.729999542236328,0,118.12999725341797,,,122.4662,3.3981361246996356,8.000000000000007,-0.0830271529819071,0.10064033055445787,0.7000084717665223,-0.24728999109036032,2.005254055561867,0.155357105353926
2022-07-11,9.806128178698014,2164.266,4.94495639654664,,-8.0,-11.99999999999999,26.170000076293945,24.459999084472656,-1.710000991821289,0,119.80000305175781,,,123.2974,4.140627441507294,-9.999999999999964,-1.1527461422777274,1.1129057574019052,-0.43988953582633217,-1.2663583410007395,-0.6680070345652545,-0.6089840132491808
2022-07-12,9.806128178698014,2146.132,4.94495639654664,,-7.000000000000001,-10.999999999999988,27.290000915527344,27.1299991607666,-0.1600017547607422,0,121.33000183105469,,,123.4524,3.809032093142939,-3.000000000000025,-0.9243878717321574,-1.7739642296293323,-0.9618552379752177,-0.9690457651485129,-7.925833692240081,-0.38728041455924345
2022-07-13,8.464344556967852,2155.29,4.94495639654664,,-22.0,-11.99999999999999,26.81999969482422,25.940000534057617,-0.8799991607666016,0,120.41000366210938,,,123.2834,2.7377933483946792,-4.999999999999982,-0.44569025122100925,0.5395876855945003,0.468128607385343,0.08593917922614658,0.47997363464560294,0.6325017138577804
2022-07-14,8.464344556967852,2207.121,4.94495639654664,,-19.0,-11.99999999999999,26.399999618530273,25.219999313354492,-1.1800003051757812,0,121.91999816894531,,,124.0622,2.401852874439858,4.999999999999982,-0.299863390215227,0.6217097571536101,-0.270119890077436,-0.07764383771821093,-0.5399836510715961,-1.7126024684642305
2022-07-15,8.464344556967852,2153.75,4.94495639654664,,-20.0,-10.999999999999988,24.229999542236328,22.139999389648438,-2.0900001525878906,0,122.4800033569336,,,123.4765,1.4873396133212813,-2.9999999999999805,1.9201249359436678,0.5445255829746642,0.37289916352887253,-1.6357155594398987,1.8897448127604077,-0.12320185309108167
2022-07-18,8.464344556967852,2190.375,4.94495639654664,,-19.0,-10.999999999999988,25.299999237060547,25.600000381469727,0.3000011444091797,1,120.55000305175781,,,122.7727,0.9309414725218623,2.9999999999999805,-0.8363571580831342,0.5445255829746642,1.8992020481594762,1.5501582422323024,5.133725099121933,0.39943178220718245
2022-07-19,8.464344556967852,2211.821,4.94495639654664,,-22.0,-10.999999999999988,24.5,26.200000762939453,1.7000007629394531,1,120.04000091552734,,,122.4819,1.5003555109164068,4.999999999999982,2.762829164595959,0.6465803378421064,-0.18019279220607975,0.04056721713061595,1.5789500688839109,0.04680838117134822
2022-07-20,7.993211601680961,2240.204,4.94495639654664,,-21.0,-11.99999999999999,23.8799991607666,25.18000030517578,1.3000011444091797,1,117.23999786376953,,,122.5997,1.1240802099030889,3.000000000000025,0.5895806193263242,2.66519032365089,0.6697734323651394,0.7711718069807416,-1.8806362133138244,-0.6140350877193002
2022-07-21,7.993211601680961,2271.756,4.94495639654664,,-19.0,-11.99999999999999,23.110000610351562,23.440000534057617,0.3299999237060547,1,118.70999908447266,,,122.9032,1.8737146963720086,-12.99999999999999,0.986137270919718,0.4434215408896769,0.9346969244123038,-0.9900981321622648,-5.779389339573926,0.7766961560385477
2022-07-22,7.993211601680961,2228.959,4.94495639654664,,-21.0,-12.99999999999999,23.030000686645508,22.09000015258789,-0.9400005340576172,0,119.1500015258789,,,122.451,1.602476607558767,-14.000000000000012,-0.9332466976346709,0.40161189889580395,-0.664962896432364,-0.062042460173439284,-1.7125080975710527,0.8407791688327837
2022-07-25,7.993211601680961,2192.367,4.94495639654664,,-19.0,-11.99999999999999,23.360000610351562,23.09000015258789,-0.2700004577636719,0,119.45999908447266,,,122.4594,1.405406658706121,4.0000000000000036,0.13151670479691902,-0.7716739342132795,0.4408454708746401,-0.5987846463553215,2.111932486220769,-0.4689928608903826
2022-07-26,7.993211601680961,2189.474,4.94495639654664,,-21.0,-11.99999999999999,24.690000534057617,24.950000762939453,0.26000022888183594,1,121.29000091552734,,,122.7581,1.886371200470105,0.0,-1.154320266205866,-0.1589900899843899,0.3856578742359229,0.8322093570956035,-1.7786904297724115,-0.07562820407940318
2022-07-27,8.131523390029983,2188.994,4.94495639654664,,-18.0,-11.99999999999999,23.239999771118164,22.139999389648438,-1.1000003814697266,0,121.91999816894531,,,122.8169,2.1995679583535876,-3.000000000000025,2.6156273782937722,0.21890652953910905,0.10651102384544586,-0.051257434786255995,2.400503999487835,0.08150576083485461
2022-07-28,8.131523390029983,2239.883,4.94495639654664,,-17.0,-12.00000000000001,22.329999923706055,20.809999465942383,-1.5200004577636719,0,122.66999816894531,,,122.1161,1.2403415685624308,-9.999999999999964,1.2133338697180918,0.35983319502448374,0.8172115434276428,0.20819804683624987,-0.8636684647699067,1.814907433266244
2022-07-29,8.131523390029983,2300.2,4.94495639654664,,-22.0,-12.99999999999999,21.329999923706055,18.56999969482422,-2.760000228881836,0,122.29000091552734,,,121.7678,0.666492506712868,-1.000000000000023,1.4207760082581844,-0.049755903967030335,0.6664550681683368,-0.8938117941477253,2.2816890887945362,0.7198751776515966
2022-08-01,8.131523390029983,2161.885,3.8319451907576685,,-30.0,-12.00000000000001,22.84000015258789,21.940000534057617,-0.8999996185302734,0,122.94000244140625,,,121.4109,0.368453075760633,-6.999999999999984,-0.28230841271976725,0.6895599686394416,0.030593514175003556,0.2065624031211133,-4.796190656258648,0.346019371572992
2022-08-02,8.131523390029983,2156.013,3.8319451907576685,,-31.0,-10.000000000000009,23.93000030517578,23.25,-0.6800003051757812,0,121.77999877929688,,,121.9486,0.3644270479269407,14.999999999999991,-0.6662395550704803,-1.4239780025878113,-0.5150324319502464,-2.260455413233309,0.5644890645886136,0.11870975612988666
2022-08-03,7.766136377904598,2182.238,3.8319451907576685,,-37.0,-10.999999999999988,21.950000762939453,20.559999465942383,-1.3900012969970703,0,121.16000366210938,,,122.3888,-0.1887941882379951,-2.0000000000000018,1.5638477163140152,0.5333261799446154,0.8948046390739428,-0.7092963721754719,-3.9822014189284327,-0.7396519545207259
2022-08-04,7.766136377904598,2191.546,3.8319451907576685,,-35.0,-10.999999999999988,21.440000534057617,19.690000534057617,-1.75,0,122.80999755859375,,,121.8333,-0.9544149005790814,-4.999999999999982,-0.07773401640558397,0.6859617598126366,0.4737108810377588,0.801920485196006,-2.338410170909877,1.7349260523321863
2022-08-05,7.766136377904598,2194.927,3.8319451907576685,,-41.0,-12.00000000000001,21.149999618530273,19.31999969482422,-1.8299999237060547,0,122.80999755859375,,,122.321,-0.3297597813660902,14.999999999999991,-0.16257460597355333,0.8723621078551957,0.7152912987238969,1.1912672706844818,0.5308348947856256,-0.8722379416235659
2022-08-08,7.766136377904598,2195.692,3.8319451907576685,,-44.0,-12.00000000000001,21.290000915527344,19.93000030517578,-1.3600006103515625,0,123.69000244140625,,,121.8783,-0.48005082218604,-6.000000000000005,-0.12375507238541195,0.2604040123263207,0.09234176903147873,0.30678060798545737,1.9660711807664155,0.7840275380816442
2022-08-09,7.766136377904598,2186.568,3.8319451907576685,,-48.0,-10.999999999999988,21.770000457763672,20.809999465942383,-0.9600009918212891,0,123.91000366210938,,,121.8614,-1.1646636506528085,2.9999999999999805,-0.4248692893594086,-0.8824283230515539,0.415541409307596,0.3243814423464553,-0.2864721574600715,0.40295225963291603
2022-08-10,7.5326029206898015,2177.646,3.8319451907576685,,-45.0,-12.00000000000001,19.739999771118164,17.59000015258789,-2.1499996185302734,0,125.04000091552734,,,120.7543,-2.1855387177567964,-2.0000000000000018,2.1290637641290244,-0.6451111120411746,-0.9019548336033356,-0.5361135567466868,1.5801108344483783,0.0891848152696495
2022-08-11,7.5326029206898015,2199.247,3.8319451907576685,,-36.0,-12.00000000000001,20.200000762939453,18.030000686645508,-2.1700000762939453,0,126.83999633789062,,,120.7163,-2.082275472610262,9.00000000000003,-0.07054739583503,-0.6451111120411746,1.7292310998846316,1.5990582730581737,2.6215555582665973,-0.32858233984645047
2022-08-12,7.5326029206898015,2213.193,3.8319451907576685,,-41.0,-12.00000000000001,19.530000686645508,16.780000686645508,-2.75,0,129.33999633789062,,,121.018,-2.4537691577289467,-3.000000000000025,1.7322368774566943,2.6156287321856375,0.1648286324911652,-0.14565844252074633,-2.384990552619215,0.4972914263217554
2022-08-15,7.5326029206898015,2175.857,3.8319451907576685,,-41.0,-10.999999999999988,19.950000762939453,18.540000915527344,-1.4099998474121094,0,127.62000274658203,,,121.4315,-1.6561855899705602,-4.999999999999982,0.39695418998517695,1.1377694691056872,0.1648286324911652,-0.02440743246550081,-2.910188709257844,-0.9562966421297614
2022-08-16,7.5326029206898015,2165.332,3.8319451907576685,,-43.0,-10.999999999999988,19.690000534057617,18.600000381469727,-1.0900001525878906,0,126.08999633789062,,,121.6807,-0.889448550044103,2.9999999999999805,0.18756797165810912,-0.009937526175640699,0.2207361825967924,0.054632042277802384,-3.2211215354563283,-0.46031621925483046
2022-08-17,6.079209378181716,2199.631,3.8319451907576685,,-39.0,-10.999999999999988,19.899999618530273,18.639999389648438,-1.260000228881836,0,122.05999755859375,,,122.0711,-0.3353964953188959,7.000000000000028,-0.7237794954094601,1.2257455272290274,-0.6729786501264545,0.4469396990778307,1.82595845758029,-0.7274928208307663
2022-08-18,6.079209378181716,2218.161,3.8319451907576685,,-34.0,-12.00000000000001,19.559999465942383,17.670000076293945,-1.8899993896484375,0,124.22000122070312,,,122.3627,-0.19331205541285312,-1.000000000000023,0.2269561170191503,-0.9603090697817063,-0.3345925829843055,-0.4552726961028264,2.7125177313500615,-0.2840424848779999
2022-08-19,6.079209378181716,2221.68,3.8319451907576685,,-27.0,-12.00000000000001,20.600000381469727,18.239999771118164,-2.3600006103515625,0,123.68000030517578,,,123.0501,0.1195249594803105,10.000000000000009,-1.2900001139847905,-0.040807440707402165,-0.6124322530585813,-0.5937367875165966,0.29833883211758394,-0.4386756126012914
2022-08-22,6.079209378181716,2235.665,3.8319451907576685,,-28.999999999999996,-12.00000000000001,23.799999237060547,22.850000381469727,-0.9499988555908203,0,123.93000030517578,,,123.605,0.9424177834399083,4.999999999999982,-2.14000649197158,-0.4695075298422058,-1.2111390552335788,0.60495630754549,-0.5949028380558663,-0.7782087305979513
2022-08-23,6.079209378181716,2250.718,3.8319451907576685,,-24.0,-12.99999999999999,24.110000610351562,23.350000381469727,-0.7600002288818359,0,123.83000183105469,,,123.0547,0.48612029782930666,2.0000000000000018,-0.22378626777133093,-1.1868586014690319,-1.1029405932741154,-0.047900211443197005,3.890052506094932,0.7381804399149372
2022-08-24,6.224756961783173,2237.072,3.8319451907576685,,-25.0,-12.99999999999999,22.81999969482422,21.200000762939453,-1.6199989318847656,0,122.77999877929688,,,123.109,0.285846718057714,6.000000000000005,0.29161604463010526,-0.48951084473380924,0.4972555308174309,-1.862512898306834,1.2267991808045275,0.05724753675562244
2022-08-25,6.224756961783173,2187.907,3.8319451907576685,,-32.0,-12.00000000000001,21.780000686645508,20.34000015258789,-1.4400005340576172,0,123.0999984741211,,,123.0586,0.1967970206054659,-8.000000000000007,1.4091605518061545,0.5846653850237082,1.2180048290457046,0.9657268381335848,-2.497631743941786,0.5664207613672811
2022-08-26,6.224756961783173,2182.452,3.8319451907576685,,-33.0,-12.00000000000001,25.559999465942383,23.899999618530273,-1.6599998474121094,0,124.56999969482422,,,123.0656,0.7775387520564392,1.000000000000023,-3.3688058719518743,0.5701430460057111,0.15218505592420328,-0.3089727931266828,0.5836585982710529,-1.2288772933933712
2022-08-29,6.224756961783173,2205.188,3.8319451907576685,,-30.0,-12.00000000000001,26.209999084472656,24.760000228881836,-1.4499988555908203,0,121.97000122070312,,,123.4686,1.3967567780644785,8.000000000000007,-0.6666355799502699,-2.6619523884632845,-2.1821637013435646,0.13936042068998233,4.2445784238815065,0.028800184726174294
2022-08-30,6.224756961783173,2188.975,3.8319451907576685,,-35.0,-10.999999999999988,26.209999084472656,24.40999984741211,-1.7999992370605469,0,121.01000213623047,,,123.6848,1.8728960908781733,-1.000000000000023,-1.1028155571448206,1.1356920415176441,0.9905698291471365,-0.41688168551675675,-5.5355145122468645,-0.7716241277465952
2022-08-31,5.712182511968544,2251.025,3.8319451907576685,,-30.0,-10.999999999999988,25.8700008392334,23.690000534057617,-2.1800003051757812,0,119.70999908447266,,,123.535,1.3008759428152494,4.0000000000000036,-0.7817025105971265,-0.36903224179709593,0.8617185222166812,-0.7771418853588674,-2.2806594847344708,-0.6035226693615781
2022-09-01,5.712182511968544,2173.156,2.6533870237556156,,-25.0,-10.999999999999988,25.559999465942383,23.760000228881836,-1.7999992370605469,0,120.73999786376953,,,124.4006,1.6437778620265853,10.999999999999988,0.29962320243361873,-1.5309191222915741,-2.2831229259701047,-0.5358888957084029,-3.2830846914734257,-0.9458239596192963
2022-09-02,5.712182511968544,2173.413,2.6533870237556156,,-20.0,-10.999999999999988,25.469999313354492,22.969999313354492,-2.5,0,119.80999755859375,,,123.7743,1.5931604906047836,-5.999999999999961,-1.0736500458081055,-0.03843201068046698,-0.25667202225434504,0.04709605740691458,0.3001987465629741,0.7780309697121623
2022-09-06,5.712182511968544,2188.796,2.6533870237556156,,-17.0,-10.999999999999988,26.90999984741211,26.989999771118164,0.07999992370605469,1,119.83999633789062,,,124.767,1.999656641132752,12.99999999999999,-0.4095056983834944,0.024983664798838845,0.26376589524952365,1.3605949260081074,0.011505130102373862,-0.5497733153362105
2022-09-07,5.5650296255471465,2206.987,2.6533870237556156,,-18.0,-12.00000000000001,24.639999389648438,24.049999237060547,-0.5900001525878906,0,119.05000305175781,,,124.8408,2.4307034147998507,-6.000000000000005,1.8341016392734,-0.7102199519214647,-1.392521984123496,0.08756379575391993,-5.685997891554228,0.8762658315767169
2022-09-08,5.5650296255471465,2210.466,2.6533870237556156,,-19.0,-12.00000000000001,23.610000610351562,22.84000015258789,-0.7700004577636719,0,119.08000183105469,,,124.578,2.2292538900751113,2.0000000000000018,0.6610721877456038,2.3148798866217346,0.32906375398347176,-0.3296055202438142,1.9526463588589893,-0.4255843654357938
2022-09-09,5.5650296255471465,2209.714,2.6533870237556156,,-23.0,-12.00000000000001,22.790000915527344,21.709999084472656,-1.0800018310546875,0,119.66000366210938,,,123.7874,2.511794611040763,4.0000000000000036,1.5271449816332883,0.5325822755722243,0.32906375398347176,0.8177785262888371,3.8903518845855523,0.48009081802546927
2022-09-12,5.5650296255471465,2218.546,2.6533870237556156,,-21.0,-12.00000000000001,23.8700008392334,25.260000228881836,1.3899993896484375,1,121.05999755859375,,,123.3332,2.1678099809222084,4.0000000000000036,1.05842727693497,1.1602419833597777,0.32906375398347176,0.8177785262888371,1.1406819372350219,0.6933938208037338
2022-09-13,5.5650296255471465,2202.719,2.6533870237556156,,-33.0,-12.00000000000001,27.270000457763672,29.139999389648438,1.8699989318847656,1,125.45999908447266,,,124.4242,2.8146226181229306,4.999999999999982,-4.32366134006168,0.2540859311488841,2.737095012487689,0.05364724556047307,-0.5354308808830588,-1.3367268047154046
2022-09-14,4.544910087503862,2225.579,2.6533870237556156,,-37.0,-12.99999999999999,26.15999984741211,27.280000686645508,1.1200008392333984,1,120.19000244140625,,,124.4509,2.486504737238704,-0.9999999999999787,0.33870120853238816,-2.7818346588567078,-1.556215313063003,-0.80458390136533,1.3400593643982717,-0.49853372434017773
2022-09-15,4.544910087503862,2176.188,2.6533870237556156,,-42.0,-12.00000000000001,26.270000457763672,27.110000610351562,0.8400001525878906,1,119.97000122070312,,,124.8843,2.632792217664748,4.0000000000000036,-1.1317739184353415,0.20594485777813976,-0.39768452035278123,-1.1619969709592781,-3.8200777063461033,-1.833184532032861
2022-09-16,4.544910087503862,2186.833,2.6533870237556156,,-40.0,-12.99999999999999,26.299999237060547,27.059999465942383,0.7600002288818359,1,117.70999908447266,,,124.8794,2.30054451872721,0.0,-0.7182134089448455,-1.1058285232558918,-0.7931472339207435,-2.297558105396924,0.011753391785918055,0.37828309507974556
2022-09-19,4.544910087503862,2217.542,2.6533870237556156,,-46.0,-12.99999999999999,25.760000228881836,27.780000686645508,2.020000457763672,1,116.26000213623047,,,125.0104,2.163812992031078,4.0000000000000036,0.6857100716286535,-1.1058285232558918,-1.1381712476204897,-0.3454390041211175,0.7284722619384176,-0.3290064102798196
2022-09-20,4.544910087503862,2238.87,2.6533870237556156,,-39.0,-14.000000000000012,27.15999984741211,30.389999389648438,3.229999542236328,1,116.69000244140625,,,125.1248,1.6860612059640623,7.999999999999963,-1.1272103097361819,0.43808423836899646,0.5174849512109558,0.21857151879818293,-1.4930670227109921,-0.39010924201674513
2022-09-21,3.8514108184103613,2315.9,2.6533870237556156,,-51.0,-14.999999999999991,27.989999771118164,30.34000015258789,2.3500003814697266,1,116.20999908447266,,,125.7399,1.727195501800094,-6.000000000000005,-1.7116493600784488,-1.355400790507033,-0.8716825756486912,-0.16749820222088374,-1.7880338204883328,0.2952355581262056
2022-09-22,3.8514108184103613,2359.227,2.6533870237556156,,-41.0,-15.99999999999997,27.350000381469727,27.670000076293945,0.31999969482421875,1,115.86000061035156,,,126.1667,2.52895663473236,19.00000000000004,-0.8427580979689431,-0.5832388167807623,-0.6347920548956276,-0.265304528856547,0.6631244347404364,0.372466258147397
2022-09-23,3.8514108184103613,2319.361,2.6533870237556156,,-51.0,-15.99999999999997,29.920000076293945,30.25,0.3299999237060547,1,118.98999786376953,,,127.2853,3.3923596162750203,-1.000000000000023,-1.7232619015461026,-0.5832388167807623,-1.8140837852090974,-0.6606751402435718,-5.68930425384675,-1.526214942229942
2022-09-26,3.8514108184103613,2299.011,2.6533870237556156,,-39.0,-15.99999999999997,32.2599983215332,34.13999938964844,1.8800010681152344,1,120.01000213623047,,,128.4539,4.384333967719445,18.999999999999993,-1.0340526208282075,-2.6599536595644513,-3.0157230826965087,-1.20258049746228,-2.5781036758586673,-1.3371421228407288
2022-09-27,3.8514108184103613,2327.111,2.6533870237556156,,-33.0,-16.999999999999993,32.599998474121094,33.4900016784668,0.8900032043457031,1,120.38999938964844,,,128.4386,4.365964168703518,9.00000000000003,-0.21203598092424114,0.5308744860878178,0.13148334005719242,1.397145650311682,2.3334649157747966,0.2094438638256868
2022-09-28,4.114426867200582,2366.798,2.6533870237556156,,-35.0,-16.999999999999993,30.18000030517578,31.15999984741211,0.9799995422363281,1,120.37999725341797,,,128.0884,3.7416800708844233,-25.0,1.9672139926234733,-1.4974056577249928,-2.453844474175948,-1.5769956419638187,4.6496834724572,2.071683423726056
2022-09-29,4.114426867200582,2371.763,2.6533870237556156,,-40.0,-18.999999999999993,31.84000015258789,32.66999816894531,0.8299980163574219,1,121.54000091552734,,,127.5437,3.119946832593823,3.999999999999959,-2.1126437880238824,0.9477744999320192,0.07559581930471904,-0.12709452001493649,-1.119900367446125,-0.11443172645898558
2022-09-30,4.114426867200582,2425.91,2.6533870237556156,,-39.0,-16.999999999999993,31.6200008392334,31.190000534057617,-0.43000030517578125,0,121.54000091552734,,,127.5148,3.2215971182256053,7.000000000000028,-1.5066695771983274,-1.8349818784469951,-0.7112132538787952,-0.5527442740906441,-2.1420724132169333,0.23515371806226426
2022-10-03,4.114426867200582,2252.523,1.4213284317663,,-45.0,-14.999999999999991,30.100000381469727,30.649999618530273,0.5499992370605469,1,121.37999725341797,,,127.0813,2.154893143602199,-16.000000000000014,2.5883894952576147,1.0740481143916458,-0.7112132538787952,-0.5527442740906441,5.208201661728062,1.8346967969246952
2022-10-04,4.114426867200582,2233.616,1.4213284317663,,-48.0,-10.999999999999988,29.06999969482422,29.81999969482422,0.75,1,122.45999908447266,,,126.1819,1.9451533961412082,-4.999999999999982,3.0583700679551518,2.961657469660617,2.500122608886035,-0.5527442740906441,3.4556970997991154,1.6657777048373124
2022-10-05,3.485584648073159,2230.799,1.4213284317663,,-39.0,-10.999999999999988,28.549999237060547,28.809999465942383,0.26000022888183594,1,121.77999877929688,,,126.8616,1.6788093005362104,13.999999999999968,-0.2017948757084831,0.475390325276126,0.26433154099287925,-0.5527442740906441,1.4332010416963303,-0.563590221920296
2022-10-06,3.485584648073159,2232.801,1.4213284317663,,-40.0,-10.000000000000009,30.520000457763672,31.299999237060547,0.779998779296875,1,122.44000244140625,,,127.2493,1.9292571018449056,7.000000000000028,-1.0245080846639998,0.7034209483403497,1.0220265715446653,-0.5527442740906441,0.7862292561714224,0.017525228090087275
2022-10-07,3.485584648073159,2226.95,1.4213284317663,,-41.0,-10.000000000000009,31.360000610351562,30.549999237060547,-0.8100013732910156,0,121.80999755859375,,,127.3111,2.193886561030034,6.000000000000005,-2.8003617786773516,-0.7146909911519339,-0.22432231195332886,-0.5527442740906441,4.737142550562323,-0.6543174324569634
2022-10-10,3.485584648073159,2226.95,1.4213284317663,,-41.0,-10.000000000000009,32.45000076293945,32.220001220703125,-0.22999954223632812,0,120.06999969482422,,,127.3111,2.193886561030034,6.000000000000005,-0.749246363390188,-0.7146909911519339,-0.22432231195332886,-1.6611611603935206,-1.6299677743728425,-1.9523640794986807
2022-10-11,3.485584648073159,2222.479,1.4213284317663,,-37.0,-10.000000000000009,33.630001068115234,34.65999984741211,1.029998779296875,1,120.12000274658203,,,127.6641,3.1317403871476523,4.0000000000000036,-0.6519175777754405,-2.6362903509272284,-1.8259265297303817,0.18963861620779898,-1.9532523131181256,0.6837343015591246
2022-10-12,3.278256118247236,2247.206,1.4213284317663,,-37.0,-10.999999999999988,33.56999969482422,34.61000061035156,1.0400009155273438,1,119.98999786376953,,,128.1481,3.90397719348885,-2.0000000000000018,-0.3290773148014958,-0.016741335637515675,0.47443293414126675,1.5343353089907419,-2.32792598385676,-0.5003814015653085
2022-10-13,3.278256118247236,2244.1,1.4213284317663,,-50.0,-10.999999999999988,31.940000534057617,31.510000228881836,-0.43000030517578125,0,117.81999969482422,,,127.7286,2.6557534627508206,6.000000000000005,2.596564246086497,-0.6038988612579788,-1.797974730297136,-0.3024251221849017,2.1084038479006306,-0.017963768146656012
2022-10-14,3.278256118247236,2222.052,1.4213284317663,,-48.0,-10.999999999999988,32.02000045776367,29.670000076293945,-2.3500003814697266,0,119.30000305175781,,,128.3325,3.11898106000037,2.9999999999999805,-2.366266361565439,3.2523771250790645,2.296944751598251,1.8442719314454736,-3.9277297452890103,-1.6946137022829322
2022-10-17,3.278256118247236,2172.301,1.4213284317663,,-43.0,-10.000000000000009,31.3700008392334,30.600000381469727,-0.7700004577636719,0,116.97000122070312,,,127.6448,2.2104459888072414,1.9999999999999574,2.6480052302171098,-1.1626499435599458,0.32360452651307714,0.4215492632802187,-0.17521495714224455,0.931963774330602
2022-10-18,3.278256118247236,2226.725,1.4213284317663,,-42.0,-10.999999999999988,30.5,28.989999771118164,-1.510000228881836,0,116.87999725341797,,,127.9153,2.4310654919866614,-0.9999999999999787,1.1427569666488724,1.4205055231507169,1.3623397095358758,-0.1290132237367292,-3.089163840311937,-0.48280024140011646
2022-10-19,2.089669481746692,2241.835,1.4213284317663,,-41.0,-10.999999999999988,30.760000228881836,28.670000076293945,-2.0900001525878906,0,117.26000213623047,,,128.3968,2.7088946199676167,12.99999999999999,-0.6672097293450308,0.37280788817906085,-0.5560128019340693,-1.1872948233273783,3.2963093057149617,-1.3038204972710687
2022-10-20,2.089669481746692,2234.071,1.4213284317663,,-38.0,-12.00000000000001,29.979999542236328,27.8700008392334,-2.1099987030029297,0,117.41000366210938,,,128.0052,2.302021661573095,10.000000000000053,-0.7950909706564868,-0.9187233475107304,-0.8648211358675995,-0.30646089987153013,0.5026303797039278,0.20276797715053085
2022-10-21,2.089669481746692,2265.809,1.4213284317663,,-28.000000000000004,-12.99999999999999,29.690000534057617,28.459999084472656,-1.230001449584961,0,116.19000244140625,,,127.6735,1.537777586907585,-3.000000000000025,2.372481982226482,-0.4309291209934063,-0.22406532224538145,0.12783587585312173,-1.0816472073338024,1.23865284320972
2022-10-24,2.089669481746692,2242.044,1.4213284317663,,-25.0,-14.000000000000012,29.850000381469727,31.65999984741211,1.8099994659423828,1,114.97000122070312,,,128.0304,1.47717266124896,4.0000000000000036,1.1881976654619875,0.3135682170299914,1.0410548773626793,-2.0194566649236023,-0.552617523619725,-0.1393124668761403
2022-10-25,2.089669481746692,2195.616,1.4213284317663,,-32.0,-12.99999999999999,28.459999084472656,30.670000076293945,2.210000991821289,1,114.63999938964844,,,127.3771,0.0721214468599296,-15.000000000000036,1.6266654579669915,1.0208708920597331,-0.048737290392253385,-0.042989201617638084,0.8749087819218238,0.24868670938793525
2022-10-26,1.9507418087578943,2186.856,1.4213284317663,,-35.0,-12.00000000000001,27.280000686645508,29.31999969482422,2.039999008178711,1,113.86000061035156,,,126.4723,-1.5426546021568788,-5.999999999999961,-0.7387716072364547,0.6662704073489012,0.6483013861400488,0.7801675405056052,3.035635228022948,0.6776349734389342
2022-10-27,1.9507418087578943,2152.485,1.4213284317663,,-34.0,-10.999999999999988,27.389999389648438,29.770000457763672,2.3800010681152344,1,113.2300033569336,,,126.7028,-1.351462877982168,-8.000000000000007,-0.6082610618211248,-0.3156901245715438,1.7434507050966275,-0.5534288266794474,1.3309044707156659,-0.19832024207482313
2022-10-28,1.9507418087578943,2183.29,1.4213284317663,,-39.0,-10.000000000000009,25.75,27.809999465942383,2.059999465942383,1,112.05999755859375,,,127.2135,-0.6830438978080888,5.999999999999961,2.46263778959277,-0.8778164447180492,-0.8904362451723213,-2.2451296689675937,-1.3246523135616028,-1.2705471311086791
2022-10-31,1.9507418087578943,2275.459,1.4213284317663,,-41.0,-10.000000000000009,25.8799991607666,29.799999237060547,3.9200000762939453,1,111.95999908447266,,,127.6219,0.061312318836592716,8.000000000000007,-0.745440410765752,1.7792221885474913,1.1113651103616062,-0.7699070861844626,-1.5585924036402687,-0.22566182160088655
2022-11-01,1.9507418087578943,2200.51,0.3247407462945384,,-47.0,-10.000000000000009,25.809999465942383,30.510000228881836,4.700000762939453,1,111.44000244140625,,,127.3987,-0.09104825479080425,-2.999999999999936,-0.4101230608784645,0.3315237476265054,1.8141646283561963,2.6169170415638376,2.126434754700801,0.5562672198869079
2022-11-02,1.1895106060487715,2229.861,0.3247407462945384,,-51.0,-10.000000000000009,25.860000610351562,29.3700008392334,3.510000228881836,1,111.98999786376953,,,127.3115,0.18114388190866304,2.999999999999936,-2.500198485734284,-0.056105140369755446,0.07066342807431347,1.150820644535533,1.84451420477183,0.04255022321428825
2022-11-03,1.1895106060487715,2219.791,0.3247407462945384,,-56.99999999999999,-10.000000000000009,25.299999237060547,28.399999618530273,3.1000003814697266,1,110.33999633789062,,,128.1743,1.5789903306258513,4.0000000000000036,-1.058599231542967,-0.056105140369755446,-0.3295089126205908,-0.18512731953784778,-2.03333536783854,-1.1180593601310962
2022-11-04,1.1895106060487715,2230.84,0.3247407462945384,,-49.0,-10.000000000000009,24.549999237060547,27.040000915527344,2.490001678466797,1,111.62000274658203,,,127.1468,0.22481192102259406,3.000000000000025,1.3618724670070526,-1.6760432475908749,0.8269044514416679,2.4347770141452507,5.035729311118531,2.7776039953065323
2022-11-07,1.1895106060487715,2241.317,0.3247407462945384,,-50.0,-12.00000000000001,24.350000381469727,27.15999984741211,2.809999465942383,1,111.66999816894531,,,126.3062,-0.7411435662121546,4.999999999999982,0.9613981920559844,1.2055276550420935,0.9947117053458632,0.22860555619468315,-0.8854332031313694,0.23916292974588416
2022-11-08,1.1895106060487715,2232.555,0.3247407462945384,,-53.0,-12.00000000000001,25.540000915527344,28.700000762939453,3.1599998474121094,1,113.55000305175781,,,125.633,-1.3181097327727098,-8.000000000000007,0.5597892802462701,1.2513558815032022,1.1489212599430143,-0.43310128041713636,-3.137593664552174,2.123470061791677
2022-11-09,0.18202455305635912,2237.812,0.3247407462945384,,-49.0,-12.00000000000001,26.09000015258789,28.899999618530273,2.809999465942383,1,114.36000061035156,,,125.9861,-1.3143867383234697,-1.9999999999999574,-2.077788695478977,-0.5585500738585547,1.0575010268185858,-0.5325541415172608,-3.4641791746627515,-0.1168156082307914
2022-11-10,0.18202455305635912,2200.586,0.3247407462945384,,-52.0,-12.00000000000001,23.530000686645508,24.459999084472656,0.9299983978271484,1,111.41999816894531,,,124.7044,-2.6872813564929876,-30.00000000000003,5.543448436034493,-0.9753423553211737,-0.9148589737173252,-0.3949923846467862,0.745659298607726,2.3507440393017776
2022-11-11,0.18202455305635912,2200.586,0.3247407462945384,,-52.0,-12.00000000000001,22.520000457763672,21.309999465942383,-1.210000991821289,0,114.08999633789062,,,124.7044,-2.6872813564929876,-30.00000000000003,0.9240746788147902,2.9784585597210755,3.368950196218634,1.685045048290501,2.8796089147890003,0.8969862728614109
2022-11-14,0.18202455305635912,2165.018,0.3247407462945384,,-52.0,-10.999999999999988,23.729999542236328,21.190000534057617,-2.539999008178711,0,113.66999816894531,,,123.4277,-3.3672176787344354,6.000000000000005,-0.8935777048800997,-1.061789455673534,-0.34270888975475033,-0.12600489975121976,-3.473467142188813,0.43034969342794493
2022-11-15,0.18202455305635912,2086.574,0.3247407462945384,,-56.99999999999999,-10.000000000000009,24.540000915527344,21.799999237060547,-2.740001678466797,0,115.94000244140625,,,123.039,-4.1248319794284445,-8.000000000000007,0.8713116550319144,0.0954789161669245,0.22953452025153975,1.6436458904577123,1.2227732488398813,0.01128062950730424
2022-11-16,-0.5688780479932487,2099.07,0.3247407462945384,,-68.0,-8.999999999999986,24.110000610351562,19.670000076293945,-4.440000534057617,0,115.55999755859375,,,123.2817,-3.4181572614003897,-12.99999999999999,-0.8252046497990273,0.13622946727880336,-0.11611869639955863,-0.4498958962364963,-1.5301447987488226,-0.04510366479320016
2022-11-17,-0.5688780479932487,2114.439,0.3247407462945384,,-66.0,-10.000000000000009,23.93000030517578,19.739999771118164,-4.190000534057617,0,115.23999786376953,,,123.977,-3.0788341973165045,10.000000000000009,-0.30893228355314273,-0.34868495779586395,-1.3945811019020704,-0.1458358340953647,-4.615021751664128,-0.6880965127961103
2022-11-18,-0.5688780479932487,2113.413,0.3247407462945384,,-69.0,-10.000000000000009,23.1200008392334,18.34000015258789,-4.780000686645508,0,114.97000122070312,,,123.8524,-3.5393405443126413,4.999999999999982,0.47585819088147296,-0.11027623462530611,0.06468042851384137,-0.5838661695296454,-1.9108250493097723,-0.5054534397580079
2022-11-21,-0.5688780479932487,2125.426,0.3247407462945384,,-65.0,-10.000000000000009,22.360000610351562,19.510000228881836,-2.8500003814697266,0,114.5199966430664,,,124.7009,-2.5813795064575484,1.000000000000023,-0.3883688698329779,0.1613616599935419,-1.0218934361638676,-0.39377138873091244,-0.4370610216262061,-0.827672800840884
2022-11-22,-0.5688780479932487,2103.932,0.3247407462945384,,-71.0,-10.000000000000009,21.290000915527344,19.030000686645508,-2.260000228881836,0,116.23999786376953,,,124.2365,-2.6920230118231303,-7.000000000000028,1.3579987927526016,0.6117461523601264,-0.5881372378073957,0.12638944504499428,1.5301562021099446,0.051802947013657175
2022-11-23,-0.6954917378032666,2069.174,0.3247407462945384,,-75.0,-10.999999999999988,20.350000381469727,16.90999984741211,-3.440000534057617,0,118.6500015258789,,,123.7574,-3.3374885964583267,-4.999999999999982,0.5914689147847652,0.6117461523601264,0.5296698553976853,0.25781851236506004,-3.718338011501676,0.3796798826754211
2022-11-25,-0.6954917378032666,2031.066,0.3247407462945384,,-74.0,-10.000000000000009,20.5,17.059999465942383,-3.440000534057617,0,128.11000061035156,,,123.3386,-3.170507100569886,-2.9999999999999805,-0.02830441976333642,-0.3525357789650019,-0.14213443459435426,0.40073293316940095,-2.1298481012460013,0.48140433815875294
2022-11-28,-0.6954917378032666,2054.914,0.3247407462945384,,-77.0,-10.000000000000009,22.209999084472656,20.06999969482422,-2.1399993896484375,0,118.47000122070312,,,123.6032,-2.2685599929787026,0.9999999999999787,-1.5444192913123267,-0.4249870743629369,-1.2137730052901863,-0.7460414488636435,1.2585200574664945,-0.7528701804925042
2022-11-29,-0.6954917378032666,2064.377,0.3247407462945384,,-73.0,-8.999999999999986,21.889999389648438,20.389999389648438,-1.5,0,120.37999725341797,,,123.6615,-2.4003415867683953,6.000000000000005,-0.15918653377758885,-0.4793205583406568,1.0430671329689334,2.31277549634048,1.2428781862032556,0.47698689411970197
2022-11-30,-0.7609588548601609,2115.913,0.3247407462945384,,-70.0,-8.000000000000007,20.579999923706055,18.8700008392334,-1.7099990844726562,0,118.47000122070312,,,123.5175,-2.9053520263179644,-6.999999999999984,3.0947872397389053,-0.2099684089215459,1.608461382950921,0.05048298724104061,3.0051230117962957,-0.13726975409227293
2022-12-01,-0.7609588548601609,2050.286,-0.9715375313924302,,-72.0,-8.000000000000007,19.84000015258789,18.3799991607666,-1.460000991821289,0,117.79000091552734,,,122.0045,-4.401595650903179,-15.000000000000036,-0.08676332180498347,0.9191960152856282,0.29565095295642774,0.44837695768842334,0.8317791974691735,3.155783252344646
2022-12-02,-0.7609588548601609,2049.763,-0.9715375313924302,,-77.0,-8.999999999999986,19.059999465942383,17.950000762939453,-1.1099987030029297,0,118.11000061035156,,,122.0102,-4.229634996275477,-2.0000000000000018,-0.1194660488065602,-1.5878212144921133,-1.835199373857055,-0.29474543152678834,-1.5267149041281347,-0.2887097463972421
2022-12-05,-0.7609588548601609,2093.647,-0.9715375313924302,,-81.0,-8.999999999999986,20.75,23.809999465942383,3.059999465942383,1,117.75,,,122.6384,-3.6706032055234483,9.00000000000003,-1.7894212283564803,0.15299932465142607,-0.6165971451655428,1.7638687735780367,-3.8134570189329753,-1.5869480267588165
2022-12-06,-0.7609588548601609,2111.465,-0.9715375313924302,,-83.0,-10.000000000000009,22.170000076293945,27.079999923706055,4.909999847412109,1,117.11000061035156,,,123.0191,-4.022023135683206,-9.00000000000003,-1.4399194981406072,0.2353264118443832,-1.0813019985296934,0.022416353706811165,-3.483686851091139,0.10750392598259939
2022-12-07,-0.9439526048978575,2151.549,-0.9715375313924302,,-84.0,-10.000000000000009,22.68000030517578,28.06999969482422,5.3899993896484375,1,117.80999755859375,,,122.7608,-3.449555946354921,-8.999999999999986,-0.18623708845491027,-0.7153040451925774,-0.43247647026238845,-0.401861211930854,-3.016832139756942,0.9156135604362126
2022-12-08,-0.9439526048978575,2175.973,-0.9715375313924302,,-83.0,-10.000000000000009,22.290000915527344,26.739999771118164,4.44999885559082,1,117.54000091552734,,,122.4152,-3.080608869556689,6.000000000000005,0.752178195750397,-0.4044249217854845,-0.49227509454415896,-0.07094653265417028,-0.7637870232489408,0.1792187718776317
2022-12-09,-0.9439526048978575,2146.748,-0.9715375313924302,,-76.0,-10.000000000000009,22.829999923706055,26.479999542236328,3.6499996185302734,1,119.23999786376953,,,122.4201,-2.557369480948468,8.999999999999986,-0.7349578247904498,1.1843584140311059,0.7574590627787758,0.30024405280679733,-0.6157325035592631,0.5255227075901647
2022-12-12,-0.9439526048978575,2158.517,-0.9715375313924302,,-78.0,-10.000000000000009,25.0,29.540000915527344,4.540000915527344,1,121.86000061035156,,,122.7714,-2.5516306957672263,4.0000000000000036,1.4279296218109305,-0.21031384882813642,-0.6705630407741747,-0.8702945956227448,3.0273185405575553,-0.9788096226519438
2022-12-13,-0.9439526048978575,2180.676,-0.9715375313924302,,-71.0,-10.000000000000009,22.549999237060547,23.700000762939453,1.1500015258789062,1,122.7300033569336,,,121.8493,-2.2894941958744086,-10.000000000000009,0.728966443879342,0.40413115904549546,-0.026131982975119428,-0.0852446305866339,3.0340320845399837,1.8758789336738246
2022-12-14,-1.9785269873260014,2192.864,-0.9715375313924302,,-74.0,-10.000000000000009,21.139999389648438,20.200000762939453,-0.9399986267089844,0,124.2300033569336,,,121.8226,-1.3004374220697668,-1.9999999999999574,-0.6052724634100337,0.7203091089335478,1.1317694638970588,0.006295037573456064,2.5069629990048137,-0.3528322580032994
2022-12-15,-1.9785269873260014,2123.995,-0.9715375313924302,,-79.0,-8.000000000000007,22.829999923706055,21.729999542236328,-1.1000003814697266,0,124.48999786376953,,,122.5519,-0.3958907338323603,-5.000000000000027,-2.4921675023714007,-0.37118530963555774,-1.5954998143951182,-0.24807342856661974,-1.5139728098167993,-1.6763512491355437
2022-12-16,-1.9785269873260014,2126.54,-0.9715375313924302,,-69.0,-8.000000000000007,22.6200008392334,20.510000228881836,-2.1100006103515625,0,120.04000091552734,,,122.6505,-0.5119981311094923,4.0000000000000036,-1.1137750774080746,-1.8700474222052343,-0.04023563127285579,-0.024994625847252205,-2.391275364904788,0.720236843338018
2022-12-19,-1.9785269873260014,2134.765,-0.9715375313924302,,-68.0,-10.000000000000053,22.420000076293945,20.829999923706055,-1.5900001525878906,0,117.08999633789062,,,122.5275,-1.1691684747977438,8.999999999999986,-0.9007516001852345,-1.0516120998574907,-0.33262843498290673,-1.9173143080067678,1.2114706081404858,-0.12849434793994474
2022-12-20,-1.9785269873260014,2159.408,-0.9715375313924302,,-56.00000000000001,-10.000000000000053,21.479999542236328,19.780000686645508,-1.6999988555908203,0,115.56999969482422,,,122.1357,-1.3860853725886635,12.00000000000001,0.10373383615349674,-2.458404299197625,-0.802658117379984,-1.073344331677717,1.1969595255509224,1.5774500202733632
2022-12-21,-2.571914323368596,2206.965,-0.9715375313924302,,-53.0,-10.000000000000053,20.06999969482422,17.579999923706055,-2.489999771118164,0,114.25,,,122.2828,-1.9391199261593162,-0.9999999999999787,1.4867993802734736,-0.678667550894374,-0.1860072180468797,-0.1743821882514318,2.8913190741490125,0.0
2022-12-22,-2.571914323368596,2222.898,-0.9715375313924302,,-56.99999999999999,-10.000000000000053,21.969999313354492,19.84000015258789,-2.1299991607666016,0,114.41999816894531,,,122.2419,-1.6054863103838302,-1.000000000000023,-1.445169956861636,0.455319498230744,1.1928134944633184,-0.4556099370419342,-1.0218457560384864,-1.5914986522117425
2022-12-23,-2.571914323368596,2216.348,-0.9715375313924302,,-56.00000000000001,-10.000000000000053,20.8700008392334,17.489999771118164,-3.3800010681152344,0,114.56999969482422,,,121.9743,-1.4408027317962424,8.000000000000007,0.5868102525282026,-1.028446078327716,-1.8262609386392015,-0.280378500584888,2.6713121072262203,0.4980427763884965
2022-12-27,-2.571914323368596,2221.259,-0.9715375313924302,,-48.0,-10.000000000000053,21.649999618530273,19.770000457763672,-1.8799991607666016,0,113.44000244140625,,,121.7539,-1.2848370258783492,8.999999999999986,-0.4049622110409712,0.15905554850828008,0.6754079257149215,0.9788440228706285,-0.03770585748796851,1.0523984719154278
2022-12-28,-2.3556031086639284,2293.003,-0.9715375313924302,,-43.0,-10.000000000000053,22.139999389648438,20.8799991607666,-1.260000228881836,0,112.02999877929688,,,122.0075,-1.290985993890137,4.0000000000000036,-1.2020638322615351,-0.4059651840158107,-2.243669040684837,-0.26393090239288375,-0.7167103024935506,-0.3802085204107186
2022-12-29,-2.3556031086639284,2308.319,-0.9715375313924302,,-51.0,-10.000000000000053,21.440000534057617,20.489999771118164,-0.9500007629394531,0,113.2699966430664,,,121.6577,-1.620391148417255,-4.999999999999982,1.7461331644819111,-0.9370743840284024,-1.9316384823744426,-0.44373750097856934,-0.7092167744260691,0.6416270495763099
2022-12-30,-2.3556031086639284,2553.716,-0.9715375313924302,,-53.0,-10.000000000000053,21.670000076293945,21.139999389648438,-0.5300006866455078,0,113.56999969482422,,,121.4256,-1.6936061691663062,4.999999999999982,-0.25407424823445934,0.003181147487052449,-1.9316384823744426,0.506232190549949,2.372449711927116,0.010989347176426634
2023-01-03,-2.3556031086639284,2188.272,-1.7203784463005412,,-61.0,-9.000000000000075,22.899999618530273,25.079999923706055,2.1800003051757812,1,112.73999786376953,,,122.0905,0.07048920326711006,-8.999999999999986,-0.4000548879248611,0.003181147487052449,-0.31406230392359014,0.8820882643046701,-4.149017869950288,1.0990822957993807
2023-01-04,-2.946614431374217,2229.542,-1.7203784463005412,,-67.0,-10.000000000000053,22.010000228881836,23.920000076293945,1.9099998474121094,1,112.13999938964844,,,121.5008,-0.41750607736074086,-10.000000000000009,0.7538970575044379,-1.447203912701911,1.6811820531744237,0.22493140543937695,-5.316526648980114,0.712077947705847
2023-01-05,-2.946614431374217,2242.486,-1.7203784463005412,,-74.0,-9.000000000000075,22.459999084472656,24.540000915527344,2.0800018310546875,1,112.66999816894531,,,122.1017,-0.43762801863038714,2.0000000000000018,-1.1645528874622113,0.4041761271636579,0.3843084579677303,1.0148790778882866,1.139486371202536,-0.9715025650708919
2023-01-06,-2.946614431374217,2208.265,-1.7203784463005412,,-69.0,-9.000000000000075,21.1299991607666,21.56999969482422,0.4400005340576172,1,113.86000061035156,,,121.0852,-1.5720323104298384,-16.000000000000014,2.284078102943865,0.5927346305856451,1.1180566291138616,0.07669582144729237,0.13573839637102125,1.6023491149636415
2023-01-09,-2.946614431374217,2199.121,-1.7203784463005412,,-66.0,-9.000000000000075,21.969999313354492,23.040000915527344,1.0700016021728516,1,114.41999816894531,,,120.1508,-2.126085851509607,-2.0000000000000018,-0.07676325452631305,0.5927346305856451,2.629727528026704,0.5839863370809883,1.1657864301019893,0.45595967292331174
2023-01-10,-2.946614431374217,2192.942,-1.7203784463005412,,-63.0,-9.000000000000075,20.579999923706055,21.5,0.9200000762939453,1,114.6500015258789,,,120.2483,-1.7701233180193343,8.000000000000007,0.6978233159061986,0.7765923824676113,0.047660708939534224,-0.2068609165312263,0.6565798086527685,-0.05873741734490068
2023-01-11,-3.182546114267204,2199.17,-1.7203784463005412,,-66.0,-10.000000000000053,21.09000015258789,22.40999984741211,1.3199996948242188,1,115.0999984741211,,,120.1614,-1.8450401527200233,-6.999999999999984,1.2849424614881588,1.0331754028369389,0.3495911002074026,-0.2419907762199247,3.0484569113404802,0.16029066248843815
2023-01-12,-3.182546114267204,2202.989,-1.7203784463005412,,-69.0,-10.000000000000053,18.829999923706055,16.459999084472656,-2.3700008392333984,0,117.38999938964844,,,119.4218,-2.7283227201123306,-10.999999999999988,0.34159058663651987,0.014445710126298472,0.23606685612027611,0.05091539219252983,1.265980727525462,1.1149058298440373
2023-01-13,-3.182546114267204,2179.781,-1.7203784463005412,,-73.0,-10.000000000000053,18.350000381469727,14.819999694824219,-3.530000686645508,0,121.69999694824219,,,119.1673,-2.2010795302065733,6.000000000000005,0.39968583635343613,-1.248782703804996,0.8874884515533088,1.007131704741293,1.8752407604907262,1.2081257934087208
2023-01-17,-3.182546114267204,2093.328,-1.7203784463005412,,-65.0,-9.000000000000075,19.360000610351562,16.610000610351562,-2.75,0,120.01000213623047,,,119.2121,-2.1428700421760705,3.999999999999959,-0.20304911890052235,1.2251392251797721,-0.8529753372058302,-0.10385608647724975,0.4007008419465663,-0.5838236603238345
2023-01-18,-4.271561691389348,2131.678,-1.7203784463005412,,-69.0,-10.000000000000053,20.34000015258789,17.239999771118164,-3.1000003814697266,0,119.91000366210938,,,119.0755,-2.8366757267737186,-15.99999999999997,-1.5562598500411085,2.496068894547143,-0.4652379273056284,0.005270137319635104,-0.8730318602867326,-0.1468082439962326
2023-01-19,-4.271561691389348,2110.145,-1.7203784463005412,,-70.0,-9.000000000000075,20.520000457763672,18.280000686645508,-2.239999771118164,0,121.2300033569336,,,119.6107,-2.47842446626797,2.0000000000000018,-0.7638350296294338,-1.4403604039439077,0.5075335758809363,0.4921867138510949,1.0694494693261003,0.92942401517353
2023-01-20,-4.271561691389348,2090.523,-1.7203784463005412,,-66.0,-10.000000000000053,19.850000381469727,18.260000228881836,-1.5900001525878906,0,120.19000244140625,,,119.3486,-2.594437983309872,8.999999999999986,1.8918401045981525,0.56162671369413,0.6267979080342823,0.7570342400992303,1.2199622870669558,0.2237161897270301
2023-01-23,-4.271561691389348,2135.499,-1.7203784463005412,,-69.0,-10.000000000000053,19.809999465942383,21.25,1.4400005340576172,1,120.91000366210938,,,119.1434,-2.449979817530834,4.0000000000000036,1.188134498366522,1.3275439271512868,0.6267979080342823,0.7570342400992303,0.38126330992063195,0.03633467415926628
2023-01-24,-4.271561691389348,2048.386,-1.7203784463005412,,-66.0,-10.000000000000053,19.200000762939453,21.84000015258789,2.6399993896484375,1,121.33999633789062,,,119.0958,-2.6062537004386543,-6.000000000000005,-0.07115031258156934,1.461197576171469,0.6267979080342823,0.7570342400992303,-1.8255396263466284,0.35286435131927085
2023-01-25,-4.400752329020364,2031.561,-1.7203784463005412,,-65.0,-9.000000000000075,19.079999923706055,22.010000228881836,2.9300003051757812,1,121.04000091552734,,,118.9686,-2.6777234319820042,0.0,-0.01817250594663422,0.3510005770117619,1.3906656671068163,0.7570342400992303,0.024964773676039442,0.3774717754618351
2023-01-26,-4.400752329020364,2024.069,-1.7203784463005412,,-68.0,-10.000000000000053,18.729999542236328,21.049999237060547,2.3199996948242188,1,121.48999786376953,,,119.021,-2.421247754649958,3.000000000000025,1.1007853469181317,-0.11775781757698,1.6503470295774036,0.7570342400992303,1.0729888883082461,-0.6233245358693185
2023-01-27,-4.400752329020364,2003.634,-1.7203784463005412,,-67.0,-10.000000000000053,18.510000228881836,20.030000686645508,1.5200004577636719,1,121.97000122070312,,,118.9223,-2.325674988645121,2.9999999999999805,0.2494840970949097,0.0723996925564796,0.6226122696826097,0.7570342400992303,-1.6417748376528762,-0.025918822576742606
2023-01-30,-4.400752329020364,2048.714,-1.7203784463005412,,-70.0,-10.000000000000053,19.940000534057617,22.420000076293945,2.479999542236328,1,120.69000244140625,,,118.8953,-2.550826793434824,2.9999999999999805,-1.296874098468337,0.18566504641874815,-1.3506352027893964,0.13814003524503793,-2.2339342024089492,-0.29554864896974564
2023-01-31,-4.400752329020364,2061.572,-1.7203784463005412,,-69.0,-9.000000000000075,19.399999618530273,21.739999771118164,2.3400001525878906,1,123.29000091552734,,,118.9802,-2.200847130925543,-2.9999999999999805,1.4642470285510134,-0.3874511147415882,-1.0361233919075397,-0.4175224878249728,1.2451876786945704,0.34323030329923565
2023-02-01,-4.954249369253139,2038.262,-2.2301803937453735,,-70.0,-9.000000000000075,17.8700008392334,18.559999465942383,0.6899986267089844,1,122.19000244140625,,,118.6259,-2.3056917157502244,-12.99999999999999,1.045230394459029,0.07235117371429123,1.0193465744124053,0.8984326022569933,-3.1190554061179654,-0.08810319626199048
2023-02-02,-4.954249369253139,2050.063,-2.2301803937453735,,-69.0,-9.000000000000075,18.729999542236328,19.1299991607666,0.39999961853027344,1,123.87999725341797,,,118.3421,-3.070181545656714,0.9999999999999787,1.4699373244309921,0.2017411863484586,0.778832296680787,0.022831606792172998,-0.6936348426773153,-0.5965348951511129
2023-02-03,-4.954249369253139,2041.217,-2.2301803937453735,,-77.0,-10.000000000000053,18.329999923706055,17.760000228881836,-0.5699996948242188,0,123.08000183105469,,,119.5095,-1.6389192499144056,12.99999999999999,-1.0354610691310495,0.39197853148822404,0.46660915386966817,-0.677487705549018,-3.2814944041888117,-2.7866212520694877
2023-02-06,-4.954249369253139,2072.261,-2.2301803937453735,,-81.0,-10.000000000000053,19.43000030517578,20.670000076293945,1.239999771118164,1,123.01000213623047,,,120.541,-1.2781967818629836,10.000000000000009,-0.6140463017754394,0.6695494816981951,-1.7017401467245397,-0.7571822603654521,0.9810617613994488,0.17713922994071485
2023-02-07,-4.954249369253139,2057.958,-2.2301803937453735,,-80.0,-10.000000000000053,18.65999984741211,19.6200008392334,0.9600009918212891,1,123.36000061035156,,,120.3475,-0.6092404356601855,4.0000000000000036,1.287251059802652,-0.029536328308565896,0.5545105121486982,0.2899353709920671,4.088515388399072,0.29471654398802727
2023-02-08,-4.985802560010921,2059.604,-2.2301803937453735,,-82.0,-10.000000000000053,19.6299991607666,21.0,1.3700008392333984,1,121.5199966430664,,,120.1436,-0.005992469463367289,-4.0000000000000036,-1.1080724476164705,-0.28538350123150646,1.3023535470898517,-0.49198082677343047,1.7241403183536397,0.3045399044124819
2023-02-09,-4.985802560010921,2058.942,-2.2301803937453735,,-81.0,-10.000000000000053,20.709999084472656,22.739999771118164,2.030000686645508,1,120.58000183105469,,,119.9781,-0.22470172135490296,4.0000000000000036,-0.8829796177735161,-0.08009475816208589,-0.08535347870719523,1.1840492470459596,-0.5224973311217407,-0.596573617584939
2023-02-10,-4.985802560010921,2042.893,-2.2301803937453735,,-76.0,-10.000000000000053,20.530000686645508,21.5,0.9699993133544922,1,120.87999725341797,,,120.1419,-0.016228173107168953,7.000000000000028,0.21952617756952897,0.31405800971127107,-0.47511359850834767,-0.2969062092306407,2.1265740635763253,-0.1821831761176007
2023-02-13,-4.985802560010921,2107.775,-2.2301803937453735,,-80.0,-10.000000000000053,20.34000015258789,21.40999984741211,1.0699996948242188,1,122.4800033569336,,,119.9828,0.469763477020102,-2.0000000000000018,1.1448609342766147,-0.8805620622123422,-0.689550251709814,0.7204038064934748,0.5268416489138783,-0.5851419437593264
2023-02-14,-4.985802560010921,2076.548,-2.2301803937453735,,-83.0,-10.000000000000053,18.90999984741211,17.719999313354492,-1.1900005340576172,0,122.4800033569336,,,119.9229,0.6340665602057038,4.999999999999982,-0.02804145319874607,0.6396877884932817,0.5275794701291359,0.2777001556432124,-1.3476439222361525,0.11339573185662477
2023-02-15,-5.90577994717335,2011.998,-2.2301803937453735,,-81.0,-10.000000000000053,18.229999542236328,16.020000457763672,-2.2099990844726562,0,121.36000061035156,,,120.4557,1.0431826970584313,4.0000000000000036,0.2773175690496066,-0.3655798239222241,-1.5306367465896753,-0.38836779589711545,-0.5944867634922413,-1.067963798712246
2023-02-16,-5.90577994717335,2032.457,-2.2301803937453735,,-76.0,-10.000000000000053,20.170000076293945,19.329999923706055,-0.8400001525878906,0,123.08999633789062,,,120.4651,1.166990690780212,4.999999999999982,-1.3788741489130674,0.7075160827194171,1.9597215716788519,-0.9590018878628648,-0.1272407160971989,0.42525618993400904
2023-02-17,-5.90577994717335,2059.662,-2.2301803937453735,,-78.0,-10.000000000000053,20.020000457763672,16.940000534057617,-3.0799999237060547,0,122.88999938964844,,,120.5526,0.7874713549874679,-4.0000000000000036,-0.2767405825327751,-0.661848950152033,-0.9804167160606281,-0.7697685013713929,-2.739204464765732,-0.08686078099552352
2023-02-21,-5.90577994717335,2046.064,-2.2301803937453735,,-72.0,-10.000000000000053,22.8700008392334,21.139999389648438,-1.730001449584961,0,124.08999633789062,,,120.6256,1.0699748467933423,13.000000000000034,-2.0041234255327334,-0.2137148523451371,0.15640146170927682,0.4917404039835205,-0.2357776845895776,-0.40208782416303324
2023-02-22,-6.114819801550809,2113.849,-2.2301803937453735,,-73.0,-10.000000000000053,22.290000915527344,19.200000762939453,-3.0900001525878906,0,122.80999755859375,,,120.8389,1.423075050737177,-2.0000000000000018,-0.1573556145886834,-1.3423286855814287,-1.6787597176302405,-0.4648427076415773,-2.9017943902314935,-0.054555373704312515
2023-02-23,-6.114819801550809,2147.417,-2.2301803937453735,,-78.0,-10.000000000000053,21.139999389648438,18.110000610351562,-3.029998779296875,0,121.8499984741211,,,121.0896,1.6741144523988227,-5.000000000000027,0.5329429416074394,-1.3423286855814287,0.8855661979818574,-0.11150880342418734,1.9472650450737872,-0.7641921397379958
2023-02-24,-6.114819801550809,2142.141,-2.2301803937453735,,-83.0,-10.000000000000053,21.670000076293945,18.3799991607666,-3.2900009155273438,0,121.22000122070312,,,121.5681,2.1850303357356493,7.000000000000028,-1.0537551485558128,1.288208493053311,-0.6346621039380107,-0.6181047026932007,1.233585770931156,-0.5060479192450451
2023-02-27,-6.114819801550809,2162.435,-2.2301803937453735,,-86.0,-10.000000000000053,20.950000762939453,19.3700008392334,-1.5799999237060547,0,120.54000091552734,,,121.3941,1.9938498248208258,-3.000000000000025,0.30730045671669703,-0.10752564245397611,-0.8652470452872096,-0.27944401431534427,-0.8385736271063426,0.4533365187151306
2023-02-28,-6.114819801550809,2188.035,-2.2301803937453735,,-89.0,-10.000000000000053,20.700000762939453,19.59000015258789,-1.1100006103515625,0,120.01000213623047,,,121.3341,2.0280468843942634,0.0,-0.30360018281855305,0.07876181498445156,0.4249577770545132,0.6623658447266534,1.8102573216933981,0.6549270453529266
2023-03-01,-6.3425667264307535,2133.95,-3.877965043695386,,-88.0,-10.000000000000053,20.579999923706055,19.59000015258789,-0.9899997711181641,0,118.88999938964844,,,120.6347,1.4629678380894795,8.999999999999986,-0.4725264845680033,0.25858007118779724,0.4249577770545132,0.9982891002891847,0.8306286363396032,0.48115952979068677
2023-03-02,-6.3425667264307535,2192.355,-3.877965043695386,,-81.0,-10.000000000000053,19.59000015258789,18.709999084472656,-0.8800010681152344,0,118.88999938964844,,,121.1302,1.8070233534655422,7.000000000000028,0.7582194086794392,-0.06418017352212146,0.6216714421907188,-0.051328973761044505,0.6049700166473881,-0.2285439018049007
2023-03-03,-6.3425667264307535,2186.15,-3.877965043695386,,-89.0,-10.000000000000053,18.489999771118164,17.760000228881836,-0.7299995422363281,0,118.13999938964844,,,120.7742,1.8109873139002364,-10.999999999999988,1.6147737160748799,1.5586152299870815,0.17381512586789327,0.5358461558202299,1.9447243754458388,0.7744723846127677
2023-03-06,-6.3425667264307535,2190.793,-3.877965043695386,,-91.0,-10.000000000000053,18.610000610351562,19.600000381469727,0.9899997711181641,1,120.19000244140625,,,120.485,1.8107672586509693,0.9999999999999787,0.06871667698291617,1.11112315557913,1.2561335804249119,-0.19107927516038847,0.9789141268944146,0.01082823226037366
2023-03-07,-6.3425667264307535,2170.195,-3.877965043695386,,-103.0,-10.000000000000053,19.59000015258789,20.959999084472656,1.3699989318847656,1,120.55999755859375,,,121.4623,1.6340123588501232,-0.9999999999999787,-1.5326919115337678,0.2527849609721189,0.02964243098866337,-1.1116676042943974,-3.579414971648631,-1.8399263786351705
2023-03-08,-6.3795429968393265,2193.237,-3.877965043695386,,-107.0,-10.000000000000053,19.110000610351562,20.56999969482422,1.4599990844726562,1,120.55999755859375,,,121.4511,0.7550128172157278,0.9999999999999787,0.141479401368394,0.476980935251059,-1.2763181967836656,-0.056317847287812306,-1.1858702593856352,-0.06615983384062885
2023-03-09,-6.3795429968393265,2229.623,-3.877965043695386,,-97.0,-10.000000000000053,22.610000610351562,25.459999084472656,2.8499984741210938,1,122.22000122070312,,,121.4458,0.9126072415297504,-4.999999999999982,-1.845935787384867,0.62916518607401,-0.5271504571331076,-0.21807392398919268,-1.2261967081940828,0.9157664314779934
2023-03-10,-6.3795429968393265,2188.375,-3.877965043695386,,-90.0,-10.000000000000053,24.799999237060547,26.860000610351562,2.0600013732910156,1,130.27000427246094,,,121.2421,0.9143225273755551,-23.0,-1.447813845705137,-1.674098346829589,-1.0127774952508384,-1.404418331952817,1.2678276135713817,1.7875662985316731
2023-03-13,-6.3795429968393265,2126.677,-3.877965043695386,,-48.0,-10.000000000000053,26.520000457763672,30.93000030517578,4.409999847412109,1,132.13999938964844,,,120.8897,0.7598053311395958,-15.000000000000036,-0.1509761003189447,-1.1050671168815085,0.6685908309145283,1.1956320621404837,-2.451743930537087,2.6691703099825492
2023-03-14,-6.3795429968393265,2042.579,-3.877965043695386,,-56.00000000000001,-10.000000000000053,23.729999542236328,25.969999313354492,2.239999771118164,1,132.72000122070312,,,121.0141,0.7259748680518596,9.00000000000003,1.6476655480623936,-2.1949582596398898,-2.5566300695435085,-0.7155717235453052,-4.639038875843438,-0.28770205264839754
2023-03-15,-3.5179275758500994,2055.823,-3.877965043695386,,-42.0,-7.000000000000028,26.139999389648438,29.309999465942383,3.1700000762939453,1,136.6199951171875,,,122.1079,1.771170534443267,-13.000000000000034,-0.698088356543769,0.027335961986230117,1.309084423535456,0.5546465414709711,-5.21519854929201,1.0701933132209573
2023-03-16,-3.5179275758500994,2066.319,-3.877965043695386,,-57.99999999999999,-8.000000000000007,22.989999771118164,24.610000610351562,1.6200008392333984,1,134.52999877929688,,,121.7221,1.5002972743320964,5.000000000000027,1.7562006217166637,-0.8038019454729928,-0.07606183147739198,-1.1160498194069723,1.094509476540706,-0.3944760553433624
2023-03-17,-3.5179275758500994,2106.166,-3.877965043695386,,-42.0,-10.000000000000053,25.510000228881836,27.010000228881836,1.5,1,131.33999633789062,,,121.5643,0.9203383484550853,-16.999999999999993,-1.1019457310067593,1.1964916563456773,0.7477166904570787,0.7332185800457136,-2.355523988725683,2.6472146340867697
2023-03-20,-3.5179275758500994,2098.393,-3.877965043695386,,-45.0,-10.000000000000053,24.149999618530273,25.899999618530273,1.75,1,129.91000366210938,,,121.0141,0.45573365231921237,8.000000000000007,0.8918403718310097,-1.4199244010318024,-0.6883190495300728,-0.48115354274851363,1.3485189611722737,0.4772008381938253
2023-03-21,-3.5179275758500994,2194.631,-3.877965043695386,,-57.99999999999999,-10.000000000000053,21.3799991607666,22.84000015258789,1.460000991821289,1,127.45999908447266,,,120.8958,0.28468900712219636,11.999999999999966,1.2982193897784988,-1.4199244010318024,0.38458921789521483,0.6411303806865831,2.4985252168185035,-2.0816467354640267
2023-03-22,-2.5516057285075555,2279.608,-3.877965043695386,,-48.0,-10.000000000000053,22.260000228881836,23.75,1.489999771118164,1,123.16000366210938,,,120.6217,-0.003233144539804833,-10.999999999999988,-1.6463223775713631,1.933295607922858,1.1978923571265954,0.3102329169048179,2.2645314486649415,0.4540788869001444
2023-03-23,-2.5516057285075555,2233.956,-3.877965043695386,,-38.0,-10.000000000000053,22.610000610351562,23.110000610351562,0.5,1,123.16000366210938,,,119.7587,-0.8939174388379878,-10.000000000000009,0.2984528733375402,-0.1711168617804737,0.3111354616041284,0.6399725130138645,-1.3258144163271202,2.414218143681035
2023-03-24,-2.5516057285075555,2218.458,-3.877965043695386,,-38.0,-10.000000000000053,21.739999771118164,20.6200008392334,-1.1199989318847656,0,126.87999725341797,,,120.4598,-0.5201107279237838,0.0,0.5639807253104534,-0.12530949850557693,-0.39266232791946853,-0.6389484923546185,-1.0005674062359304,-0.5868227984578644
2023-03-27,-2.5516057285075555,2220.131,-3.877965043695386,,-41.0,-9.000000000000075,20.600000381469727,19.309999465942383,-1.2900009155273438,0,126.0,,,120.2541,-1.080875657347613,14.999999999999991,0.16469543057482383,0.3345565244976756,-0.2376846956976708,-0.4363603088552992,5.125606862357079,-1.4984083314513619
2023-03-28,-2.5516057285075555,2231.749,-3.877965043695386,,-47.0,-6.00000000000005,19.969999313354492,18.329999923706055,-1.6399993896484375,0,122.9000015258789,,,119.7138,-1.3841694118577386,2.0000000000000018,-0.15738434957162095,0.15060252739573787,1.0675642330666424,-0.18515161813563719,0.5356398883746616,1.0243802371392663
2023-03-29,-2.5869567698487916,2264.862,-3.877965043695386,,-51.0,-7.000000000000028,19.1200008392334,17.170000076293945,-1.9500007629394531,0,123.76000213623047,,,119.7258,-1.3255136025239422,2.0000000000000018,1.423726887983645,1.3283159244319664,0.36879679519175035,-0.16391992342479345,-0.3142018266772406,-0.3194102996422643
2023-03-30,-2.5869567698487916,2271.531,-3.877965043695386,,-55.00000000000001,-8.000000000000007,19.020000457763672,17.299999237060547,-1.720001220703125,0,126.30999755859375,,,119.4078,-1.017037386423636,-2.0000000000000018,0.5715269388667954,-0.36167840916134786,0.3780807280823639,0.6539984143209665,1.9185987425770934,0.7222457361536483
2023-03-31,-2.5869567698487916,2375.171,-3.877965043695386,,-57.99999999999999,-3.000000000000025,18.700000762939453,16.510000228881836,-2.190000534057617,0,125.8499984741211,,,119.3602,-1.4612375774166964,-6.999999999999984,1.4436542471763847,0.9306102133869842,0.966108862105175,0.356001760732072,1.7480104536140129,-0.5706230646619459
2023-04-03,-2.5869567698487916,2221.01,-4.636707767507664,,-54.0,-6.00000000000005,18.549999237060547,17.030000686645508,-1.519998550415039,0,126.20999908447266,,,119.3204,-1.2037339100569366,-4.999999999999982,0.36988464765423945,0.5230462850863038,-0.18248989992232234,0.7192423186219932,6.2772566604202495,0.7567305441372518
2023-04-04,-2.5869567698487916,2219.375,-4.636707767507664,,-49.0,-7.000000000000028,19.0,17.420000076293945,-1.5799999237060547,0,127.02999877929688,,,119.142,-1.1146615761298162,-8.000000000000007,-0.5796972083329965,0.3521675948025882,0.33045299532277195,0.4902365225320615,0.3606079608682755,1.9305371382877246
2023-04-05,-3.4148795335477433,2243.011,-4.636707767507664,,-49.0,-9.000000000000075,19.079999923706055,16.989999771118164,-2.0900001525878906,0,126.9800033569336,,,119.2953,-1.7840926773163401,-5.000000000000027,-0.2492370531228194,-1.6762227080431846,0.5926180952305016,0.4902365225320615,-0.12389849492679961,-0.06428280037585887
2023-04-06,-3.4148795335477433,2173.663,-4.636707767507664,,-52.0,-9.000000000000075,18.399999618530273,15.680000305175781,-2.719999313354492,0,124.41999816894531,,,119.3072,-1.765237202462555,0.0,0.35791630944272956,-1.2246996904368257,-1.4419620405503486,0.0021078627259640825,0.11164413498225834,-0.4453461275309434
2023-04-10,-3.4148795335477433,2239.655,-4.636707767507664,,-59.0,-9.000000000000075,18.969999313354492,16.799999237060547,-2.1700000762939453,0,126.95999908447266,,,119.7948,-1.1937272614050753,2.0000000000000018,0.09963029974375814,0.4191740229783081,0.8701445456932966,-0.36932355513779047,-1.1895899885700834,-1.1332595333490847
2023-04-11,-3.4148795335477433,2297.208,-4.636707767507664,,-60.0,-10.000000000000053,19.100000381469727,16.860000610351562,-2.239999771118164,0,127.41999816894531,,,119.5248,-1.1290457334247717,2.0000000000000018,-0.004135247794623265,1.0483916453227327,1.4243188188324485,-0.05399229659827087,2.2447967939319913,0.7893053860986932
2023-04-12,-3.9115555016699055,2303.862,-4.636707767507664,,-54.0,-10.000000000000053,19.09000015258789,15.899999618530273,-3.190000534057617,0,130.0,,,119.003,-1.6618724594902545,-2.0000000000000018,-0.4134884052006904,0.5705976142155178,0.1091027387317034,0.41073111479392743,2.121922461469361,0.3042685274026846
2023-04-13,-3.9115555016699055,2321.699,-4.636707767507664,,-51.0,-10.000000000000053,17.799999237060547,14.649999618530273,-3.1499996185302734,0,132.36000061035156,,,118.3915,-3.0435377236034733,4.0000000000000036,1.326268999363811,0.26447416538013524,0.4320492109966656,-0.26508407720531313,-1.321160756543427,1.5117620988104763
2023-04-14,-3.9115555016699055,2253.786,-4.636707767507664,,-56.00000000000001,-10.000000000000053,17.06999969482422,13.350000381469727,-3.719999313354492,0,134.64999389648438,,,118.8567,-2.3540507434557822,6.999999999999984,-0.20693734728036706,1.1950859470925002,0.38373860942788607,0.5963727347617631,0.43816086284214073,-1.9154507774933327
2023-04-17,-3.9115555016699055,2256.845,-4.636707767507664,,-57.99999999999999,-10.000000000000053,16.950000762939453,14.510000228881836,-2.440000534057617,0,135.0399932861328,,,119.2787,-1.8801572501137231,8.000000000000007,0.330615690296554,0.07478412851846805,0.1718817452832866,1.4217517626995413,-2.0479821628224926,-0.39956049321235865
2023-04-18,-3.9115555016699055,2238.994,-4.636707767507664,,-61.0,-10.000000000000053,16.829999923706055,14.710000038146973,-2.119999885559082,0,137.1199951171875,,,119.1049,-1.5776673957828002,-2.0000000000000018,0.08552202959737354,0.5051793659359927,-0.18711152110141294,0.22802302858799806,0.037113421523327084,0.661923255711172
2023-04-19,-4.048615815515467,2294.677,-4.636707767507664,,-64.0,-10.000000000000053,16.459999084472656,14.300000190734863,-2.159998893737793,0,137.1199951171875,,,119.303,-1.3174982092016396,2.0000000000000018,-0.00842619976980652,-0.18169029356067679,0.15518671450553967,-0.6836999283405754,-2.102395418513703,-0.607754961333562
2023-04-20,-4.048615815515467,2277.259,-4.636707767507664,,-60.0,-10.000000000000053,17.170000076293945,15.130000114440918,-2.0399999618530273,0,133.49000549316406,,,119.1199,-1.2450496055021687,-6.000000000000005,-0.595254815297297,0.17761727399849825,-0.46483877549318153,-0.09198023884581241,-2.3623075544109917,0.621492818641034
2023-04-21,-4.048615815515467,2290.023,-4.636707767507664,,-60.0,-10.000000000000053,16.770000457763672,14.880000114440918,-1.890000343322754,0,132.94000244140625,,,119.3117,-0.3732505446368384,2.9999999999999805,0.09031888869577287,-0.325223565217414,-0.729980542932851,-1.9533541120506315,0.7504228544240599,-1.3996800123359354
2023-04-24,-4.048615815515467,2308.538,-4.636707767507664,,-60.0,-10.000000000000053,16.889999389648438,16.649999618530273,-0.23999977111816406,0,132.39999389648438,,,119.2039,-1.042588481800566,-4.999999999999982,0.08515791660903549,0.10205158210037091,-0.8214079211565029,-0.7830373124134926,1.1429297011133155,0.484969718915762
2023-04-25,-4.048615815515467,2275.402,-4.636707767507664,,-46.0,-10.000000000000053,18.760000228881836,19.079999923706055,0.31999969482421875,1,130.2899932861328,,,119.613,-0.5331211160367832,-12.00000000000001,-1.5810858882773227,0.09285593968584305,-1.3663554772637254,-0.3217855231770761,-2.1457623102689505,0.24634379740611223
2023-04-26,-4.2110148795210804,2279.561,-4.636707767507664,,-47.0,-10.000000000000053,18.84000015258789,19.280000686645508,0.4400005340576172,1,130.5,,,119.3228,-0.3266123036776092,3.000000000000025,-0.3841187197329843,-0.7113875233425881,-0.1683369909993404,-0.02358499736930808,-3.5941308603020916,-0.416251194991224
2023-04-27,-4.2110148795210804,2273.926,-4.636707767507664,,-54.0,-9.000000000000075,17.030000686645508,17.219999313354492,0.18999862670898438,1,136.60000610351562,,,119.4298,-0.24723159085177082,9.999999999999964,1.956614972249704,0.14501795386738792,0.44188053603388955,0.6672523667974772,0.6191104516539703,0.2115160067214017
2023-04-28,-4.2110148795210804,2325.479,-4.636707767507664,,-60.0,-9.000000000000075,15.779999732971191,15.529999732971191,-0.25,0,138.44000244140625,,,119.2248,-0.1532563199388881,-8.999999999999986,0.8253202753460531,1.401237802954669,0.2291829333498141,1.1379033334214972,2.7019751007838266,0.010048302398191211
2023-05-01,-4.2110148795210804,2239.866,-4.087966331144621,,-55.00000000000001,-9.000000000000075,16.079999923706055,16.06999969482422,-0.010000228881835938,0,135.66000366210938,,,119.4435,0.069788757056366,14.999999999999991,-0.03861064902076494,0.9243698787173571,0.2291829333498141,1.1379033334214972,-1.458706870270876,-0.3366640497496798
2023-05-02,-4.2110148795210804,2267.13,-4.087966331144621,,-53.0,-9.000000000000075,17.780000686645508,18.610000610351562,0.8299999237060547,1,131.08999633789062,,,119.6105,0.24312690872640985,-14.999999999999991,-1.1586262936400304,0.11938782654603575,0.9138352533659244,1.1379033334214972,-5.286809154627637,1.5579320375974648
2023-05-03,-4.876726683260301,2258.222,-4.087966331144621,,-51.0,-9.000000000000075,18.34000015258789,18.489999771118164,0.14999961853027344,1,130.41000366210938,,,119.1233,-0.015695556562755897,-6.000000000000005,-0.6998305064656485,0.11938782654603575,-0.9107147157405127,1.1379033334214972,-4.270171687984825,0.7099203897717121
2023-05-04,-4.876726683260301,2242.399,-4.087966331144621,,-38.0,-9.000000000000075,20.09000015258789,19.8799991607666,-0.21000099182128906,0,130.5399932861328,,,119.0465,-0.20855809072110043,-0.9999999999999787,-0.7218732334382416,0.11938782654603575,-0.018388140859404434,0.818168287453358,-0.058310373785841474,0.9563257738115283
2023-05-05,-4.876726683260301,2207.415,-4.087966331144621,,-48.0,-9.000000000000075,17.190000534057617,15.34000015258789,-1.8500003814697266,0,134.32000732421875,,,118.5548,-0.630640900130075,6.999999999999984,1.8474751389515376,0.11938782654603575,-0.018388140859404434,-0.476351340519654,4.054840837648799,-1.4941394329071045
2023-05-08,-4.876726683260301,2217.601,-4.087966331144621,,-48.0,-9.000000000000075,16.979999542236328,15.239999771118164,-1.739999771118164,0,132.32000732421875,,,118.5759,-0.6525088664292134,8.000000000000007,0.04521286642489297,-0.7135905128787368,0.49061632101212727,1.8143649722597077,2.5511738402656636,0.4411630963793378
2023-05-09,-4.876726683260301,2222.864,-4.087966331144621,,-48.0,-9.000000000000075,17.709999084472656,16.399999618530273,-1.3099994659423828,0,133.8800048828125,,,118.8239,-0.8104692357264298,0.9999999999999787,-0.4579421277258522,1.01188483140211,-0.12533383174141433,-1.0995604749631793,0.7517706326306994,0.4885704044411021
2023-05-10,-4.909311197216548,2233.149,-4.087966331144621,,-47.0,-9.000000000000075,16.940000534057617,14.59000015258789,-2.3500003814697266,0,138.6300048828125,,,118.5864,-0.785109031765796,-9.999999999999964,0.44839652634049987,-0.41254784494377805,-0.5398296658971735,-1.1472247251075651,-1.5601703163243719,-0.27993081762891503
2023-05-11,-4.909311197216548,2242.243,-4.087966331144621,,-50.0,-10.000000000000053,16.93000030517578,14.489999771118164,-2.440000534057617,0,138.6300048828125,,,119.0303,0.02294059813618965,-4.0000000000000036,-0.16966239932159066,0.015592979899614612,-0.22070849882721566,-0.2892262717283822,-2.3290998744135982,-0.7781358693979334
2023-05-12,-4.909311197216548,2229.199,-4.087966331144621,,-52.0,-10.000000000000053,17.030000686645508,14.09000015258789,-2.940000534057617,0,140.25999450683594,,,119.3671,0.8240456451687805,6.999999999999984,-0.15833068345566526,0.8980759653349324,-0.6254547621437179,-1.1237159389512308,-1.1711609974429105,-0.009924612931011545
2023-05-15,-4.909311197216548,2220.927,-4.087966331144621,,-49.0,-9.000000000000075,17.1200008392334,14.640000343322754,-2.4800004959106445,0,138.57000732421875,,,119.1608,0.2558543186879536,4.0000000000000036,0.2958164439133881,0.8099789922249245,0.1587680436163419,1.1728502228545157,1.5276980023382736,0.17374038222883748
2023-05-16,-4.909311197216548,2203.214,-4.087966331144621,,-52.0,-10.000000000000053,17.989999771118164,15.989999771118164,-2.0,0,137.32000732421875,,,119.1743,-0.08752610482843926,4.0000000000000036,-0.6377683373153031,0.7312762621627167,0.0358921710558846,-0.5965433727280312,-0.35156799023231544,-1.4667976008888806
2023-05-17,-5.467735044598099,2213.676,-4.087966331144621,,-55.00000000000001,-10.000000000000053,16.8700008392334,14.670000076293945,-2.200000762939453,0,137.52999877929688,,,119.607,0.4215611616314785,2.9999999999999805,1.1890829058788244,0.8397268752457165,0.5813922012295913,-0.20540961187012208,2.780131532224872,-0.38724970567511896
2023-05-18,-5.467735044598099,2238.266,-4.087966331144621,,-59.0,-10.000000000000053,16.049999237060547,14.0600004196167,-1.9899988174438477,0,138.05999755859375,,,120.0886,0.6584914042396361,8.000000000000007,0.9445048649426635,1.5961533543986883,0.8313754565782983,0.3985740331362786,-1.331870378025335,-1.2217878410890615
2023-05-19,-5.467735044598099,2276.72,-4.087966331144621,,-57.99999999999999,-10.000000000000053,16.809999465942383,14.25,-2.559999465942383,0,135.52000427246094,,,119.7751,0.5500340413314708,5.000000000000027,-0.14458676054706077,0.7667314089848221,0.890122349845357,-0.41791603517978837,-0.43139097684490313,1.1346767785266998
2023-05-22,-5.467735044598099,2275.311,-4.087966331144621,,-56.99999999999999,-10.000000000000053,17.209999084472656,15.520000457763672,-1.6899986267089844,0,136.24000549316406,,,120.0875,0.6502296086636994,2.0000000000000018,0.01550346964389604,0.9038806254011877,0.7601117021337922,0.3937802337356855,0.6149473001328065,-0.19709417496271975
2023-05-23,-5.467735044598099,2256.689,-4.087966331144621,,-56.00000000000001,-10.000000000000053,18.530000686645508,17.3700008392334,-1.1599998474121094,0,136.4199981689453,,,120.3204,0.9366304290379768,-2.0000000000000018,-1.122202674755013,-0.41513020615397966,0.4094502472836936,-1.523750585176309,1.277963363856216,-0.1215325275835788
2023-05-24,-5.3624739897699,2250.709,-4.087966331144621,,-57.99999999999999,-10.000000000000053,20.030000686645508,19.770000457763672,-0.26000022888183594,0,138.3699951171875,,,120.4752,0.7208246595269863,2.9999999999999805,-0.7318600335353365,-0.8885971047504326,-0.003898566896320954,-1.2780937441220885,1.9613120339539991,-0.48671544651746057
2023-05-25,-5.3624739897699,2197.638,-4.087966331144621,,-67.0,-9.000000000000075,19.139999389648438,18.459999084472656,-0.6800003051757812,0,140.72999572753906,,,120.8413,1.2725983634309657,10.000000000000009,0.8757581265902425,0.3860522388572818,-0.49699156783176157,-0.10890054557687323,-3.3763715771890745,-1.0036719356079749
2023-05-26,-5.3624739897699,2189.681,-4.087966331144621,,-74.0,-9.000000000000075,17.950000762939453,17.239999771118164,-0.7100009918212891,0,140.72999572753906,,,120.6304,1.0052767399761242,-3.000000000000025,1.304908677799732,0.37394629445868244,0.16127660428459922,0.3511114436217877,1.1694226875648805,0.05146415586252395
2023-05-30,-5.3624739897699,2200.479,-4.087966331144621,,-77.0,-9.000000000000075,17.459999084472656,16.510000228881836,-0.9499988555908203,0,145.13999938964844,,,120.5546,1.1153719695902176,-10.999999999999988,0.001660326849850513,0.30294707737301696,1.0438430491467976,0.08567600948203857,-4.417227418954872,0.7149850619113884
2023-05-31,-5.935984655161775,2254.859,-4.087966331144621,,-76.0,-7.000000000000028,17.940000534057617,16.850000381469727,-1.0900001525878906,0,158.3000030517578,,,120.9662,1.274828684691931,-4.999999999999982,-0.6108624209833935,-1.4053787221435798,-0.32488251029952897,-0.6094485961465224,-1.9723621719544338,0.30132913248530624
2023-06-01,-5.935984655161775,2160.055,-3.9165323120845197,,-72.0,-7.000000000000028,15.649999618530273,13.979999542236328,-1.6700000762939453,0,151.97999572753906,,,120.0491,0.3666902153238949,-3.000000000000025,0.9854453563032717,0.8421714245606671,-0.3084914536764516,0.0021789018608942,2.951978622903728,0.7179579108230971
2023-06-02,-5.935984655161775,2142.102,-3.9165323120845197,,-81.0,-8.000000000000007,14.600000381469727,12.739999771118164,-1.8600006103515625,0,142.61000061035156,,,120.0049,0.7400735204615705,8.000000000000007,1.4534424705965554,1.2078169370397074,1.2529410870333768,0.7938572152534462,2.3395141588396395,-1.2942353683487062
2023-06-05,-5.935984655161775,2131.417,-3.9165323120845197,,-77.0,-9.000000000000075,14.729999542236328,14.140000343322754,-0.5899991989135742,0,143.17999267578125,,,120.0048,0.8049795668079396,0.0,-0.20035816359177394,2.1989726277556576,0.5400945700449133,0.07336909097079847,0.5715133458575661,0.28682521593483834
2023-06-06,-5.935984655161775,2134.638,-3.9165323120845197,,-81.0,-10.000000000000053,13.960000038146973,13.829999923706055,-0.13000011444091797,0,146.27000427246094,,,119.9718,1.1952278608710953,1.000000000000023,0.23538963079141606,0.8981151264443099,0.5400945700449133,-1.147735277008266,-0.568265631931153,0.3830439223697635
2023-06-07,-5.930858215072144,2161.556,-3.9165323120845197,,-77.0,-10.000000000000053,13.9399995803833,13.859999656677246,-0.07999992370605469,0,151.00999450683594,,,119.859,1.0820917235289773,8.999999999999986,-0.38120096998572883,-1.8243550278664866,0.007271729987512465,0.0757328424655368,1.101200082313225,-1.1600126597875904
2023-06-08,-5.930858215072144,2141.798,-3.9165323120845197,,-79.0,-10.000000000000053,13.649999618530273,13.59000015258789,-0.05999946594238281,0,155.52999877929688,,,119.5712,0.6289138801200744,-6.000000000000005,0.6188642614241457,-0.8537723912144801,-0.18160268476271613,0.49503646542130575,-1.7096344748918968,1.0758235929050786
2023-06-09,-5.930858215072144,2127.652,-3.9165323120845197,,-84.0,-10.000000000000053,13.829999923706055,13.289999961853027,-0.5399999618530273,0,152.77999877929688,,,119.4322,0.7132352445136991,2.0000000000000018,0.1148059539441082,1.9717931671762168,1.160917452914445,0.554514537678541,-1.5710516653087758,-0.07129886084077386
2023-06-12,-5.930858215072144,2126.87,-3.9165323120845197,,-82.0,-10.000000000000053,15.010000228881836,15.350000381469727,0.3400001525878906,1,157.7100067138672,,,119.6376,0.5102062248016015,-2.0000000000000018,0.9321148810237156,0.5232579854183239,-0.44714499864163537,-0.07983617227599327,-4.346580450265847,-0.3516411433824196
2023-06-13,-5.930858215072144,2074.52,-3.9165323120845197,,-83.0,-10.000000000000053,14.609999656677246,14.399999618530273,-0.21000003814697266,0,156.44000244140625,,,119.1899,-0.14844961467607165,10.999999999999988,0.6932489951473775,1.8025788909786122,0.32707145097530255,0.14989465635832921,3.426691490235978,-0.5472343361623944
2023-06-14,-6.091260822934885,2109.105,-3.9165323120845197,,-91.0,-10.000000000000053,13.880000114440918,12.710000038146973,-1.1700000762939453,0,150.3699951171875,,,118.776,-0.32292498875469144,-0.9999999999999787,0.08194255259321714,1.465152150051563,-0.7153233911239454,-0.14472508801737227,-1.6565853589914914,0.550245468298094
2023-06-15,-6.091260822934885,1992.14,-3.9165323120845197,,-90.0,-9.000000000000075,14.5,13.579999923706055,-0.9200000762939453,0,147.86000061035156,,,118.5521,-0.52209243100233,-10.999999999999988,1.217813742034668,-0.05054438694963581,-0.40243286757560837,0.7429564757688745,3.4422238451278675,0.12785761456397537
2023-06-16,-6.091260822934885,2011.556,-3.9165323120845197,,-93.0,-10.000000000000053,13.539999961853027,11.329999923706055,-2.2100000381469727,0,143.07000732421875,,,118.4184,-0.9937545461386033,4.999999999999982,-0.36716195284263176,0.6587625119790053,0.6612894470348962,0.6255832430090091,1.642588484281804,0.030645396413020443
2023-06-20,-6.091260822934885,1989.489,-3.9165323120845197,,-94.0,-10.000000000000053,13.880000114440918,12.920000076293945,-0.9600000381469727,0,138.75,,,118.938,-0.9581259170312606,-2.9999999999999805,-0.47351076976228645,0.05540319903432067,-0.17589913357444198,-0.47453478224550594,-1.7832248552030583,-1.1693231274807592
2023-06-21,-6.405460455639389,2037.102,-3.9165323120845197,,-96.0,-10.000000000000053,13.199999809265137,12.029999732971191,-1.1700000762939453,0,133.72000122070312,,,118.727,-0.8750566687065975,-2.0000000000000018,-0.5245281583003636,0.5577614479732818,-0.8553090144615916,-1.3103545183410947,2.879430892619683,-0.11366319668689728
2023-06-22,-6.405460455639389,1994.711,-3.9165323120845197,,-97.0,-10.000000000000053,12.90999984741211,11.149999618530273,-1.760000228881836,0,136.14999389648438,,,118.7552,-1.109441032580416,7.999999999999963,0.3710798414438443,-0.9240816657041129,0.42863549411578106,-1.3103545183410947,-4.163789733756951,-1.0655406370437381
2023-06-23,-6.405460455639389,1969.38,-3.9165323120845197,,-97.0,-10.000000000000053,13.4399995803833,11.609999656677246,-1.8299999237060547,0,137.85000610351562,,,119.152,-0.9710738993553902,-5.999999999999961,-0.7658808766684566,-1.4530034668461922,-0.9098914276866266,-1.3103545183410947,-0.503522462040995,0.334606816408467
2023-06-26,-6.405460455639389,1961.027,-3.9165323120845197,,-93.0,-10.000000000000053,14.25,12.680000305175781,-1.5699996948242188,0,140.08999633789062,,,119.0761,-1.16131784798863,-2.0000000000000018,-0.44868382932564677,-0.25236312263213767,0.47079308415494125,-1.4784635729717,0.3036423848365333,0.23969442157556475
2023-06-27,-6.405460455639389,1951.098,-3.9165323120845197,,-97.0,-10.000000000000053,13.739999771118164,12.050000190734863,-1.6899995803833008,0,140.08999633789062,,,118.8949,-1.6107075974852947,4.999999999999982,1.1455854954693034,-0.49078381160055917,-0.03137087015211426,1.2321328111560392,-2.4073889753768674,-0.5042341018913099
2023-06-28,-6.424362989707921,1945.211,-3.9165323120845197,,-100.0,-9.000000000000075,13.430000305175781,11.739999771118164,-1.6900005340576172,0,138.3699951171875,,,119.3382,-1.0712059315064804,-6.000000000000005,-0.035407668843834283,2.0150333515910557,-0.6663058231275887,-0.0018830451381179891,2.7474160918700807,-0.08881667564655249
2023-06-29,-6.424362989707921,1934.684,-3.9165323120845197,,-102.0,-9.000000000000075,13.539999961853027,11.75,-1.7899999618530273,0,143.0500030517578,,,119.527,-0.8523938530756947,14.000000000000012,0.4473544672805918,0.12096269785297764,-0.5526081218160006,-0.21947840198411894,0.43128674854409077,-0.16211355839005348
2023-06-30,-6.424362989707921,2034.319,-3.9165323120845197,,-106.0,-6.00000000000005,13.59000015258789,11.529999732971191,-2.060000419616699,0,149.9600067138672,,,119.3606,-1.3273129188153376,-4.0000000000000036,1.2269004495714109,-0.13570852638828956,0.5592116789830737,0.6184106393940958,1.1165169946782072,0.623299011020717
2023-07-03,-6.424362989707921,1909.639,-3.958575836520517,,-108.0,-9.000000000000075,13.569999694824219,12.0,-1.5699996948242188,0,149.9600067138672,,,119.2119,-0.6973813214759539,4.999999999999982,0.11706778016009611,1.7002271787301737,1.4893046379463426,1.3091547662416492,-1.2032821085296463,0.031230836164808373
2023-07-05,-6.675089359909425,1867.061,-3.958575836520517,,-99.0,-9.000000000000075,14.180000305175781,12.569999694824219,-1.6100006103515625,0,144.0800018310547,,,119.3483,-0.5471443249400743,9.00000000000003,-0.19683184132291975,-0.2507899274967196,-0.551806697634516,-0.69022280525457,2.865740039781306,-0.10927697555785931
2023-07-06,-6.675089359909425,1854.256,-3.958575836520517,,-94.0,-9.000000000000075,15.4399995803833,13.960000038146973,-1.4799995422363281,0,148.4499969482422,,,119.8193,-0.15457715024732588,9.999999999999964,-0.7922511336500904,-1.6967659229543575,-0.8805723512020136,-0.5392538846649031,0.013932492133883478,-0.5678279096005601
2023-07-07,-6.675089359909425,1822.303,-3.958575836520517,,-88.0,-9.000000000000075,14.829999923706055,12.600000381469727,-2.229999542236328,0,148.1300048828125,,,119.0761,-0.7465921158138822,0.9999999999999787,-0.28651005386203243,-1.17352509739993,-1.1571487457600171,-0.27951224732035707,2.8690772577109502,0.9168544269755774
2023-07-10,-6.675089359909425,1811.981,-3.958575836520517,,-84.0,-9.000000000000075,15.069999694824219,13.5,-1.5699996948242188,0,142.49000549316406,,,118.9548,-0.7543864040247206,-4.999999999999982,0.2405026057131332,-0.6134583088778789,-0.23785910763557405,0.22179257124723684,-1.1779078518719954,-0.06229629333885933
2023-07-11,-6.675089359909425,1775.796,-3.958575836520517,,-89.0,-9.000000000000075,14.84000015258789,13.699999809265137,-1.140000343322754,0,142.49000549316406,,,118.7344,-0.6998340737568998,-1.9999999999999574,0.674221105588857,0.0429945934571796,1.6578743948906682,0.5515549609807158,2.5208987822131323,0.32727526379869865
2023-07-12,-6.732834472457827,1820.146,-3.958575836520517,,-86.0,-10.000000000000053,13.539999961853027,11.380000114440918,-2.1599998474121094,0,148.32000732421875,,,117.6385,-1.5018562833138849,-13.000000000000034,0.7411233485312474,-0.806247948536376,0.477269394821378,-0.7835248188443722,1.2294509507328577,1.2892819196508976
2023-07-13,-6.732834472457827,1767.432,-3.958575836520517,,-83.0,-9.000000000000075,13.609999656677246,12.130000114440918,-1.4799995422363281,0,147.0800018310547,,,117.1831,-2.051612536526981,-10.000000000000009,0.8470153458069118,1.4882339000734435,0.641235161628706,1.2624673944959586,1.5049496893048575,0.15335855612319538
2023-07-14,-6.732834472457827,1740.777,-3.958575836520517,,-91.0,-10.000000000000053,13.34000015258789,11.899999618530273,-1.4400005340576172,0,149.47999572753906,,,117.0463,-1.7984745351745324,7.000000000000028,-0.10244071333035398,-0.08658510966251809,1.4305973857507315,0.03769436889728972,-1.9118236862686544,0.04593836445965227
2023-07-17,-6.732834472457827,1728.322,-3.958575836520517,,-93.0,-9.000000000000075,13.479999542236328,13.09000015258789,-0.3899993896484375,0,142.24000549316406,,,117.1267,-1.3885801845490597,-2.0000000000000018,0.38553825145495324,-0.08658510966251809,-0.35384273695355795,-0.8669755932514733,-1.6838990637755513,-0.39283461393714303
2023-07-18,-6.732834472457827,1716.862,-3.958575836520517,,-94.0,-9.000000000000075,13.300000190734863,13.149999618530273,-0.15000057220458984,0,141.86000061035156,,,117.0264,-1.286944727254935,-1.000000000000023,0.7117275205842377,0.3168473845031272,-0.4345125167048547,-0.36794941735700526,2.1577861647955388,1.2702277426602349
2023-07-19,-7.019283615303962,1732.804,-3.958575836520517,,-99.0,-10.000000000000053,13.760000228881836,13.359999656677246,-0.40000057220458984,0,141.25,,,117.3462,-0.9054336150463138,-4.999999999999982,0.2357910335732072,1.2375884120524594,0.02377160088578023,0.03189733973285591,-0.5280548196421209,0.015175441813419788
2023-07-20,-7.019283615303962,1721.001,-3.958575836520517,,-95.0,-9.000000000000075,13.989999771118164,13.569999694824219,-0.4200000762939453,0,142.82000732421875,,,117.5947,-1.1294119625350985,10.000000000000009,-0.6756896218903741,-1.2327071179749072,-0.3071040163334482,-0.9165843728909051,0.37159759119709257,-0.46523141197850615
2023-07-21,-7.019283615303962,1770.752,-3.958575836520517,,-98.0,-10.000000000000053,13.600000381469727,12.5,-1.1000003814697266,0,142.5500030517578,,,117.9418,-0.6613491455187082,-1.000000000000023,0.03240945218980773,-0.5733042559410095,0.36650716930650695,-0.05584503395916762,1.9040096439262744,-0.2032210486598074
2023-07-24,-7.019283615303962,1770.867,-3.958575836520517,,-95.0,-10.000000000000053,13.90999984741211,13.40999984741211,-0.5,0,143.75,,,117.8124,-0.7939020775511341,2.0000000000000018,0.4034153877153557,1.2279791455458655,0.7192239692927149,-0.11333242492700402,2.1668589276735872,-0.20363487759348375
2023-07-25,-7.019283615303962,1720.716,-3.958575836520517,,-94.0,-9.000000000000075,13.859999656677246,13.489999771118164,-0.36999988555908203,0,142.17999267578125,,,117.8565,-1.0872666845709755,5.000000000000027,0.2814673351556163,-0.056358281469004456,0.30168693346623865,2.1288464961611187,1.1303015161217678,0.09181894164052018
2023-07-26,-7.274012475134994,1749.733,-3.958575836520517,,-96.0,-9.000000000000075,13.1899995803833,11.739999771118164,-1.4499998092651367,0,143.5800018310547,,,117.76,-1.1052595776986252,-5.000000000000027,-0.015543889679858758,-0.043356284375395404,-1.6726919493950332,-0.26272435829151064,-1.0674350162489965,0.3465699461157268
2023-07-27,-7.274012475134994,1735.783,-3.958575836520517,,-90.0,-9.000000000000075,14.40999984741211,13.470000267028809,-0.9399995803833008,0,147.92999267578125,,,117.8938,-0.8420041566122749,14.999999999999991,-0.6424666064487883,0.6820680621229425,0.4416805805294466,-0.19733317294789998,1.6628555202999218,-1.1935598409570591
2023-07-28,-7.274012475134994,1730.227,-3.958575836520517,,-91.0,-10.000000000000053,13.329999923706055,11.229999542236328,-2.1000003814697266,0,143.47999572753906,,,117.788,-1.298997303461924,-4.999999999999982,0.9877842794752345,-0.4011098631768073,0.17320809368333023,1.8422782319885034,0.6118185985385605,0.7710496459214289
2023-07-31,-7.274012475134994,1821.124,-3.958575836520517,,-91.0,-9.000000000000075,13.630000114440918,12.619999885559082,-1.010000228881836,0,145.47000122070312,,,117.8241,-1.424699021978293,1.000000000000023,0.14687129405193122,1.2606776024362443,0.9301009511798242,0.4612463556052715,1.5140248113433952,0.5151997276145792
2023-08-01,-7.274012475134994,1739.554,-3.9733110309168818,,-87.0,-9.000000000000075,13.930000305175781,13.010000228881836,-0.9200000762939453,0,142.57000732421875,,,118.5738,-0.6591789920627034,7.999999999999963,-0.2665087639215691,0.9175128660937171,1.3101212198999734,-0.002767041787521407,-0.5256727251021109,-1.512308999143619
2023-08-02,-7.52546024505838,1770.186,-3.9733110309168818,,-80.0,-10.000000000000053,16.09000015258789,15.399999618530273,-0.6900005340576172,0,145.75,,,119.1268,-0.0713854908780065,3.000000000000025,-1.3839541336347905,-2.2967958941442768,-1.8972166594549256,-0.8890758692664869,-2.3104397435840918,-0.170037967786818
2023-08-03,-7.52546024505838,1776.774,-3.9733110309168818,,-70.0,-10.000000000000053,15.920000076293945,15.0600004196167,-0.8599996566772461,0,147.3800048828125,,,119.3963,0.04021841953341099,12.00000000000001,-0.25479738404268204,-1.6767010003441385,-0.42347430886136017,0.5755589757454382,2.591527542268568,-0.27872531981079085
2023-08-04,-7.52546024505838,1793.804,-3.9733110309168818,,-73.0,-10.000000000000053,17.100000381469727,16.09000015258789,-1.010000228881836,0,153.35000610351562,,,118.821,-0.8331712837581273,-15.000000000000036,-0.5300074155050516,0.10407790179629561,-0.09940330840223499,0.23231763333704247,1.5573226186887723,0.3933734775329878
2023-08-07,-7.52546024505838,1810.583,-3.9733110309168818,3.97,-67.0,-10.000000000000053,15.770000457763672,14.680000305175781,-1.0900001525878906,0,148.5399932861328,,,119.0809,0.0040310356150374815,4.0000000000000036,0.902409277936278,0.19200145024889093,-0.8487047593444874,-0.5855364333450797,-1.0625419665063918,-0.31449657984733426
2023-08-08,-7.52546024505838,1778.351,-3.9733110309168818,4.0,-72.0,-10.000000000000053,15.989999771118164,14.8100004196167,-1.1799993515014648,0,142.3000030517578,,,119.6407,0.5766055678291249,-7.000000000000028,-0.4218283044793103,0.3804997294774459,-0.26078019500901384,-0.25118879999092014,1.1959918212595122,-0.4861662484645701
2023-08-09,-7.555879861310865,1796.519,-3.9733110309168818,3.94,-79.0,-10.000000000000053,15.960000038146973,15.329999923706055,-0.630000114440918,0,137.1199951171875,,,119.476,0.6245873142071812,-1.9999999999999574,-0.7038730380597102,-0.5341984748665207,1.2098049306925374,-0.49469506944704866,1.7848569580502849,-0.4521569191967556
2023-08-10,-7.555879861310865,1759.897,-3.9733110309168818,3.83,-73.0,-10.000000000000053,15.850000381469727,15.380000114440918,-0.4700002670288086,0,136.5800018310547,,,119.1581,1.291753975101706,8.999999999999986,0.025071394456976925,0.8362860268996464,-0.13665621674264772,0.31037446223243226,-1.87204005034316,-0.0522084153312008
2023-08-11,-7.555879861310865,1773.236,-3.9733110309168818,3.83,-73.0,-10.000000000000053,14.84000015258789,13.630000114440918,-1.2100000381469727,0,135.16000366210938,,,119.6268,2.0853689653201,7.000000000000028,-0.10696923700230787,0.8362860268996464,-0.3959181643376164,-2.0067246392118987,0.44675531024562787,-0.07835353013323498
2023-08-14,-7.555879861310865,1799.311,-3.9733110309168818,3.79,-77.0,-10.000000000000053,14.819999694824219,14.569999694824219,-0.25,0,136.89999389648438,,,120.0725,2.5854725864892902,3.000000000000025,0.5750475751703066,-1.2740798444219381,-0.7868717342637166,-0.33926686084110314,-0.8174062810669236,-0.12023884148516517
2023-08-15,-7.555879861310865,1743.784,-3.9733110309168818,3.85,-71.0,-10.000000000000053,16.459999084472656,16.559999465942383,0.10000038146972656,1,136.69000244140625,,,120.2127,2.6347536471188926,1.9999999999999574,-1.1550909428841738,0.5582687782894835,-0.7868717342637166,-0.07078966811889797,-1.8422060757570802,-0.4239493190328014
2023-08-16,-7.955411682257674,1796.725,-3.9733110309168818,3.81,-69.0,-10.000000000000053,16.780000686645508,16.360000610351562,-0.4200000762939453,0,132.08999633789062,,,120.3551,2.8444009215014665,7.000000000000028,-0.7555395210577687,-1.4642883280044594,-1.7593352657915062,-0.8201691777162345,-1.9879005467560162,-0.33640075763797794
2023-08-17,-7.955411682257674,1794.12,-3.9733110309168818,3.95,-64.0,-10.000000000000053,17.889999389648438,17.469999313354492,-0.4200000762939453,0,132.50999450683594,,,120.5242,2.7082257456994663,1.9999999999999574,-0.7712913029036983,-0.4432936979990698,-0.2292407139627861,0.43204908775773543,1.2723635313391046,-0.6328780209119422
2023-08-18,-7.955411682257674,1819.201,-3.9733110309168818,4.02,-66.0,-10.000000000000053,17.299999237060547,16.540000915527344,-0.7599983215332031,0,134.77000427246094,,,120.4321,2.412863845054236,-4.0000000000000036,-0.014870682600087726,-0.5541017971763762,-0.6091670957144357,-1.004824643005664,1.0697855664647538,0.10615147953483284
2023-08-21,-7.955411682257674,1824.788,-3.9733110309168818,3.97,-63.0,-10.000000000000053,17.1299991607666,16.81999969482422,-0.3099994659423828,0,133.58999633789062,,,120.4627,2.13741014636033,8.000000000000007,0.6879188518795987,0.3652721277040971,0.1716929058943828,-1.244271821410925,-0.6523061899038507,0.38174398681865007
2023-08-22,-7.955411682257674,1812.294,-3.9733110309168818,3.93,-68.0,-10.000000000000053,16.969999313354492,16.389999389648438,-0.5799999237060547,0,134.05999755859375,,,120.3554,2.1585164210218943,0.0,-0.2777466728829614,0.9221112156661659,0.27662393459739754,0.8842636495857592,-0.45837802401709205,0.16373398330900013
2023-08-23,-8.048072651714367,1816.533,-3.9733110309168818,3.92,-76.0,-10.000000000000053,15.979999542236328,15.34000015258789,-0.6399993896484375,0,131.82000732421875,,,120.0307,1.8447858200438594,-14.999999999999947,1.1044879965972587,0.4819983721051635,-0.40703690660103264,-1.3437737268630845,-1.8170492995627008,1.165364654156531
2023-08-24,-8.048072651714367,1731.623,-3.9733110309168818,3.91,-75.0,-10.000000000000053,17.200000762939453,16.100000381469727,-1.1000003814697266,0,132.47999572753906,,,120.2354,2.10207201086956,4.0000000000000036,-1.3457974663146133,0.8651950152944732,1.2843716479993939,0.12474298377223025,0.20281868848686102,-0.015639761695329657
2023-08-25,-8.048072651714367,1687.379,-3.9733110309168818,3.9,-78.0,-10.000000000000053,15.680000305175781,13.779999732971191,-1.9000005722045898,0,132.27000427246094,,,120.5137,2.2222542661276545,1.9999999999999574,0.6717966037625089,-2.0532329097990853,-0.7305901280668547,-0.5895038002416642,0.9867156852431336,-0.3701374083343034
2023-08-28,-8.048072651714367,1708.605,-3.9733110309168818,3.86,-78.0,-10.000000000000053,15.079999923706055,13.529999732971191,-1.5500001907348633,0,130.19000244140625,,,120.3155,2.1458043264169557,-4.999999999999982,0.6264619755036449,1.7256075067422216,0.9634248420563818,1.1282321698752762,0.3382145019084515,0.35581858170659064
2023-08-29,-8.048072651714367,1693.278,-3.9733110309168818,3.87,-75.0,-10.000000000000053,14.449999809265137,13.300000190734863,-1.1499996185302734,0,135.22999572753906,,,120.2669,2.0732600546068403,-8.000000000000007,1.450830719454621,0.17712305268005046,0.34402633874863753,1.2021403354814275,1.3233523198265207,0.9698094451831452
2023-08-30,-7.985152660412709,1696.819,-3.9733110309168818,3.8,-78.0,-10.000000000000053,13.880000114440918,12.420000076293945,-1.4600000381469727,0,142.13999938964844,,,119.7937,1.0288107490862286,0.0,0.3833182103508026,0.33043823869141065,0.3549957254152636,0.039861093431836636,0.579095083910186,0.40279105748128874
2023-08-31,-7.985152660412709,1651.602,-3.9733110309168818,3.85,-76.0,-9.000000000000075,13.569999694824219,11.789999961853027,-1.7799997329711914,0,144.6999969482422,,,120.225,0.9218748426046863,-3.000000000000025,-0.1596936512094249,0.8841580763735646,-0.19326536683672568,-0.5501829805696246,2.4500797100250438,-0.3137426067507776
2023-09-01,-7.985152660412709,1574.065,-3.656696671045856,3.81,-69.0,-9.000000000000075,13.09000015258789,10.449999809265137,-2.640000343322754,0,144.27999877929688,,,120.759,1.1413251499418298,8.999999999999986,0.1799129260001031,0.2798318338514516,0.291046773204906,0.4285458956659216,2.295833865116359,0.08255586093077749
2023-09-05,-7.985152660412709,1568.49,-3.656696671045856,3.83,-67.0,-9.000000000000075,14.010000228881836,12.890000343322754,-1.119999885559082,0,139.6199951171875,,,121.4345,2.199527019634573,8.999999999999986,-0.4194177587506065,0.29624912391801317,-0.09170328075382983,-0.7141804368751226,1.332553300972683,-0.7011082232143528
2023-09-06,-8.173319258555578,1606.244,-3.656696671045856,3.86,-71.0,-10.000000000000053,14.449999809265137,13.100000381469727,-1.3499994277954102,0,137.8800048828125,,,121.8671,2.3397538984001542,3.000000000000025,-0.6971599351452862,0.6182743158633208,-0.7296100290745344,0.11761336811064727,0.9805034608178831,-0.4205158234486306
2023-09-07,-8.173319258555578,1535.289,-3.656696671045856,3.9,-67.0,-9.000000000000075,14.399999618530273,13.100000381469727,-1.2999992370605469,0,135.58999633789062,,,121.9528,1.9325363358790204,-3.000000000000025,-0.32112659361860363,-0.751906559349147,-0.5882979865309057,-1.1313829790523644,-0.7653623051613101,-0.031279682684648424
2023-09-08,-8.173319258555578,1525.403,-3.656696671045856,3.85,-72.0,-10.000000000000053,13.84000015258789,12.380000114440918,-1.4600000381469727,0,138.17999267578125,,,121.9475,2.06861629113797,-0.9999999999999787,0.14266227216406246,-1.1646733089296424,-0.022763694551453106,-0.18031696565197208,0.7367323234873657,0.04693738795631397
2023-09-11,-8.173319258555578,1549.111,-3.656696671045856,3.82,-68.0,-10.000000000000053,13.800000190734863,13.270000457763672,-0.5299997329711914,0,138.2100067138672,,,121.3386,1.8299217594103911,3.000000000000025,0.6723453106275201,-0.42653651439840123,0.36111094873485516,0.8361373122613536,-0.25140122881112115,0.2554224536959637
2023-09-12,-8.173319258555578,1493.781,-3.656696671045856,3.84,-71.0,-10.000000000000053,14.229999542236328,14.050000190734863,-0.17999935150146484,0,136.25,,,121.2913,1.3914106203626542,-2.000000000000046,-0.5695885604828921,0.9505162362687614,-0.7939287576219978,-0.182003533489572,1.7756849651809015,-0.6239276085554968
2023-09-13,-8.309747837566949,1546.225,-3.656696671045856,3.85,-71.0,-10.000000000000053,13.479999542236328,12.470000267028809,-1.0099992752075195,0,137.4199981689453,,,121.0549,0.8181723542026731,-1.9999999999999574,0.12416323054647016,-0.2131156078877816,-0.07412054400879331,-0.44595863557187476,-0.36019778029610094,-0.11510873154303436
2023-09-14,-8.309747837566949,1492.427,-3.656696671045856,3.78,-71.0,-10.000000000000053,12.819999694824219,11.800000190734863,-1.0199995040893555,0,144.32000732421875,,,121.2395,0.8541526810395217,4.0000000000000036,0.8429918867167929,1.4112844713084716,1.506684899275501,0.11142819061302767,1.8526966575200587,0.047143912082781014
2023-09-15,-8.309747837566949,1401.403,-3.656696671045856,3.79,-69.0,-9.000000000000075,13.789999961853027,12.510000228881836,-1.2799997329711914,0,142.9199981689453,,,121.199,0.7011751059988303,4.0000000000000036,-1.2159612938677844,1.1004195719861665,1.1034338002821498,-0.2817821066722459,0.6765671652400274,0.7172749304646509
2023-09-18,-8.309747837566949,1452.942,-3.656696671045856,3.82,-73.0,-9.000000000000075,14.0,13.619999885559082,-0.38000011444091797,0,137.64999389648438,,,121.1938,0.5555730716320983,-0.9999999999999787,0.07212876971294246,1.1004195719861665,-1.021038038758526,0.2626884035199506,0.7822041865432006,0.40547117669642585
2023-09-19,-8.309747837566949,1453.324,-3.656696671045856,3.82,-71.0,-9.000000000000075,14.109999656677246,14.229999542236328,0.11999988555908203,1,137.30999755859375,,,121.1645,0.6081435099113852,4.999999999999982,-0.2151010615372817,-0.8663084772492113,-0.6023959864415618,-0.0310298287017563,-0.3060848255534987,0.025886616619197333
2023-09-20,-8.990924373712827,1486.984,-3.656696671045856,3.77,-77.0,-10.000000000000053,15.140000343322754,15.270000457763672,0.13000011444091797,1,135.74000549316406,,,120.9648,0.4168095186310783,-2.000000000000046,-0.9394794758059599,-0.6582176502446524,0.0207106609057206,-0.5245457832428468,-1.0087699558448793,0.7039324837441852
2023-09-21,-8.990924373712827,1454.115,-3.656696671045856,3.89,-63.0,-10.000000000000053,17.540000915527344,18.8799991607666,1.3399982452392578,1,135.94000244140625,,,121.5528,0.9948868102303665,14.000000000000057,-1.6400934103219411,-1.3709876216098094,-1.7490065280868938,-0.7677871809542269,-0.7199839772571659,-1.35690916659843
2023-09-22,-8.990924373712827,1427.575,-3.656696671045856,3.93,-66.0,-10.000000000000053,17.200000762939453,17.510000228881836,0.3099994659423828,1,137.74000549316406,,,121.5306,1.2495969781064487,-4.999999999999982,-0.22955984771939608,-0.5176966901723867,-0.27197493291392094,1.5473447231821869,0.4462808637023086,0.32305509586958436
2023-09-25,-8.990924373712827,1437.31,-3.656696671045856,3.97,-54.0,-9.000000000000075,16.899999618530273,17.559999465942383,0.6599998474121094,1,133.05999755859375,,,122.1143,1.5626845338394535,10.999999999999943,0.40230650909416354,0.8524334549284251,-0.49319108757653884,-0.5371210545296101,-0.3887576128697834,-0.45705041635714094
2023-09-26,-8.990924373712827,1438.301,-3.656696671045856,4.04,-48.0,-9.000000000000075,18.940000534057617,19.850000381469727,0.9099998474121094,1,136.3000030517578,,,122.4742,1.626786000263869,0.9999999999999787,-1.4734533990868215,-1.1125572895551827,-1.3138298127302384,-0.4279738959118262,0.7917028122843117,-0.8452442543166794
2023-09-27,-9.021624188639576,1442.805,-3.656696671045856,4.03,-49.0,-8.000000000000007,18.219999313354492,18.920000076293945,0.7000007629394531,1,135.3800048828125,,,122.9895,2.2224900366120792,5.000000000000071,0.022931406074522265,0.17592300801205774,0.08526688027992169,0.16255722280240636,3.639784199295071,-1.515472977169885
2023-09-28,-9.021624188639576,1453.366,-3.656696671045856,4.09,-45.0,-9.000000000000075,17.34000015258789,17.6299991607666,0.28999900817871094,1,133.47999572753906,,,122.5342,1.8852236151426505,-2.000000000000046,0.5893173970516585,-1.5426368342577157,0.08526688027992169,0.10166908582520673,-2.1029047974867265,-0.5984158643926429
2023-09-29,-9.021624188639576,1557.569,-3.656696671045856,4.03,-44.0,-9.000000000000075,17.520000457763672,17.200000762939453,-0.31999969482421875,0,134.5,,,122.3077,2.0986078566735955,0.0,-0.2709582086142026,-0.046749961547254415,0.08526688027992169,0.10166908582520673,-1.003160154977123,-0.6611507561121943
2023-10-02,-9.021624188639576,1365.739,-3.385187359358177,4.11,-43.0,-8.000000000000007,17.610000610351562,17.610000610351562,0.0,0,134.5,,,123.0545,2.3535038469536307,10.000000000000053,0.007936755559079245,-0.3067971929056168,0.08526688027992169,0.10166908582520673,-2.169843816320749,-0.9793829243571639
2023-10-03,-9.021624188639576,1348.465,-3.385187359358177,4.26,-34.0,-7.000000000000028,19.780000686645508,19.899999618530273,0.11999893188476562,1,129.77999877929688,,,123.7848,2.505651752664395,11.999999999999922,-1.3744071674259506,-1.6433985019056907,0.08526688027992169,0.10166908582520673,0.46161187065763,-0.29508330131489124
2023-10-04,-9.170751678292167,1342.031,-3.385187359358177,4.37,-32.0,-8.000000000000007,18.579999923706055,18.299999237060547,-0.2800006866455078,0,130.67999267578125,,,123.5946,1.7788190341295085,-7.999999999999918,0.8109754957160709,-2.276265996407989,-2.4088616269088647,0.10166908582520673,-5.614705757871263,-0.3343185173494634
2023-10-05,-9.170751678292167,1265.132,-3.385187359358177,4.38,-31.0,-8.000000000000007,18.489999771118164,18.360000610351562,-0.12999916076660156,0,129.75,,,123.8993,1.667554245567504,-1.0000000000000675,-0.1304030159777203,1.7967067063012987,-0.08687086868636174,0.10166908582520673,-2.267874180034868,-0.10448305823824722
2023-10-06,-9.170751678292167,1283.461,-3.385187359358177,4.33,-30.0,-9.000000000000075,17.450000762939453,16.290000915527344,-1.1599998474121094,0,129.36000061035156,,,123.3563,1.150855084918101,6.00000000000005,1.1814893014644445,-0.2596573450729389,0.2134249710466385,0.10166908582520673,0.5831653154793282,0.748649992772954
2023-10-09,-9.170751678292167,1283.461,-3.385187359358177,4.34,-30.0,-9.000000000000075,17.700000762939453,17.8799991607666,0.17999839782714844,1,133.63999938964844,,,123.3563,1.150855084918101,6.00000000000005,0.630385429964031,-0.2596573450729389,0.2134249710466385,-0.43572052789739857,4.336268025354406,1.054532255656948
2023-10-10,-9.170751678292167,1222.44,-3.385187359358177,4.26,-30.0,-9.000000000000075,17.030000686645508,17.110000610351562,0.07999992370605469,1,135.1699981689453,,,122.9282,0.8041985280551112,-12.00000000000001,0.5207990781392224,2.425769904616293,-0.25531721669164176,-0.7001186362499356,-0.474642331270303,0.621789672884554
2023-10-11,-9.21244269730832,1239.382,-3.385187359358177,4.25,-41.0,-9.000000000000075,16.09000015258789,15.170000076293945,-0.9200000762939453,0,137.61000061035156,,,122.7697,1.179426827077279,-8.000000000000007,0.429300817103373,0.5984290974720752,1.9770412829307027,0.12083819360197978,-2.8847310942416993,0.634070329292058
2023-10-12,-9.21244269730832,1157.319,-3.385187359358177,4.25,-36.0,-9.000000000000075,16.690000534057617,15.869999885559082,-0.8200006484985352,0,136.1300048828125,,,123.2101,1.581976613326752,12.00000000000001,-0.624643434611849,1.747687504743456,1.2138374782074246,0.9400856558080317,-0.6946870481498002,-0.18688594130430447
2023-10-13,-9.21244269730832,1151.818,-3.385187359358177,4.3,-41.0,-9.000000000000075,19.31999969482422,18.760000228881836,-0.5599994659423828,0,144.3000030517578,,,123.5954,2.0986345864562272,-7.000000000000028,-0.5018858888767519,-0.5498439467157668,-0.9545114307944469,-0.6371110927118284,5.765285934345443,3.108113950051017
2023-10-16,-9.21244269730832,1108.819,-3.385187359358177,4.27,-38.0,-9.000000000000075,17.209999084472656,17.190000534057617,-0.019998550415039062,0,137.9499969482422,,,123.3185,1.7147876723345057,8.000000000000007,1.059436938392988,-2.032928382312671,-0.810614697839751,-0.46265046219983175,-1.174590889064131,-0.3268677362417427
2023-10-17,-9.21244269730832,1082.502,-3.385187359358177,4.25,-36.0,-9.000000000000075,17.8799991607666,17.709999084472656,-0.1700000762939453,0,138.72000122070312,,,123.1202,1.5851615937425123,12.00000000000001,-0.009824505308242415,1.204268652869378,0.9822485361272948,0.31514642418655203,0.0,0.08328434783564376
2023-10-18,-9.27226935464429,1150.781,-3.385187359358177,4.32,-28.000000000000004,-10.000000000000053,19.219999313354492,18.899999618530273,-0.31999969482421875,0,137.10000610351562,,,123.8148,2.1626518848324006,8.000000000000007,-1.3399820506516447,0.006120224122119211,0.09878081020509022,-0.8039578097129851,1.9155273050613264,1.6955374465152717
2023-10-19,-9.27226935464429,1114.179,-3.385187359358177,4.37,-16.0,-10.000000000000053,21.399999618530273,21.459999084472656,0.05999946594238281,1,137.72999572753906,,,123.798,2.1734914104378777,7.000000000000028,-0.8482848196321058,-1.9088261884699143,-1.9004323467974538,-1.7431170399336726,1.188862155101833,0.6699726517057414
2023-10-20,-9.27226935464429,1138.756,-3.385187359358177,4.52,-14.000000000000002,-10.000000000000053,21.709999084472656,20.760000228881836,-0.9499988555908203,0,136.74000549316406,,,123.612,2.1884052220149997,-5.000000000000071,-1.2585283719027562,-0.5448819345834743,-1.6888835169912575,-0.7430977352724466,-0.6937481565711834,0.7163165723966358
2023-10-23,-9.27226935464429,1157.976,-3.385187359358177,4.51,-19.0,-10.000000000000053,20.3700008392334,20.690000534057617,0.31999969482421875,1,133.9199981689453,,,123.2846,1.4247306520293934,-6.99999999999994,-0.16855698941634634,-0.8311385739970922,-0.7570518092105294,-1.4672531598101113,-3.6732418436399628,-0.31273398092686033
2023-10-24,-9.27226935464429,1097.875,-3.385187359358177,4.41,-19.0,-10.000000000000053,18.969999313354492,19.309999465942383,0.3400001525878906,1,132.44000244140625,,,123.6416,1.737011090211027,-3.000000000000025,0.7265792222727274,0.20257980048854485,1.1238763360034154,0.7808985478933383,-2.0470230947819967,-0.06578195597859438
2023-10-25,-9.346000098588913,1100.617,-3.385187359358177,4.37,-13.0,-10.000000000000053,20.190000534057617,20.489999771118164,0.2999992370605469,1,132.2899932861328,,,123.7871,1.3698641354861651,12.00000000000001,-1.4339628627712542,0.6682376417441072,-0.8533670010735572,0.4007137022575158,1.970386395952839,0.46075825751581423
2023-10-26,-9.346000098588913,1089.85,-3.385187359358177,4.5,-16.0,-9.000000000000075,20.68000030517578,20.799999237060547,0.11999893188476562,1,133.3800048828125,,,124.0064,1.2510389943351408,-8.999999999999986,-1.1832519778109618,-2.136687994946218,-2.7120285831646607,0.47695073317775005,-2.5529925292868128,0.15624089632992888
2023-10-27,-9.346000098588913,1091.858,-3.385187359358177,4.53,-15.0,-9.000000000000075,21.270000457763672,21.360000610351562,0.09000015258789062,1,132.74000549316406,,,123.62,0.5126453884274573,-2.000000000000046,-0.48002802297685276,1.2741421094093708,0.16223795352929837,0.9866771219420034,2.800146444767204,0.07045211596532486
2023-10-30,-9.346000098588913,1138.035,-3.385187359358177,4.5,-15.0,-9.000000000000075,19.75,20.649999618530273,0.8999996185302734,1,130.1300048828125,,,123.4076,0.7127805951318011,4.0000000000000036,1.2010022325859904,-0.9509920911887626,0.33611066642211807,0.12489439433864824,-3.7760151068075065,0.38217719396773653
2023-10-31,-9.346000098588913,1137.697,-3.385187359358177,4.42,-19.0,-5.000000000000071,18.139999389648438,19.020000457763672,0.8800010681152344,1,128.2100067138672,,,123.8364,1.2498804245358208,0.0,0.6474957307233353,0.5273768703182302,-1.4091907946449322,-0.09207127730859188,-1.5672469369337971,-0.5510470027585423
2023-11-01,-9.337537614370161,1079.462,-3.0813567872056247,4.47,-18.0,-8.000000000000007,16.8700008392334,16.8700008392334,0.0,0,129.82000732421875,,,123.7922,0.5994904696699388,-11.000000000000032,1.0505999486313922,2.4070916144078636,1.0346870908308992,0.14263778897758428,-0.7158654970270129,-0.32238074255301896
2023-11-02,-9.337537614370161,1054.986,-3.0813567872056247,4.15,-31.0,-7.000000000000028,15.65999984741211,15.15999984741211,-0.5,0,133.8000030517578,,,122.8818,-0.7294918277526818,-9.999999999999964,1.885855702012762,1.1019685050319694,1.8057342643990504,-0.45221801728129174,2.511184214020634,0.3436389018607322
2023-11-03,-9.337537614370161,1071.139,-3.0813567872056247,4.04,-26.0,-8.000000000000007,14.90999984741211,13.710000038146973,-1.1999998092651367,0,133.8000030517578,,,121.7564,-1.4872818068103255,-9.999999999999964,0.9393730253031363,1.1019685050319694,1.076341350071175,0.7108409367861723,-2.3647792504152165,0.2971406369161267
2023-11-06,-9.337537614370161,1062.878,-3.0813567872056247,4.0,-26.0,-8.000000000000007,14.890000343322754,14.529999732971191,-0.3600006103515625,0,137.88999938964844,,,121.6484,-1.8167172857312397,9.999999999999964,0.17529924220356374,2.3743112383502796,5.659239143152339,0.9110733244783731,0.3850422933403985,-0.4971139550119297
2023-11-07,-9.337537614370161,1008.685,-3.0813567872056247,4.08,-33.0,-8.000000000000007,14.8100004196167,14.430000305175781,-0.38000011444091797,0,139.52000427246094,,,122.0777,-1.0365096877905766,-8.999999999999986,0.28401189192852616,-1.3350059372742473,-2.334193325312295,-0.03730267717952929,-4.2687416001848,-0.7468675282677251
2023-11-08,-9.427419602008824,1024.451,-3.0813567872056247,4.08,-44.0,-8.000000000000007,14.449999809265137,13.829999923706055,-0.619999885559082,0,139.41000366210938,,,122.0926,-0.6797463885422572,-8.999999999999986,0.10049156221052513,-0.32641432286730776,-0.9140838682737851,-0.16017468607502083,-2.6366819737737024,-0.7779158251110085
2023-11-09,-9.427419602008824,993.314,-3.0813567872056247,4.04,-41.0,-8.000000000000007,15.289999961853027,14.699999809265137,-0.5900001525878906,0,139.27999877929688,,,122.1281,-0.5226045188674422,12.99999999999999,-0.8083839306732843,1.4921758978770017,0.22546727699972458,0.029682016105558873,0.5442665906664423,0.650778948084807
2023-11-10,-9.427419602008824,1032.72,-3.0813567872056247,4.03,-43.0,-8.000000000000007,14.170000076293945,12.779999732971191,-1.390000343322754,0,139.27999877929688,,,122.1281,-0.5226045188674422,-0.9999999999999787,1.5616441094852496,-0.24000017230044746,-0.7177417083445659,-0.468646389147942,1.888038480998988,-1.6087962718400628
2023-11-13,-9.427419602008824,1020.272,-3.0813567872056247,4.03,-39.0,-8.000000000000007,14.760000228881836,13.800000190734863,-0.9600000381469727,0,135.27000427246094,,,122.4264,-0.6360679846863171,1.9999999999999574,-0.08358389332403515,0.05219830173208706,-0.24484377708658966,0.24886683166205348,1.4124711586734229,0.6674958386125196
2023-11-14,-9.427419602008824,988.298,-3.0813567872056247,3.92,-36.0,-8.000000000000007,14.15999984741211,12.869999885559082,-1.2899999618530273,0,138.3800048828125,,,121.35,-1.8167342797547503,-18.99999999999995,1.9075017703661823,0.3400949532642139,1.2268275582657084,0.3130479631567651,0.0,0.8378334015998412
2023-11-15,-9.397921540712439,944.241,-3.0813567872056247,3.89,-37.0,-8.000000000000007,14.180000305175781,11.890000343322754,-2.2899999618530273,0,142.97999572753906,,,121.0749,-1.819353949326341,8.999999999999986,0.15970120755575135,2.5194864899802383,2.195414440563037,0.5485768389834389,-2.0444651551834947,-0.08665884391241274
2023-11-16,-9.397921540712439,912.01,-3.0813567872056247,4.02,-38.0,-8.000000000000007,14.319999694824219,11.8100004196167,-2.5099992752075195,0,154.4499969482422,,,121.1754,-1.5795945750575413,-8.000000000000007,0.11904273935798848,-0.2842777969997323,0.060724173817416904,-0.7129877076180735,-4.904776880527228,1.2142262703212614
2023-11-17,-9.397921540712439,935.803,-3.0813567872056247,3.99,-44.0,-8.000000000000007,13.800000190734863,10.670000076293945,-3.130000114440918,0,146.8800048828125,,,120.8477,-2.3964017225727496,-0.9999999999999787,0.12820490603360213,0.4810528046668816,-0.7366763854689928,0.11288676841760825,4.101505900117308,-0.11593572255760298
2023-11-20,-9.397921540712439,953.088,-3.0813567872056247,3.92,-47.0,-9.000000000000075,13.40999984741211,11.140000343322754,-2.2699995040893555,0,146.8800048828125,,,120.2533,-2.863293429619218,-2.000000000000046,0.7390278097329839,-0.5870680339449152,0.8644189999986063,0.4566890741525276,2.2532601109836126,-0.19681189251676834
2023-11-21,-9.397921540712439,931.155,-3.0813567872056247,3.95,-45.0,-9.000000000000075,13.350000381469727,11.470000267028809,-1.880000114440918,0,140.8000030517578,,,120.2241,-2.740753324919898,-0.9999999999999787,-0.20209310950652926,-0.10150531112852468,0.7715145744958685,-0.012579732308704017,0.21906980964954137,1.092182747107362
2023-11-22,-9.401917788198888,931.604,-3.0813567872056247,3.9,-47.0,-9.000000000000075,12.850000381469727,9.960000038146973,-2.890000343322754,0,141.5500030517578,,,120.6802,-2.112510402759138,0.9999999999999787,0.406112922094648,0.2928796790128585,0.050988652763672704,-0.7927820017007425,-0.8615124056393308,-0.3951395098846233
2023-11-24,-9.401917788198888,865.907,-3.0813567872056247,3.85,-45.0,-8.000000000000007,12.460000038146973,9.829999923706055,-2.630000114440918,0,141.5500030517578,,,120.2105,-2.7750368807909265,4.999999999999982,0.059687366788407914,0.5192634744831226,-0.7288417473718778,-0.6820710541646124,-2.0233431770006693,0.5423283431459369
2023-11-27,-9.401917788198888,867.22,-3.0813567872056247,3.89,-45.0,-8.000000000000007,12.6899995803833,11.270000457763672,-1.419999122619629,0,142.1999969482422,,,120.173,-2.9196095554383295,-8.000000000000007,-0.1954157460090089,-0.528941457244636,-0.038851201365586174,-0.3049016198932164,-0.9001857253565504,0.47947746930225854
2023-11-28,-9.401917788198888,873.344,-3.0813567872056247,3.9,-39.0,-8.000000000000007,12.6899995803833,11.520000457763672,-1.169999122619629,0,142.67999267578125,,,119.5904,-3.561106523534263,-4.999999999999982,0.09801185306033133,-0.11744090933085705,1.0458194856441727,0.22594906377861879,2.070535718835509,1.3868128872947194
2023-11-29,-9.184274214591381,914.187,-3.0813567872056247,3.8,-37.0,-9.000000000000075,12.979999542236328,12.050000190734863,-0.9299993515014648,0,139.82000732421875,,,119.8159,-3.0772528717036174,-7.000000000000028,-0.09462486392383118,-0.2609280883311027,-0.07732500968862244,-0.5549698651789003,1.8976532898155263,0.362799656381374
2023-11-30,-9.184274214591381,887.822,-3.0813567872056247,3.84,-36.0,-7.000000000000028,12.920000076293945,12.300000190734863,-0.619999885559082,0,144.5399932861328,,,120.2434,-2.564023609567001,10.000000000000053,0.37840728581564065,0.4971963247892841,0.6143312435775039,0.2642922299167072,-2.440279361655051,-0.43964633419645294
2023-12-01,-9.184274214591381,768.543,-2.410170430796821,3.87,-34.0,-1.0000000000000675,12.630000114440918,11.979999542236328,-0.6500005722045898,0,144.5399932861328,,,119.9424,-3.144471254009318,-15.000000000000036,0.5873742123607695,-0.1653748831748958,-1.1943418240254688,0.06478885883047791,-2.4881508852397816,1.6142497820600843
2023-12-04,-9.184274214591381,815.847,-2.410170430796821,3.8,-36.0,-3.000000000000025,13.079999923706055,13.460000038146973,0.38000011444091797,1,144.5399932861328,,,120.4727,-2.6815098204894916,6.00000000000005,-0.5408509126972105,-0.5989624076367828,0.3968024625650157,-0.28769693549814956,-1.3905748393959416,-2.2646076491580125
2023-12-05,-9.184274214591381,834.428,-2.410170430796821,3.8,-39.0,-7.000000000000028,12.850000381469727,13.529999732971191,0.6799993515014648,1,144.5399932861328,,,120.7913,-1.7012283348713853,-10.000000000000053,-0.056886972616143616,-1.3705441446397515,-0.821882036474264,-1.6744824039303996,-0.9857628856492329,-0.27666496978818733
2023-12-06,-9.849424455025114,846.498,-2.410170430796821,3.79,-48.0,-8.000000000000007,12.970000267028809,13.670000076293945,0.6999998092651367,1,144.5399932861328,,,120.5334,-1.0044646523714507,-5.999999999999961,-0.3906202808869552,2.0444282358493604,0.04409502953583999,-0.11313789352257464,-4.065268879718564,0.5945008669804297
2023-12-07,-9.849424455025114,825.734,-2.410170430796821,3.77,-44.0,-8.000000000000007,13.0600004196167,13.729999542236328,0.6699991226196289,1,130.83999633789062,,,120.6013,-0.860759368803865,1.9999999999999574,0.7968189065892917,-1.7568367758098113,-0.13263769880978993,-0.09185288736303088,-0.057654824316633047,-0.02954816970881513
2023-12-08,-9.849424455025114,821.408,-2.410170430796821,3.75,-48.0,-8.000000000000007,12.350000381469727,12.210000038146973,-0.1400003433227539,0,134.10000610351562,,,120.7607,-1.0788211114724389,9.000000000000075,0.40954978699407896,-1.6752207959197962,1.0344825221486165,0.11304094462525338,2.7257097185772183,-1.5567257109156851
2023-12-11,-9.849424455025114,838.507,-2.410170430796821,3.79,-48.0,-8.000000000000007,12.630000114440918,12.680000305175781,0.05000019073486328,1,140.89999389648438,,,120.9279,-0.9539480689247481,0.0,0.3924494286698943,1.4979061306193309,0.298270725990224,0.7368057751366175,0.12634610929280754,-1.0158659026220707
2023-12-12,-9.849424455025114,837.803,-2.410170430796821,3.76,-53.0,-9.000000000000075,12.069999694824219,11.640000343322754,-0.42999935150146484,0,148.8300018310547,,,120.6817,-1.1843302237568576,-3.000000000000025,0.45993575202152304,0.15826650645449636,0.39241580162172607,0.4011120928260947,-3.799774391571298,-0.010108754897619754
2023-12-13,-9.831135936252867,823.329,-2.410170430796821,3.79,-42.0,-9.000000000000075,12.1899995803833,12.430000305175781,0.24000072479248047,1,152.02000427246094,,,121.1571,-1.036786183372218,-16.000000000000014,1.3650676351045998,0.2516535765338279,-0.9707095193917548,-1.1545769244588056,1.2534624729646282,0.22752552780380686
2023-12-14,-9.831135936252867,769.346,-2.410170430796821,3.47,-45.0,-9.000000000000075,12.479999542236328,12.289999961853027,-0.18999958038330078,0,162.50999450683594,,,119.5683,-1.4682323856613055,-12.00000000000001,0.26470624846992585,-0.7292079173856991,1.3351079279824818,-0.32925864994742815,3.0372831053337546,2.416380021383091
2023-12-15,-9.831135936252867,683.254,-2.410170430796821,3.51,-53.0,-8.000000000000007,12.279999732971191,10.869999885559082,-1.4099998474121094,0,153.25999450683594,,,119.7382,-1.1040273417529112,-0.9999999999999787,-0.00762494933082003,0.8697870855482126,0.7617435666441796,-0.555230702424514,-0.2095578681779675,-0.44823050954585497
2023-12-18,-9.831135936252867,724.704,-2.410170430796821,3.51,-48.0,-8.000000000000007,12.5600004196167,11.4399995803833,-1.1200008392333984,0,139.36000061035156,,,119.9102,-1.0441063120072203,4.0000000000000036,0.45283443669004164,-0.6416948079020823,0.12872914044133044,-0.3995448991442885,1.4559721560745809,0.2572892635199775
2023-12-19,-9.831135936252867,773.082,-2.410170430796821,3.46,-48.0,-9.000000000000075,12.529999732971191,11.25,-1.2799997329711914,0,133.17999267578125,,,119.4632,-1.1456568887947438,-2.0000000000000018,0.5866407818910568,1.405447146589922,0.0658369110713819,0.054287717572587546,1.3384865521790745,0.5971462909915681
2023-12-20,-9.812093324339521,779.143,-2.410170430796821,3.43,-48.0,-9.000000000000075,13.670000076293945,13.670000076293945,0.0,0,136.86000061035156,,,119.5435,-0.5902540720296279,-7.000000000000028,-1.4684266911006771,1.3743502594728785,1.7811605431193644,-1.0326387132407966,1.0620898057828843,-0.19132772602784565
2023-12-21,-9.812093324339521,778.402,-2.410170430796821,3.41,-44.0,-9.000000000000075,13.649999618530273,13.109999656677246,-0.5399999618530273,0,138.17999267578125,,,119.3168,-0.7546739796762902,3.000000000000025,1.030146782120256,-1.5900747949116556,-0.546227633789631,0.5721692097858222,-0.4446265502925373,0.2260985788123726
2023-12-22,-9.812093324339521,772.258,-2.410170430796821,3.39,-41.0,-8.000000000000007,13.029999732971191,11.5600004196167,-1.4699993133544922,0,134.4600067138672,,,119.0625,-1.3404850174262184,0.9999999999999787,0.16600585268868873,0.08624510252288609,-0.01961560917969063,-0.13499726517406385,-0.4466123071871553,0.8827483833959704
2023-12-26,-9.812093324339521,793.937,-2.410170430796821,3.37,-37.0,-5.000000000000071,12.989999771118164,12.449999809265137,-0.5399999618530273,0,134.4600067138672,,,118.8875,-1.1005694178129133,-0.9999999999999787,0.42316894655107795,0.15583167078427884,0.118486873042567,-0.6829182119162613,2.7324662900232166,0.05346621279529451
2023-12-27,-9.804367098814204,818.869,-2.410170430796821,3.34,-41.0,-1.0000000000000675,12.430000305175781,11.229999542236328,-1.2000007629394531,0,135.63999938964844,,,118.4729,-1.4147104590881532,-10.000000000000009,0.14304577464787638,1.1270893886186073,0.4191944079145138,0.542765878388507,-1.9319823876784437,1.151489249544535
2023-12-28,-9.804367098814204,829.573,-2.410170430796821,3.32,-42.0,0.0,12.470000267028809,11.229999542236328,-1.2400007247924805,0,136.89999389648438,,,118.4104,-0.9867012736808345,4.999999999999982,0.03701746080437829,-0.42046312643688744,1.5986236578104052,1.3754853199281492,-3.1574739549500297,-0.3842643919140354
2023-12-29,-9.804367098814204,1018.483,-2.410170430796821,3.34,-35.0,-2.000000000000046,12.449999809265137,10.670000076293945,-1.7799997329711914,0,138.0500030517578,,,118.4208,-1.164369670469445,4.0000000000000036,-0.2826475013374963,-0.22495548932739418,1.5986236578104052,0.6847033183644768,-0.1671939846733861,-0.5545108511265995
2024-01-02,-9.804367098814204,704.864,-2.0612014665789213,3.54,-38.0,0.0,13.199999809265137,12.59000015258789,-0.6099996566772461,0,134.8000030517578,,,119.2686,-0.8106889858403798,7.000000000000028,-0.5660579005492328,-0.22495548932739418,0.5472126908107056,-0.42552793382601983,-1.772511158987533,0.09697440335054708
2024-01-03,-9.713921797055258,719.897,-2.0612014665789213,3.71,-42.0,-1.0000000000000675,14.039999961853027,13.239999771118164,-0.8000001907348633,0,134.22999572753906,,,119.6958,-0.20559868736993447,-4.0000000000000036,-0.8016314922730805,-0.22495548932739418,-2.340990506003271,0.1678166251039892,3.296390715206443,-1.462892491788459
2024-01-04,-9.713921797055258,664.899,-2.0612014665789213,3.69,-39.0,-8.000000000000007,14.130000114440918,13.0600004196167,-1.0699996948242188,0,136.60000610351562,,,119.6208,-0.7071311591754781,8.000000000000007,-0.3428381297357008,-0.5255854325544984,-0.7781981661760362,-0.43467729222129714,-0.7015055409136051,0.3981957452896312
2024-01-05,-9.713921797055258,694.478,-2.0612014665789213,3.68,-35.0,-9.000000000000075,13.350000381469727,11.710000038146973,-1.640000343322754,0,132.67999267578125,,,119.388,-1.1617558549332663,5.999999999999961,0.18256861788026324,0.26776026948291953,-0.3455690848449544,-0.8519368707448849,2.2440712874367774,0.004895244750890981
2024-01-08,-9.713921797055258,691.485,-2.0612014665789213,3.63,-35.0,-9.000000000000075,13.079999923706055,11.699999809265137,-1.380000114440918,0,137.0500030517578,,,119.2506,-1.0642693228598787,-4.0000000000000036,1.4114629309846638,0.26776026948291953,-0.39797094949381995,-1.421621295889508,-4.118684481887502,-0.7736020681187505
2024-01-09,-9.713921797055258,676.05,-2.0612014665789213,3.59,-34.0,-9.000000000000075,12.760000228881836,11.350000381469727,-1.4099998474121094,0,140.9499969482422,,,119.6666,-0.7750331049499404,0.9999999999999787,-0.14779006799081618,1.1557447844374513,-0.25625152658005357,0.19781259649240823,2.0771531587279624,-0.009866336439545709
2024-01-10,-9.659382926918415,679.961,-2.0612014665789213,3.5,-33.0,-9.000000000000075,12.6899995803833,11.09000015258789,-1.5999994277954102,0,137.39999389648438,,,119.7614,-0.8275043122472847,2.000000000000046,0.566597189372442,2.0097013041435074,-0.7519798940771039,-0.5373920574829327,-1.2043122133366335,-0.23194202455394386
2024-01-11,-9.659382926918415,626.37,-2.0612014665789213,3.55,-28.000000000000004,-9.000000000000075,12.4399995803833,10.75,-1.6899995803833008,0,140.36000061035156,,,119.8916,-0.8569569139958544,-6.000000000000005,-0.06710555783868699,1.765709282438177,-0.06726885933950877,0.31094249315797295,0.9107382254031071,-0.3660237682382439
2024-01-12,-9.659382926918415,603.116,-2.0612014665789213,3.56,-18.0,-9.000000000000075,12.699999809265137,10.520000457763672,-2.179999351501465,0,143.80999755859375,,,119.534,-0.9510141139874584,-2.0000000000000018,0.07509755941104146,1.5042856359534174,-0.5991477514635801,-0.1618780150203225,0.9164172353136602,1.6084943433625654
2024-01-16,-9.659382926918415,583.103,-2.0612014665789213,3.58,-15.0,-8.000000000000007,13.84000015258789,12.640000343322754,-1.1999998092651367,0,139.94000244140625,,,120.5759,-0.4797077513410186,11.000000000000032,-0.37313402367431525,-0.7871735152474302,-1.1243077943121627,0.26674292968407176,-0.3852487315921693,-1.011381817839141
2024-01-17,-9.604125979395317,590.191,-2.0612014665789213,3.62,-24.0,-8.000000000000007,14.789999961853027,13.319999694824219,-1.4700002670288086,0,147.75999450683594,,,121.0402,1.2310118986387009,2.999999999999936,-0.5616897183990499,-0.39706048466251476,-2.46998840386079,-2.086187029469677,0.22098899080500445,-1.1549863975351626
2024-01-18,-9.604125979395317,618.234,-2.0612014665789213,3.58,-20.0,-9.000000000000075,14.130000114440918,12.65999984741211,-1.4700002670288086,0,148.14999389648438,,,120.8895,0.961514370518346,4.0000000000000036,0.8805260963896,-0.03263489088231042,0.16996333530645558,0.42931164270463285,2.094824040248211,0.7989613599849621
2024-01-19,-9.604125979395317,625.182,-2.0612014665789213,3.54,-24.0,-9.000000000000075,13.300000190734863,11.819999694824219,-1.4800004959106445,0,148.14999389648438,,,120.6442,0.6121247400137753,1.0000000000000675,1.2313502764936146,1.401610689763788,1.3401399423117244,-0.47442094692876635,-0.9044251517073332,0.3913615629451028
2024-01-22,-9.604125979395317,647.103,-2.0612014665789213,3.49,-26.0,-9.000000000000075,13.1899995803833,13.180000305175781,-0.009999275207519531,0,146.00999450683594,,,120.6178,0.9664900990430603,-4.0000000000000036,0.21943252026270788,1.6229883853936533,-0.3392953812879407,-2.681196429795152,2.424735990328819,-0.33061688486922813
2024-01-23,-9.604125979395317,621.195,-2.0612014665789213,3.51,-17.0,-9.000000000000075,12.550000190734863,12.489999771118164,-0.06000041961669922,0,148.1199951171875,,,121.1001,1.3021201487324774,2.999999999999936,0.2921374261968035,-0.08038675423810426,0.5786519447535943,0.5309934863417354,-1.090570113311573,0.19308358498222322
2024-01-24,-9.365700508242847,639.56,-2.0612014665789213,3.44,-16.0,-9.000000000000075,13.140000343322754,13.579999923706055,0.4399995803833008,1,150.25,,,120.4916,0.9846056883858756,4.0000000000000036,0.08119284117831249,-0.7971227035615813,-0.3598858081355627,1.7970526306886114,0.9681236583545472,-0.4842578936733011
2024-01-25,-9.365700508242847,557.687,-2.0612014665789213,3.45,-14.000000000000002,-8.000000000000007,13.449999809265137,13.739999771118164,0.28999996185302734,1,153.0500030517578,,,120.8311,1.4854383202099752,-4.0000000000000036,0.5260365527706368,0.02757176827767882,0.026325024590123647,3.0253035300170206,3.023044857062396,0.14896469356133757
2024-01-26,-9.365700508242847,570.828,-2.0612014665789213,3.39,-19.0,-8.000000000000007,13.260000228881836,13.069999694824219,-0.1900005340576172,0,151.36000061035156,,,120.6173,1.4549889601513932,1.0000000000000675,-0.06517852510764532,-1.3395301866990006,0.3327465211538483,0.14156433334884255,0.8402294735658566,-0.004956893486407488
2024-01-29,-9.365700508242847,581.41,-2.0612014665789213,3.41,-21.0,-9.000000000000075,13.600000381469727,13.949999809265137,0.34999942779541016,1,149.02999877929688,,,120.8538,2.0096579048879626,-7.000000000000028,0.7556774896180896,0.7716442929921019,0.8912369774300766,-0.9230493294910325,-1.576725193245876,0.4164965361157513
2024-01-30,-9.365700508242847,577.755,-2.0612014665789213,3.42,-30.0,-9.000000000000075,13.3100004196167,13.720000267028809,0.4099998474121094,1,148.72999572753906,,,120.6025,1.851273198975778,-2.000000000000046,-0.06006499345398986,0.10802462610175478,-0.07357462347190591,-1.832341637678414,1.3545206200338944,0.3110828056498649
2024-01-31,-9.527189424220472,615.379,-2.0612014665789213,3.59,-28.000000000000004,-8.000000000000007,14.350000381469727,14.550000190734863,0.19999980926513672,1,150.2100067138672,,,120.4331,1.6992791806844654,-6.99999999999994,-1.6105744611597972,0.6123563012977451,-0.0688315903487613,-1.4830807983447047,-2.5314844878290943,0.8318928055008667
2024-02-01,-9.527189424220472,503.548,-1.4995150704795623,3.56,-33.0,-8.000000000000007,13.880000114440918,13.279999732971191,-0.6000003814697266,0,160.0800018310547,,,120.3335,0.8928586400779315,-12.00000000000001,1.2493688211609788,-0.7585421574142881,1.816909740937711,-0.6386156830570866,-2.676333315932078,0.2245702926946258
2024-02-02,-9.527189424220472,513.422,-1.4995150704795623,3.47,-33.0,-8.000000000000007,13.850000381469727,13.039999961853027,-0.8100004196166992,0,160.02000427246094,,,120.902,1.0077212400100954,16.000000000000014,1.068444607751462,0.40697763971409007,2.8653390328863715,-1.4648754761563465,-2.0861567622511346,-0.8231867712646168
2024-02-05,-9.527189424220472,552.289,-1.4995150704795623,3.5,-28.999999999999996,-9.000000000000075,13.670000076293945,13.350000381469727,-0.31999969482421875,0,155.49000549316406,,,121.349,1.4447320198493818,13.999999999999968,-0.31863375266721894,0.5424540047899606,-0.9176732189415726,-1.0243766645684826,0.6917543005592997,-0.5107816187203462
2024-02-06,-9.527189424220472,532.439,-1.4995150704795623,3.52,-30.0,-9.000000000000075,13.0600004196167,12.460000038146973,-0.6000003814697266,0,152.82000732421875,,,120.9588,1.3157101216202616,-8.000000000000007,0.23104108269635937,-0.5322637056346169,-0.5831068872582112,3.2307567208612165,0.7282203739850113,0.43442015304557824
2024-02-07,-9.532114125653546,553.055,-1.4995150704795623,3.43,-32.0,-9.000000000000075,12.829999923706055,11.960000038146973,-0.869999885559082,0,151.41000366210938,,,120.9049,1.3872466889055524,0.0,0.8241457963390042,-0.11265911925825156,1.2957118075381135,1.4414827580019995,0.7502429001149835,0.03440408807446893
2024-02-08,-9.532114125653546,535.705,-1.4995150704795623,3.38,-31.0,-9.000000000000075,12.789999961853027,11.600000381469727,-1.1899995803833008,0,150.36000061035156,,,121.0798,1.1809477331185203,6.00000000000005,0.057058326082515265,2.058031513945524,0.4115600944536446,1.2795378258020573,3.1952350268743546,-0.14740566391389098
2024-02-09,-9.532114125653546,569.175,-1.4995150704795623,3.33,-31.0,-9.000000000000075,12.930000305175781,11.609999656677246,-1.3200006484985352,0,156.6199951171875,,,121.039,1.066787796401858,1.9999999999999574,0.5742341525559524,0.09261417823460683,0.4115600944536446,1.2795378258020573,0.8134283747808446,-0.43794422584342296
2024-02-12,-9.532114125653546,581.568,-1.4995150704795623,3.35,-28.999999999999996,-9.000000000000075,13.930000305175781,13.029999732971191,-0.9000005722045898,0,152.8000030517578,,,120.9378,0.872621601513357,0.0,-0.09489536011326738,0.09261417823460683,0.4115600944536446,1.2795378258020573,0.10411482934342686,-0.25206828118271574
2024-02-13,-9.532114125653546,553.684,-1.4995150704795623,3.36,-33.0,-9.000000000000075,15.850000381469727,15.0,-0.8500003814697266,0,170.52000427246094,,,121.5202,1.6616192882359826,13.999999999999968,-1.3674255653625456,2.8905728931772456,1.1189405665662733,1.2795378258020573,1.2350553825419386,-1.2535887112236854
2024-02-14,-8.955442649748047,575.332,-1.4995150704795623,3.38,-28.999999999999996,-10.000000000000053,14.380000114440918,12.920000076293945,-1.4600000381469727,0,160.39999389648438,,,121.4002,0.683635784597092,-4.0000000000000036,0.9579763275017639,-0.6865679381848122,-1.102790261611497,1.2795378258020573,-1.5795599249386005,-0.13046191751149294
2024-02-15,-8.955442649748047,493.065,-1.4995150704795623,3.35,-32.0,-9.000000000000075,14.010000228881836,12.470000267028809,-1.5399999618530273,0,148.89999389648438,,,121.2121,0.1420189325529897,-2.999999999999936,0.5821250684729495,1.205785299495954,-0.252626420353963,1.2795378258020573,1.8136735395592574,0.5928717514105619
2024-02-16,-8.955442649748047,532.125,-1.4995150704795623,3.34,-34.0,-10.000000000000053,14.239999771118164,12.569999694824219,-1.6700000762939453,0,142.6199951171875,,,121.1505,0.21589964388966099,5.999999999999961,-0.48034698371121065,0.862983858311761,1.3375147403939414,1.2795378258020573,1.486612431444967,0.469508242779515
2024-02-20,-8.955442649748047,530.879,-1.4995150704795623,3.37,-32.0,-10.000000000000053,15.420000076293945,14.850000381469727,-0.5699996948242188,0,141.4499969482422,,,121.0199,0.31141157220986315,-3.000000000000025,-0.6005322001165325,-0.2775369889394419,-0.8383504070968772,0.41868583279340843,-1.275416220599035,0.7954262987819982
2024-02-21,-9.550093710593533,574.882,-1.4995150704795623,3.34,-32.0,-10.000000000000053,15.34000015258789,14.649999618530273,-0.6900005340576172,0,142.72000122070312,,,121.0379,0.3482902191882076,5.000000000000071,0.1264199922982101,-0.2644412775616223,-0.16856036040868716,0.9657434798072906,-0.3453525735641727,-0.25647108122688334
2024-02-22,-9.550093710593533,553.245,-1.4995150704795623,3.22,-36.0,-10.000000000000053,14.539999961853027,13.170000076293945,-1.369999885559082,0,145.91000366210938,,,121.102,0.0015689499843540844,0.9999999999999787,2.112288421741404,2.186284119437931,0.4130674778095367,1.2674487445971439,0.8984686373241901,-0.12857130957182328
2024-02-23,-9.550093710593533,520.107,-1.4995150704795623,3.23,-41.0,-9.000000000000075,13.75,11.920000076293945,-1.8299999237060547,0,144.0,,,121.0369,0.4525626682689854,-7.000000000000028,0.03479475462115911,2.186284119437931,0.12873813898293118,0.552918822180537,-2.696861379114235,0.9357837733815932
2024-02-26,-9.550093710593533,524.959,-1.4995150704795623,3.23,-41.0,-9.000000000000075,13.739999771118164,13.130000114440918,-0.6099996566772461,0,143.60000610351562,,,121.0592,0.1887759028925462,2.000000000000046,-0.3786751350190576,0.34536012744994515,-0.7729457369378134,-0.9271292240741413,1.4250281052778702,-0.4954368540613041
2024-02-27,-9.550093710593533,519.725,-1.4995150704795623,3.26,-39.0,-9.000000000000075,13.430000305175781,12.84000015258789,-0.5900001525878906,0,147.2899932861328,,,120.9647,0.2880183854223173,2.999999999999936,0.17063496993998672,0.014805109206350586,-0.8322388687417193,1.2918609512540868,1.6628008315036746,0.2711363076164597
2024-02-28,-9.255470590972037,569.855,-1.4995150704795623,3.31,-37.0,-9.000000000000075,13.84000015258789,13.520000457763672,-0.31999969482421875,0,149.08999633789062,,,121.128,0.22688570818625298,-4.0000000000000036,-0.1658155060430544,-0.08024634762645588,1.0376941287856711,-1.9111016475042097,-0.41841234888125856,-0.0491642084562427
2024-02-29,-9.255470590972037,502.074,-1.4995150704795623,3.29,-39.0,-8.000000000000007,13.399999618530273,12.479999542236328,-0.9200000762939453,0,149.8300018310547,,,121.1824,0.4808358035695681,-1.9999999999999574,0.5229094697149161,-0.10671243216273663,-0.37439086579440506,1.9378537760571968,-0.3565046804596128,0.6246901707759545
2024-03-01,-9.255470590972037,441.265,0.11269058317378011,3.32,-35.0,-9.000000000000075,13.109999656677246,11.819999694824219,-1.2899999618530273,0,150.4199981689453,,,121.0111,0.47993450305605645,-5.999999999999961,0.800782894888763,1.9012032559570624,-0.37439086579440506,0.39298339937847704,2.185023048550372,2.0139782057614797
2024-03-04,-9.255470590972037,439.793,0.11269058317378011,3.26,-39.0,-9.000000000000075,13.489999771118164,13.229999542236328,-0.26000022888183594,0,145.94000244140625,,,120.872,0.4475063053929196,2.999999999999936,-0.11932620709189656,0.4971337464288128,1.2076291955720242,0.4058740474989442,-1.538080953055132,1.4758757137097955
2024-03-05,-9.255470590972037,444.474,0.11269058317378011,3.31,-41.0,-9.000000000000075,14.460000038146973,14.880000114440918,0.4200000762939453,1,144.89999389648438,,,120.8846,-0.014391821475234767,-8.999999999999986,-1.0193100883444606,-0.028924919187967024,-0.9299777885502847,0.2792433800088423,-0.7492968680433476,0.746094781717388
2024-03-06,-9.630768939389856,456.847,0.11269058317378011,3.27,-44.0,-9.000000000000075,14.5,14.880000114440918,0.38000011444091797,1,143.63999938964844,,,120.4649,-0.7285597738753591,-1.9999999999999574,0.5141103203274655,-0.01707745928322124,-0.29855485773883084,-0.2579591405153625,1.253993228924699,0.7874407700082076
2024-03-07,-9.630768939389856,436.754,0.11269058317378011,3.27,-41.0,-9.000000000000075,14.4399995803833,14.550000190734863,0.1100006103515625,1,142.94000244140625,,,120.1909,-0.6348442610211058,-2.000000000000046,1.0304127925951478,-1.2273901808785515,0.23207080003286862,-0.41218138422367545,-0.2527447936105487,0.3580872900073251
2024-03-08,-9.630768939389856,444.803,0.11269058317378011,3.26,-39.0,-9.000000000000075,14.739999771118164,14.630000114440918,-0.1099996566772461,0,141.17999267578125,,,119.975,-0.7691168844273455,0.0,-0.6528519003437983,0.22786213645291653,1.236203798886315,0.6149883945738344,-1.165587438728266,0.9545921064064045
2024-03-11,-9.630768939389856,478.728,0.11269058317378011,3.26,-41.0,-9.000000000000075,15.220000267028809,16.459999084472656,1.2399988174438477,1,142.27000427246094,,,120.0394,-0.8592680199339675,0.9999999999999787,-0.1122238087346461,-2.1881488753016765,-0.7651989112750335,0.736569103467688,-0.10255329940253022,0.17900955517011763
2024-03-12,-9.630768939389856,476.862,0.11269058317378011,3.2,-42.0,-9.000000000000075,13.84000015258789,14.069999694824219,0.22999954223632812,1,142.22999572753906,,,120.1668,-0.7205941886499478,6.00000000000005,1.1201787981366396,-0.05918669114498565,0.8259884044588661,-0.4080235562353596,-0.47478858608122065,-1.0126047036082442
2024-03-13,-12.70161934415983,521.738,0.11269058317378011,3.15,-42.0,-9.000000000000075,13.75,14.100000381469727,0.35000038146972656,1,144.1699981689453,,,119.9642,-0.8050419306453338,3.000000000000025,-0.19245297153407392,-0.2617254670508329,0.43851016696505596,-0.39595401813996567,2.784945500388347,0.6943158988170106
2024-03-14,-12.70161934415983,483.573,0.11269058317378011,3.15,-39.0,-9.000000000000075,14.399999618530273,14.869999885559082,0.4700002670288086,1,143.9499969482422,,,120.241,-1.0526644952855602,9.999999999999964,-0.28710915621273925,0.28791153148219895,0.9351879018165921,-0.18401372908289915,1.9317622829230663,-0.5700056495539285
2024-03-15,-12.70161934415983,413.877,0.11269058317378011,3.16,-41.0,-9.000000000000075,14.40999984741211,14.15999984741211,-0.25,0,138.91000366210938,,,120.4003,-0.823639499770179,1.9999999999999574,-0.6482917484461503,-0.2570085485313123,-1.9096912448508419,0.5398563843644455,-0.2707374045281208,-0.26352062745608196
2024-03-18,-12.70161934415983,440.596,0.11269058317378011,3.13,-39.0,-9.000000000000075,14.329999923706055,14.5,0.1700000762939453,1,139.97000122070312,,,120.5752,-0.525442591952463,3.000000000000025,0.6318059504952345,2.6682090785532075,0.7124536670298998,0.9916087939142892,2.073050698662926,0.15759988257531
2024-03-19,-12.70161934415983,446.978,0.11269058317378011,3.1,-38.0,-9.000000000000075,13.819999694824219,13.640000343322754,-0.17999935150146484,0,141.61000061035156,,,120.9332,-0.17936368401285652,-4.0000000000000036,0.5649149650123642,0.6621973660529523,-1.1046884790124278,-0.718653273774783,0.9066731007401074,-0.20363319494517418
2024-03-20,-13.962316690342913,496.245,0.11269058317378011,3.14,-32.0,-9.000000000000075,13.039999961853027,11.579999923706055,-1.4600000381469727,0,141.19000244140625,,,120.9289,-0.07519424491344573,-3.000000000000025,0.8904173912846591,0.6621973660529523,1.2789080406100384,0.5527678688221904,-2.1444841132737036,0.0741943829428715
2024-03-21,-13.962316690342913,460.631,0.11269058317378011,3.05,-35.0,-9.000000000000075,12.920000076293945,11.170000076293945,-1.75,0,154.0,,,120.8086,-0.18944479373815826,0.0,0.32365354015160275,2.0299637083457833,2.4058308276944107,-0.08354741416829459,-0.7468175906861663,1.1353631358614003
2024-03-22,-13.962316690342913,478.531,0.11269058317378011,3.08,-37.0,-9.000000000000075,13.0600004196167,10.859999656677246,-2.200000762939453,0,155.83999633789062,,,121.1842,0.0678766659510277,-4.999999999999982,-0.14021878490156903,0.17828826232730854,-0.22868852074020563,-0.94501245848988,-0.5427438547706553,-1.11344417956597
2024-03-25,-13.962316690342913,473.787,0.11269058317378011,3.11,-28.999999999999996,-9.000000000000075,13.1899995803833,11.470000267028809,-1.7199993133544922,0,151.60000610351562,,,121.0295,-0.006113838011390094,3.000000000000025,-0.30549644525015296,-1.1600068708312428,-0.3998453735807317,-0.7128538527853223,1.637107453539266,0.7738265333480765
2024-03-26,-13.962316690342913,496.062,0.11269058317378011,3.15,-32.0,-8.000000000000007,13.239999771118164,11.59000015258789,-1.6499996185302734,0,157.60000610351562,,,121.0742,0.012390632021364034,-0.9999999999999787,-0.2799795225030266,-0.039812430196550785,0.7130418233622926,0.1710021717929333,-0.40267750329334717,0.03678723607516421
2024-03-27,-14.027235651236825,518.357,0.11269058317378011,3.15,-34.0,-7.000000000000028,12.779999732971191,10.529999732971191,-2.25,0,157.11000061035156,,,121.0089,0.03653958551543823,-4.0000000000000036,0.8630626525532925,0.9027648315163894,-0.07181413757374466,-1.2647957074146898,-0.3308064976415892,0.6894649442312106
2024-03-28,-14.027235651236825,594.428,0.11269058317378011,3.12,-39.0,-6.00000000000005,13.010000228881836,10.5600004196167,-2.4499998092651367,0,155.44000244140625,,,121.0635,-0.053249455121850975,0.0,0.11164855071790214,-1.4588329815292567,-0.3371930231562792,0.5855106286781986,2.2372461327128335,1.2234001411838502
2024-04-01,-14.027235651236825,441.903,0.9499814532018647,3.12,-39.0,-5.000000000000071,13.649999618530273,12.619999885559082,-1.0299997329711914,0,146.3300018310547,,,121.5151,0.41649071862002174,12.99999999999999,-0.20135845401164643,-1.4029214741928975,0.04479033076401073,1.1907242895745407,0.6492736893301654,0.8613736131250604
2024-04-02,-14.027235651236825,448.424,0.9499814532018647,3.23,-34.0,-6.00000000000005,14.609999656677246,14.029999732971191,-0.5799999237060547,0,142.13999938964844,,,121.3035,0.35698921172810927,3.000000000000025,-0.723905907316913,0.08999379857346224,0.19287025104317568,-0.07863581147207199,1.7202275201952055,1.0954616588419341
2024-04-03,-13.818036825053193,436.631,0.9499814532018647,3.23,-32.0,-8.000000000000007,14.329999923706055,13.270000457763672,-1.0599994659423828,0,138.52000427246094,,,121.0198,0.11184220322522087,0.0,0.1091122364688113,-0.9715591923371902,-1.677706449345362,-0.184167852848649,0.32883003438559655,1.4772181487726632
2024-04-04,-13.818036825053193,438.764,0.9499814532018647,3.24,-34.0,-8.000000000000007,16.350000381469727,17.139999389648438,0.7899990081787109,1,142.49000549316406,,,120.7613,0.24604677379054252,-5.000000000000071,-1.2334336350379616,0.8143827216601229,1.2940678942136907,-0.184167852848649,1.3578321767190316,-0.24406615036484114
2024-04-05,-13.818036825053193,438.319,0.9499814532018647,3.18,-34.0,-8.000000000000007,16.030000686645508,15.460000038146973,-0.5700006484985352,0,142.63999938964844,,,120.9646,0.6437259393182071,8.000000000000007,1.1099194174331695,-1.9637938762850693,-1.0134952247447093,-0.184167852848649,0.3695661597790334,1.6121942308871873
2024-04-08,-13.818036825053193,448.597,0.9499814532018647,3.15,-36.0,-9.000000000000075,15.1899995803833,14.5600004196167,-0.6299991607666016,0,140.6300048828125,,,120.7359,0.6342154615544882,3.000000000000025,-0.037463099831791524,0.9103411630487335,0.12673822054141137,-0.7246912861414989,-0.5522993173487367,0.25798684808746586
2024-04-09,-13.818036825053193,441.792,0.9499814532018647,3.14,-38.0,-9.000000000000075,14.979999542236328,14.699999809265137,-0.2799997329711914,0,139.27999877929688,,,120.7048,0.5543179989236924,-5.999999999999961,0.14454931932483817,1.0829019257921457,-0.45958790437294894,0.048707090747668325,-1.388403267389926,0.5060706383852809
2024-04-10,-13.658139594003204,445.816,0.9499814532018647,3.1,-42.0,-9.000000000000075,15.800000190734863,15.8100004196167,0.010000228881835938,1,139.94000244140625,,,121.5727,1.1699570929740943,18.99999999999995,-0.9456980649108493,-0.48102907103678705,-0.45958790437294894,-0.6954859880923925,1.1498248139624634,-0.593125766748448
2024-04-11,-13.658139594003204,455.361,0.9499814532018647,3.16,-37.0,-9.000000000000075,14.90999984741211,14.180000305175781,-0.7299995422363281,0,136.16000366210938,,,121.6081,1.3703254804349863,0.9999999999999787,0.7444797710585593,-0.35162538662262266,0.06654130944596659,0.22829098536092385,-1.3803531539772207,1.0817286278974603
2024-04-12,-13.658139594003204,407.322,0.9499814532018647,3.25,-38.0,-9.000000000000075,17.309999465942383,17.329999923706055,0.020000457763671875,1,142.30999755859375,,,122.2885,1.7028301494498521,-5.999999999999961,-1.455068829580164,0.20516349250538912,-0.9287131298912232,-0.4868416140232479,0.7527723409939346,0.0594488837575291
2024-04-15,-13.658139594003204,327.066,0.9499814532018647,3.28,-30.0,-8.000000000000007,19.229999542236328,20.760000228881836,1.5300006866455078,1,137.72000122070312,,,122.425,1.6816403281387116,12.99999999999999,-1.202135494776202,-0.7356373459692644,-0.42471666362456917,1.255311589821484,-0.29185149347662476,0.40743985464710697
2024-04-16,-13.658139594003204,371.554,0.9499814532018647,3.36,-30.0,-9.000000000000075,18.399999618530273,19.239999771118164,0.8400001525878906,1,135.60000610351562,,,123.1234,2.1133699135477357,4.0000000000000036,-0.20565070133361507,-1.9412367899667826,-2.2767887712661805,-1.645521607407796,-0.05854472498986185,1.0567249760766284
2024-04-17,-13.821955641297146,440.508,0.9499814532018647,3.42,-34.0,-9.000000000000075,18.209999084472656,18.100000381469727,-0.10999870300292969,0,134.3800048828125,,,123.0207,1.7261595657768192,-8.000000000000007,-0.5780602724641426,-1.3241033496344201,-0.9752322097280164,2.1387273522481376,-3.1279266047961163,-0.7988998354593546
2024-04-18,-13.821955641297146,433.006,0.9499814532018647,3.39,-34.0,-10.000000000000053,18.0,17.8799991607666,-0.12000083923339844,0,131.8000030517578,,,123.0017,1.714065041524404,4.999999999999982,-0.2208160119998248,0.31057124549853654,1.9549729843763686,0.09259658911653368,0.04837454873178881,0.4469409231556698
2024-04-19,-13.821955641297146,397.234,0.9499814532018647,3.37,-35.0,-9.000000000000075,18.709999084472656,18.1299991607666,-0.5799999237060547,0,133.39999389648438,,,123.1075,1.902927440596125,-1.9999999999999574,-0.875854812743615,-2.655870915472003,-1.6259856736606904,-0.29158929627368657,0.4955832419659689,0.6758113245871167
2024-04-22,-13.821955641297146,409.816,0.9499814532018647,3.29,-35.0,-9.000000000000075,16.940000534057617,17.450000762939453,0.5100002288818359,1,131.67999267578125,,,123.0609,1.5486342278943965,0.0,0.8731248071466746,0.9988515725489311,1.4499175274454101,-0.6742008500149166,-0.3488103411791066,-2.7601715254901182
2024-04-23,-13.821955641297146,435.88,0.9499814532018647,3.2,-25.0,-9.000000000000075,15.6899995803833,16.25,0.5600004196166992,1,135.61000061035156,,,122.7227,1.3989977650077146,-0.9999999999999787,1.1964576270872662,0.3032986084302136,-0.2441554862655071,-0.7428555711681994,0.615572897553851,-0.19295086588689836
2024-04-24,-13.55092185143869,441.215,0.9499814532018647,3.19,-24.0,-9.000000000000075,15.970000267028809,16.290000915527344,0.32000064849853516,1,135.05999755859375,,,122.89,1.4997414808439746,4.0000000000000036,0.02130100613548791,2.4177516419089162,2.010277469333732,0.7559285320384745,-0.6597925236693336,-0.13747266567858407
2024-04-25,-13.55092185143869,443.928,0.9499814532018647,3.24,-26.0,-9.000000000000075,15.369999885559082,15.8100004196167,0.4400005340576172,1,135.05999755859375,,,122.8384,1.5118722672464502,4.999999999999982,-0.4576430353515626,-2.1622360036482657,-1.7613709357189533,0.265298950230175,0.9177661618607225,0.22800812338674703
2024-04-26,-13.55092185143869,464.912,0.9499814532018647,3.16,-28.999999999999996,-8.000000000000007,15.029999732971191,14.670000076293945,-0.3599996566772461,0,140.86000061035156,,,122.9471,1.5558777005455715,-3.000000000000025,1.020914263474304,0.81396125005464,1.0541637704252427,1.170561928903724,0.335047002895017,0.2146106916992796
2024-04-29,-13.55092185143869,505.53,0.9499814532018647,3.12,-34.0,-8.000000000000007,14.670000076293945,15.109999656677246,0.4399995803833008,1,138.3000030517578,,,122.5449,1.2607927178437173,-4.0000000000000036,0.31784486665891176,0.81396125005464,1.1711595459254598,0.7902188062922422,-1.4549806116927466,0.4539940591891556
2024-04-30,-13.55092185143869,534.234,0.9499814532018647,3.18,-35.0,-6.00000000000005,15.649999618530273,16.65999984741211,1.010000228881836,1,132.39999389648438,,,122.9853,1.2098907872354792,6.00000000000005,-1.5730513586862171,1.2413375388812486,0.17191517906378628,-0.2639866413866043,-0.8471462804184426,-2.302379220960915
2024-05-01,-13.423339668395817,438.148,0.92224526635174,3.21,-33.0,-8.000000000000007,15.390000343322754,15.90999984741211,0.5199995040893555,1,133.35000610351562,,,123.0168,1.4124077211292274,-6.00000000000005,-0.34354388154940185,-0.342682236067704,0.17191517906378628,-0.2639866413866043,-3.5762239646796146,0.37095227207202264
2024-05-02,-13.423339668395817,428.68,0.92224526635174,3.16,-28.999999999999996,-9.000000000000075,14.680000305175781,14.859999656677246,0.17999935150146484,1,132.1199951171875,,,122.4384,1.1722048788710637,-4.999999999999982,0.9128437077573048,-0.09923294758391599,-0.31240596669277476,-0.2639866413866043,-0.06329500222508333,-0.030433984155642246
2024-05-03,-13.423339668395817,450.165,0.92224526635174,3.08,-31.0,-9.000000000000075,13.489999771118164,12.0,-1.489999771118164,0,135.17999267578125,,,122.1375,1.139603498802999,-8.000000000000007,1.2556739721478527,-0.09923294758391599,-0.2615847739721566,-0.2639866413866043,-1.063959937124892,-0.008696554285025915
2024-05-06,-13.423339668395817,468.97,0.92224526635174,3.03,-33.0,-9.000000000000075,13.489999771118164,13.130000114440918,-0.3599996566772461,0,130.0800018310547,,,121.8913,0.7660918979602194,-0.9999999999999787,1.032612390701182,-0.09923294758391599,-0.2615847739721566,1.1561044534153853,0.4736944612608207,0.9830403504240914
2024-05-07,-13.423339668395817,475.325,0.92224526635174,3.06,-35.0,-9.000000000000075,13.229999542236328,12.760000228881836,-0.4699993133544922,0,133.63999938964844,,,122.093,1.1240235919887986,-2.000000000000046,0.13434298232750663,1.566665311325588,2.1568250799290256,0.223454063772488,-0.1274287706905297,-0.2756782484130804
2024-05-08,-13.520012955401594,493.427,0.92224526635174,3.1,-36.0,-9.000000000000075,13.0,12.479999542236328,-0.5200004577636719,0,133.24000549316406,,,122.1926,1.2325938985027873,1.0000000000000675,-0.0005835618166138978,-1.629274659502833,0.39094855784482796,-0.6118062053953488,0.7782605661228903,-0.06910217473075075
2024-05-09,-13.520012955401594,458.55,0.92224526635174,3.14,-35.0,-9.000000000000075,12.6899995803833,11.920000076293945,-0.7699995040893555,0,136.4600067138672,,,122.1634,0.4858821100460764,-3.000000000000025,0.5090947698625836,-0.3360802518904471,-1.1988909369448297,0.825963025237364,0.34182083778075967,0.7996196066356154
2024-05-10,-13.520012955401594,486.434,0.92224526635174,3.12,-37.0,-9.000000000000075,12.550000190734863,11.819999694824219,-0.7300004959106445,0,137.3000030517578,,,122.014,0.33377710859721077,4.999999999999982,0.1649398844549843,0.40744073600953445,0.5711353708842237,0.00719808948772549,-1.261670417673244,1.509367081080737
2024-05-13,-13.520012955401594,492.068,0.92224526635174,3.14,-37.0,-9.000000000000075,13.600000381469727,13.710000038146973,0.1099996566772461,1,139.64999389648438,,,122.0261,-0.2145745511638486,-1.9999999999999574,-0.024130405535727206,-0.12987076683630416,-0.015395119317540562,-0.2068798721463705,1.0989018488071656,-1.3179550765995973
2024-05-14,-13.520012955401594,468.344,0.92224526635174,3.14,-36.0,-9.000000000000075,13.420000076293945,13.3100004196167,-0.1099996566772461,0,140.17999267578125,,,121.9256,-0.4079232182969128,-3.000000000000025,0.4837813139759728,0.4625462275098524,0.11477396305963339,-0.07138041059091549,-1.3903008914684878,0.7405420985537647
2024-05-15,-13.628008835535121,443.779,0.92224526635174,3.13,-37.0,-9.000000000000075,12.449999809265137,11.420000076293945,-1.0299997329711914,0,140.63999938964844,,,121.3543,-1.436851159081054,-8.999999999999986,1.1715927882596233,0.07735903032757285,0.11477396305963339,-0.8224311976090193,0.7818516234270767,1.4999596453186603
2024-05-16,-13.628008835535121,410.121,0.92224526635174,3.08,-40.0,-9.000000000000075,12.420000076293945,10.960000038146973,-1.4600000381469727,0,147.85000610351562,,,121.2236,-1.4608110667554297,1.9999999999999574,-0.20816677921287052,1.3925259294861325,0.8299300226324968,0.08009159316850756,0.763075320455453,-0.36421280821004043
2024-05-17,-13.628008835535121,449.373,0.92224526635174,3.09,-41.0,-9.000000000000075,11.989999771118164,9.670000076293945,-2.3199996948242188,0,143.0500030517578,,,121.2354,-1.4359964130577052,4.0000000000000036,0.11647735102702228,-0.3414232243869608,-1.0308711519251723,1.0128424000148906,1.047575623493291,1.3529391248686906
2024-05-20,-13.628008835535121,489.728,0.92224526635174,3.07,-38.0,-9.000000000000075,12.149999618530273,10.529999732971191,-1.619999885559082,0,144.5399932861328,,,121.2289,-1.525983388501928,2.000000000000046,0.09163899374069473,0.7278160814432111,0.6430171780684724,0.5427710894666538,-0.32474958126954556,0.8995917258572517
2024-05-21,-13.628008835535121,491.72,0.92224526635174,3.07,-41.0,-9.000000000000075,11.859999656677246,10.079999923706055,-1.7799997329711914,0,149.52000427246094,,,121.3793,-1.3664778983413894,-3.000000000000025,0.2501874243978186,-0.31418225330184235,-0.6549615133097486,-0.4155897947572651,-0.6766928507222048,-0.5012511467758718
2024-05-22,-13.473857772198683,496.382,0.92224526635174,3.11,-43.0,-9.000000000000075,12.289999961853027,11.140000343322754,-1.1499996185302734,0,150.13999938964844,,,121.5462,-0.9586653487904107,1.9999999999999574,-0.2706123039226127,-0.8468655363759181,-0.026428896812680236,0.01817545209987781,-2.1322260861178277,-1.3420324835978548
2024-05-23,-13.473857772198683,467.398,0.92224526635174,3.1,-44.0,-9.000000000000075,12.770000457763672,10.789999961853027,-1.9800004959106445,0,153.3300018310547,,,121.7477,-0.9295304744080135,4.0000000000000036,-0.7380789485015526,1.258813240328882,-0.0605811125338529,-1.3345746975044426,-0.9024067951477588,-2.2685397739645285
2024-05-24,-13.473857772198683,431.239,0.92224526635174,3.11,-47.0,-8.000000000000007,11.930000305175781,9.1899995803833,-2.7400007247924805,0,155.86000061035156,,,121.6172,-0.9941516659285665,-0.9999999999999787,0.700104258816947,-1.1689814537326315,-1.256882743506904,-0.8829413506178496,1.105760951932444,-0.10706638115631772
2024-05-28,-13.473857772198683,417.836,0.92224526635174,3.09,-40.0,-8.000000000000007,12.920000076293945,11.510000228881836,-1.4099998474121094,0,152.22999572753906,,,121.43,-1.2339453309594073,8.000000000000007,0.02488018529340774,-0.11477741666461316,-0.00513746207759791,-0.46321217122743397,2.7148746490105458,0.9732026225884205
2024-05-29,-13.13563293613268,459.314,0.92224526635174,3.15,-35.0,-7.000000000000028,14.279999732971191,13.40999984741211,-0.869999885559082,0,151.8000030517578,,,122.1641,-0.3107432459449555,7.000000000000028,-0.7367046509680453,-0.7682335584436428,-1.6728812528950199,0.04650302073352375,-0.7515952152811867,-0.6326385297492965
2024-05-30,-13.13563293613268,452.034,0.92224526635174,3.19,-37.0,-7.000000000000028,14.470000267028809,13.670000076293945,-0.8000001907348633,0,151.8000030517578,,,121.9601,-0.8335955597945421,-6.00000000000005,-0.5975035585443322,-1.3038977832967702,-1.5635194658214502,-0.6216642744529599,-1.6660351368124715,0.11109060639156176
2024-05-31,-13.13563293613268,439.806,0.92224526635174,3.2,-38.0,-6.00000000000005,12.920000076293945,11.680000305175781,-1.239999771118164,0,148.10000610351562,,,122.098,-0.7468898556945103,-4.0000000000000036,0.802787620486467,1.1398750772054989,0.040982839640180124,-0.15735759895377788,-1.1808570852208544,-0.8536429567474357
2024-06-03,-13.13563293613268,387.069,1.3067998788397484,3.17,-41.0,-5.000000000000071,13.109999656677246,13.90999984741211,0.8000001907348633,1,139.00999450683594,,,122.3509,-0.07146450786681413,-9.999999999999964,0.11160825806737495,1.1305704654324122,1.7447240930936747,-0.2696624201393494,-3.5978655928368686,1.0202848296901212
2024-06-04,-13.13563293613268,377.825,1.3067998788397484,3.22,-44.0,-7.000000000000028,13.15999984741211,14.279999732971191,1.119999885559082,1,138.17999267578125,,,122.7256,0.48150649882303664,-8.000000000000007,0.15028090913065117,-0.21984493435361907,-0.7612216023114016,0.4128636120205087,-1.3069269802606143,-0.8991773961538829
2024-06-05,-13.512863073012426,371.841,1.3067998788397484,3.2,-43.0,-7.000000000000028,12.630000114440918,13.989999771118164,1.359999656677246,1,141.39999389648438,,,122.5339,0.5271910300407079,-4.0000000000000036,1.1847649793331305,-0.8942115527554195,1.0292589060746815,-0.8344949208829111,1.1194535082924562,1.2298472438722952
2024-06-06,-13.512863073012426,378.125,1.3067998788397484,3.2,-44.0,-7.000000000000028,12.579999923706055,13.470000267028809,0.8900003433227539,1,140.17999267578125,,,122.3713,0.22794099579828142,-0.9999999999999787,-0.019981663563317653,0.5542709563439718,1.0292589060746815,-0.5418253471617396,1.9981144363863335,0.6881589779467623
2024-06-07,-13.512863073012426,395.462,1.3067998788397484,3.15,-44.0,-7.000000000000028,12.220000267028809,12.329999923706055,0.1099996566772461,1,139.61000061035156,,,123.549,1.110050854143374,14.999999999999947,-0.11152197300303701,-0.050594972860085186,1.2333118377021668,0.08151116364212285,-0.02647818881917896,-2.7464918497738466
2024-06-10,-13.512863073012426,416.481,1.3067998788397484,3.15,-40.0,-8.000000000000007,12.739999771118164,12.850000381469727,0.1100006103515625,1,141.55999755859375,,,123.9125,1.431770890463091,4.0000000000000036,0.25808546645145203,0.9157044581860729,-0.7896660490227081,0.08151116364212285,2.9259885081295955,0.10845046212710763
2024-06-11,-13.512863073012426,410.449,1.3067998788397484,3.19,-42.0,-8.000000000000007,12.850000381469727,12.869999885559082,0.01999950408935547,1,144.6999969482422,,,124.0349,1.6562853443047532,-8.000000000000007,0.27103813151374556,0.2475242323491722,0.15364255505607716,-0.7614554571321097,0.20581896900713215,-0.008664522082846293
2024-06-12,-13.46334660694396,447.574,1.3067998788397484,3.09,-44.0,-9.000000000000075,12.039999961853027,10.399999618530273,-1.640000343322754,0,144.6999969482422,,,123.8295,1.4778805517835947,-8.000000000000007,0.8503672791998707,-0.6594596040567335,0.8446266222939869,0.3111940524743062,0.7702162546450841,1.2351029252437806
2024-06-13,-13.46334660694396,429.864,1.3067998788397484,3.2,-44.0,-9.000000000000075,11.9399995803833,10.279999732971191,-1.6599998474121094,0,144.6999969482422,,,124.0235,1.7206394719402551,-6.99999999999994,0.23446558536817097,-0.4018914762392911,0.979410061260455,-0.2814539022682916,0.15286974086883287,-1.5325363368204226
2024-06-14,-13.46334660694396,386.885,1.3067998788397484,3.29,-47.0,-9.000000000000075,12.65999984741211,11.0,-1.6599998474121094,0,156.17999267578125,,,124.1694,2.3197365070706244,-4.0000000000000036,-0.0393860697500914,0.24299768775397634,0.12813685608217273,0.122621681041446,-0.21623733452137417,1.3564016969907167
2024-06-17,-13.46334660694396,333.429,1.3067998788397484,3.26,-47.0,-7.000000000000028,12.75,11.9399995803833,-0.8100004196166992,0,153.83999633789062,,,124.239,2.4874694366443517,8.000000000000007,0.7664386564552705,-1.834665170235028,-0.5191314094416866,-0.5520596473983175,2.396437165004417,-0.8149610017955
2024-06-18,-13.46334660694396,375.542,1.3067998788397484,3.24,-47.0,-7.000000000000028,12.300000190734863,11.119999885559082,-1.1800003051757812,0,142.89999389648438,,,123.9776,2.261880605829658,-6.00000000000005,0.2521327394745754,0.9964400042033139,0.7222704534604274,0.475978075121275,1.5436298213678867,0.778412072313106
2024-06-20,-13.268476906408234,388.841,1.3067998788397484,3.23,-45.0,-8.000000000000007,13.279999732971191,12.359999656677246,-0.9200000762939453,0,148.60000610351562,,,124.192,2.4442191589629125,3.000000000000025,-0.25259318472709014,0.16141193413283794,0.3682012633419385,-0.4178878555280541,0.7355626779034674,1.0041257923518065
2024-06-21,-13.268476906408234,421.04,1.3067998788397484,3.21,-45.0,-9.000000000000075,13.199999809265137,10.960000038146973,-2.239999771118164,0,151.7899932861328,,,124.1086,2.248571214366857,0.0,-0.1562130321101196,-0.09461021088562616,-0.8323701492828017,-0.2428622605353037,-1.7524581283925866,-1.5889262345370136
2024-06-24,-13.268476906408234,435.916,1.3067998788397484,3.19,-46.0,-9.000000000000075,13.329999923706055,11.829999923706055,-1.5,0,147.1300048828125,,,123.7125,1.782285254495819,0.0,-0.3065171894990004,0.5393749590109742,-0.7014441621247536,-1.168686000009933,1.1148195950211992,0.5871221822488115
2024-06-25,-13.268476906408234,466.31,1.3067998788397484,3.19,-42.0,-7.000000000000028,12.84000015258789,11.100000381469727,-1.739999771118164,0,146.63999938964844,,,123.9417,1.8020874316311497,-1.9999999999999574,0.39335900157368986,0.9496284977134062,0.3493980308245881,-0.44220685195686116,-0.9800262762226009,-0.5751031048819688
2024-06-26,-13.30490879057139,490.156,1.3067998788397484,3.18,-39.0,-6.00000000000005,12.550000190734863,10.510000228881836,-2.0399999618530273,0,143.49000549316406,,,124.26,2.1730478912522333,8.999999999999986,0.15724312002203256,1.2608684639888956,0.6365419762104585,0.7636894381480852,0.0866011298261915,-0.7511070426863498
2024-06-27,-13.30490879057139,531.692,1.3067998788397484,3.21,-41.0,-6.00000000000005,12.239999771118164,10.489999771118164,-1.75,0,143.05999755859375,,,124.3379,2.3947130033764363,-3.000000000000025,0.09073212238914774,-0.8206586658289661,-0.28616930551543796,-0.8973129726001394,1.03831436594215,1.1003848888927692
2024-06-28,-13.30490879057139,664.57,1.3067998788397484,3.18,-35.0,-7.000000000000028,12.4399995803833,10.539999961853027,-1.8999996185302734,0,141.7899932861328,,,124.2103,1.6749601560523963,7.000000000000028,-0.4083652583445674,0.6139542790033703,0.4942425621584867,0.7315718854553399,-0.24467452100440656,0.13766191318025367
2024-07-01,-13.30490879057139,451.783,1.4745914333259558,3.21,-28.999999999999996,0.0,12.220000267028809,10.930000305175781,-1.2899999618530273,0,145.82000732421875,,,124.4667,2.055262335796715,12.00000000000001,0.26755639309195,0.1212145973046308,0.23196596192052166,0.9209030116706707,2.256556680440558,-0.004289793260281449
2024-07-02,-13.30490879057139,443.369,1.4745914333259558,3.23,-31.0,-5.000000000000071,12.029999732971191,10.600000381469727,-1.4299993515014648,0,147.16000366210938,,,124.2917,1.796671526151128,-5.000000000000071,0.6195317856513505,1.1194069203338541,-0.8362110708840187,0.07616732975097573,-0.683616830895073,-0.19763264578318562
2024-07-03,-12.97603657225711,425.898,1.4745914333259558,3.25,-35.0,-7.000000000000028,12.09000015258789,10.720000267028809,-1.369999885559082,0,148.8300018310547,,,123.7768,1.1654184807794676,-6.99999999999994,0.5084444409779065,1.262817740428246,0.47287176757486726,-0.48832019076298083,1.292114148496526,1.5841605177841167
2024-07-05,-12.97603657225711,390.632,1.4745914333259558,3.27,-32.0,-8.000000000000007,12.479999542236328,10.8100004196167,-1.669999122619629,0,150.1999969482422,,,123.4762,0.6116083359950952,-8.000000000000007,0.5448765178485582,-0.003122048017667467,1.3200294461459317,-0.2581104446569005,-0.858361486509529,1.2162026687865923
2024-07-08,-12.97603657225711,415.257,1.4745914333259558,3.2,-34.0,-8.000000000000007,12.369999885559082,11.050000190734863,-1.3199996948242188,0,148.52999877929688,,,123.3576,0.672222136078271,0.0,0.10166989647510949,-0.3218387775625997,-0.1561709133657052,-0.9316534753254335,-0.9980781559691843,-1.3941824922807156
2024-07-09,-12.97603657225711,423.152,1.4745914333259558,3.21,-32.0,-6.00000000000005,12.510000228881836,11.109999656677246,-1.4000005722045898,0,151.08999633789062,,,123.4071,0.8464403009529109,1.9999999999999574,0.07410719362856977,1.9604191972324436,0.3366228449555475,1.263396114818649,-1.1174518990454962,0.20805649566768558
2024-07-10,-12.930625003992446,422.147,1.4745914333259558,3.17,-34.0,-6.00000000000005,12.850000381469727,12.0,-0.8500003814697266,0,156.9600067138672,,,123.1895,-0.29097766877920206,-1.9999999999999574,1.0208065293514812,0.6056165592749796,0.021277523272456023,-0.6760912844092748,0.8475553138107328,0.5126839123324123
2024-07-11,-12.930625003992446,403.708,1.4745914333259558,3.18,-30.0,-6.00000000000005,12.920000076293945,11.420000076293945,-1.5,0,152.22999572753906,,,122.769,-0.9228286088973969,-8.000000000000007,-0.8763028841120457,0.9371566260830022,0.8145114697546862,1.0554306671257008,0.6333791499701924,1.804234453633713
2024-07-12,-12.930625003992446,406.59,1.4745914333259558,3.19,-27.0,-6.00000000000005,12.460000038146973,10.550000190734863,-1.9099998474121094,0,150.86000061035156,,,122.4404,-1.2855252836096898,-2.000000000000046,0.5517027074430692,-2.4472796650381046,-1.18802969187628,0.0305670269806102,-0.4962522978448347,-0.041407867494824835
2024-07-15,-12.930625003992446,413.28,1.4745914333259558,3.13,-21.0,-6.00000000000005,13.119999885559082,12.180000305175781,-0.9399995803833008,0,147.39999389648438,,,122.6347,-0.9648750903459957,5.000000000000071,0.28262026252154904,-2.4472796650381046,0.1372041258312917,0.09141012671374238,-0.3649135454374952,0.3686786389291541
2024-07-16,-12.930625003992446,409.594,1.4745914333259558,3.08,-26.0,-5.000000000000071,13.1899995803833,11.800000190734863,-1.3899993896484375,0,151.52999877929688,,,122.7264,-1.0458501816188015,-6.00000000000005,0.6389375498743188,0.20489692848066898,0.18071690773633353,0.07710021114719634,-1.4039817781266728,1.6302778320222977
2024-07-17,-12.886558692240978,399.401,1.4745914333259558,3.09,-26.0,-5.000000000000071,14.479999542236328,13.15999984741211,-1.3199996948242188,0,146.38999938964844,,,122.518,-1.3299573002688247,-0.9999999999999787,-1.3927543241993745,-0.4297671302106121,-0.7955105432469245,-0.45186831763027735,2.5879102062987824,-0.3086360387031917
2024-07-18,-12.886558692240978,391.652,1.4745914333259558,3.09,-26.0,-6.00000000000005,15.930000305175781,14.899999618530273,-1.0300006866455078,0,151.1199951171875,,,122.7909,-1.165576026851478,4.0000000000000036,-0.7816403936922511,-2.3634900416870663,-0.6661276600713917,0.48190263330458727,-0.03620854538246565,-0.12220954620854041
2024-07-19,-12.886558692240978,379.801,1.4745914333259558,3.09,-24.0,-6.00000000000005,16.520000457763672,15.039999961853027,-1.4800004959106445,0,146.99000549316406,,,123.147,-0.6699597346617403,4.999999999999982,-0.7140265531926926,-0.15591375134754726,-1.0228950278764692,0.17385939063354616,-3.248010687416558,-2.296274072391602
2024-07-22,-12.886558692240978,395.901,1.4745914333259558,3.05,-24.0,-7.000000000000028,14.90999984741211,14.789999961853027,-0.11999988555908203,0,141.3800048828125,,,123.2172,-0.7849136820406999,0.9999999999999787,1.079203564940956,-1.1601225779591773,-1.1429228684484594,-0.6066781504015628,-0.4367883266165551,-0.1461072844917588
2024-07-23,-12.886558692240978,389.837,1.4745914333259558,3.02,-15.0,-6.00000000000005,14.720000267028809,14.609999656677246,-0.1100006103515625,0,137.0,,,123.3843,-0.583601781020815,-0.9999999999999787,-0.1558102589770738,-0.01164012980126028,0.3900846842884942,-1.6478949883082183,-3.5347201528862615,0.5267599354619623
2024-07-24,-12.590630695504156,399.121,1.4745914333259558,3.1,-9.0,-6.00000000000005,18.040000915527344,19.790000915527344,1.75,1,136.83999633789062,,,123.5575,-0.12529049206830845,3.000000000000025,-2.314909375473495,-1.1101043747910988,-0.5615879344131214,-0.4602159336912548,0.8186035095016919,0.36180449216294264
2024-07-25,-12.590630695504156,377.433,1.4745914333259558,3.08,-14.000000000000002,-5.000000000000071,18.459999084472656,19.81999969482422,1.3600006103515625,1,134.1699981689453,,,123.5286,-0.33330186692613895,-1.0000000000000675,-0.5142620237842288,-3.2827090193364827,-1.742120747532938,-0.524128636142418,0.889293045460926,-2.544240054782676
2024-07-26,-12.590630695504156,381.257,1.4745914333259558,3.1,-16.0,-5.000000000000071,16.389999389648438,16.809999465942383,0.4200000762939453,1,131.72999572753906,,,123.672,-0.47320135200387137,-6.99999999999994,1.1090468702846357,-0.533678817939276,0.7839448385284387,0.14393490580040247,-1.4307551541297592,1.1947828914082192
2024-07-29,-12.590630695504156,385.281,1.4745914333259558,3.13,-19.0,-7.000000000000028,16.600000381469727,17.389999389648438,0.7899990081787109,1,128.92999267578125,,,124.1392,-0.15980646287254707,-3.000000000000025,0.08133101292933098,2.127087438919806,1.2310160750865329,0.03279252273054034,-1.7496190246794496,-0.11344332654936728
2024-07-30,-12.590630695504156,367.054,1.4745914333259558,3.2,-20.0,-7.000000000000028,17.690000534057617,18.899999618530273,1.2099990844726562,1,127.30999755859375,,,124.2855,0.06054248319180555,-1.9999999999999574,-0.49601718780302173,0.14900534313218028,-0.9886020980063637,-0.4338034023985027,-1.4246065643590433,1.1651853196036122
2024-07-31,-12.530797766330315,413.2,1.4745914333259558,3.25,-20.0,-2.000000000000046,16.360000610351562,16.510000228881836,0.14999961853027344,1,136.69000244140625,,,123.6373,-0.666362970979395,-6.00000000000005,1.5793398659167401,1.4947615968660788,1.1869154695422157,2.0647023096314943,4.255319366154864,0.8939708939708968
2024-08-01,-12.530797766330315,348.885,1.9723799441824674,3.35,-17.0,-5.000000000000071,18.59000015258789,19.540000915527344,0.9500007629394531,1,136.69000244140625,,,123.8693,-0.3398457016840273,-9.999999999999964,-1.3693502993456064,-2.494748785872136,0.25228338003158157,-0.21648873368006472,-2.053659386867379,0.35029878425716365
2024-08-02,-12.530797766330315,338.473,1.9723799441824674,3.72,-8.0,-5.000000000000071,23.389999389648438,23.309999465942383,-0.07999992370605469,0,139.64999389648438,,,123.4681,-0.2494005338641747,-19.00000000000004,-1.8381860868696753,-5.8139060729441745,-3.653768351000408,-0.9224250621739594,-3.656140747986625,-0.38193219006673607
2024-08-05,-12.530797766330315,316.246,1.9723799441824674,3.93,-11.0,-8.000000000000007,38.56999969482422,42.790000915527344,4.220001220703125,1,145.3000030517578,,,123.5787,0.08301194886140006,-2.0000000000000018,-2.996879838863975,-12.395757674714236,-8.767684570805523,-1.5364785184597607,-0.7888931285946366,-0.9894051400877291
2024-08-06,-12.530797766330315,291.958,1.9723799441824674,3.67,-9.0,-7.000000000000028,27.709999084472656,28.93000030517578,1.220001220703125,1,145.3000030517578,,,123.6532,0.23962852714385363,12.00000000000001,1.0354085880061037,10.226327398560752,3.3011755607594617,0.23022134823376117,0.35644981921243435,-0.5246222996955541
2024-08-07,-12.584730394733779,286.66,1.9723799441824674,3.57,-4.0,-7.000000000000028,27.850000381469727,29.260000228881836,1.4099998474121094,1,145.3000030517578,,,123.5698,0.13184006430748685,6.000000000000005,-0.7734647858502863,1.1943897645556811,1.8341498942087808,0.08893604140527422,2.773232914376722,0.058595382634796245
2024-08-08,-12.584730394733779,303.159,1.9723799441824674,3.48,-5.0,-6.00000000000005,23.790000915527344,23.899999618530273,0.10999870300292969,1,145.3000030517578,,,123.4466,0.20870285210996542,3.000000000000025,2.3042611519136447,-0.7366071453420164,-0.4547534093197969,0.0023309547386496376,1.2760853936399252,1.326080366947302
2024-08-09,-12.584730394733779,312.198,1.9723799441824674,3.49,-11.0,-6.00000000000005,20.3700008392334,20.059999465942383,-0.3100013732910156,0,144.52000427246094,,,122.9276,0.12918570648940975,-5.000000000000027,0.46716768495385086,0.5565465716637075,1.2398630834713043,-0.2685384420772152,0.8531222938130911,0.4087254018639186
2024-08-12,-12.584730394733779,328.641,1.9723799441824674,3.52,-11.0,-6.00000000000005,20.709999084472656,21.920000076293945,1.210000991821289,1,140.82000732421875,,,123.2204,0.6370446355941306,-4.0000000000000036,0.004303397765514916,0.5565465716637075,1.1539859287814425,-0.1393690834352479,4.19052755617495,1.2458288504120008
2024-08-13,-12.584730394733779,324.494,1.9723799441824674,3.54,-8.0,-6.00000000000005,18.1200008392334,18.56999969482422,0.4499988555908203,1,143.8699951171875,,,123.0146,0.3097818154241816,-4.999999999999982,1.6847579753558328,3.447570931477517,0.12221483833785296,0.34080713351980485,-2.1358969980247,0.17462837064086134
2024-08-14,-11.884009861857637,328.472,1.9723799441824674,3.46,-11.0,-7.000000000000028,16.190000534057617,15.789999961853027,-0.40000057220458984,0,141.82000732421875,,,122.4297,-0.24175727471840158,-2.0000000000000018,0.38237284285767004,0.5793635571816225,0.8773602899103672,-0.6029399408722491,-1.7485579372921167,-1.1067438021862053
2024-08-15,-11.884009861857637,307.141,1.9723799441824674,3.31,-16.0,-5.000000000000071,15.229999542236328,14.369999885559082,-0.8599996566772461,0,143.55999755859375,,,122.5844,0.054196118121430104,8.999999999999986,1.6133247764330783,0.7798901992462026,0.8773602899103672,0.9367624737298685,1.532866008987388,0.5616215405820579
2024-08-16,-11.884009861857637,330.317,1.9723799441824674,3.29,-17.0,-8.000000000000007,14.800000190734863,12.970000267028809,-1.8299999237060547,0,142.5500030517578,,,122.3972,-0.3206263656345798,-2.9999999999999805,0.1989779357261412,3.6377714576229403,1.9939489683777678,0.07201125299920452,-1.9319371359785231,1.8547958986048663
2024-08-19,-11.884009861857637,333.583,1.9723799441824674,3.21,-20.0,-8.000000000000007,14.649999618530273,14.119999885559082,-0.5299997329711914,0,141.5,,,121.8788,-1.0298261427399868,-3.000000000000025,0.9722284736913167,-1.7708971757516734,-0.8479022260793778,0.49468613451844057,-2.9745580351059675,0.1280697609383985
2024-08-20,-11.884009861857637,310.819,1.9723799441824674,3.25,-17.0,-8.000000000000007,15.880000114440918,15.850000381469727,-0.029999732971191406,0,146.25999450683594,,,121.7728,-1.1722389406673805,-4.0000000000000036,-0.19845553982971165,1.803491975698246,0.8327141632430868,-0.9335254392558445,-0.4437297550992092,0.3797265894390778
2024-08-21,-12.275536283893018,321.329,1.9723799441824674,3.27,-13.0,-9.000000000000075,16.270000457763672,15.649999618530273,-0.6200008392333984,0,149.6699981689453,,,121.8535,-1.2406764880134702,-2.9999999999999805,0.4239676828782013,-0.29194052446873675,0.1668749585800322,-0.35152062585064314,-2.849811702135008,-0.11548387002693339
2024-08-22,-12.275536283893018,316.777,1.9723799441824674,3.21,-13.0,-9.000000000000075,17.549999237060547,16.549999237060547,-1.0,0,154.16000366210938,,,122.3626,-0.9670801044048383,6.999999999999984,-0.8932805548120926,0.6830003640514004,0.24212234680438538,-0.27347390314726994,1.50146229177337,-1.1760485229024398
2024-08-23,-12.275536283893018,312.896,1.9723799441824674,3.19,-9.0,-7.000000000000028,15.859999656677246,13.6899995803833,-2.1700000762939453,0,153.9499969482422,,,121.4597,-1.674834815581172,-4.999999999999982,1.148337085011919,0.4010828439404923,-0.22085337730564092,0.1964336675359446,2.4928087132886967,1.1900440179980043
2024-08-26,-12.275536283893018,353.557,1.9723799441824674,3.15,-9.0,-6.00000000000005,16.149999618530273,14.869999885559082,-1.2799997329711914,0,151.5,,,121.6943,-1.5991493628307096,0.9999999999999787,-0.31537266931381813,-0.6622067469395199,-0.1362085109851474,0.04036268770168938,3.461173693057118,0.3707562266860087
2024-08-27,-12.275536283893018,344.045,1.9723799441824674,3.17,0.0,-5.000000000000071,15.430000305175781,14.170000076293945,-1.260000228881836,0,151.8300018310547,,,121.8672,-1.8302035134752037,1.000000000000023,0.15951960865450143,0.4681220669981112,-0.3246841091737118,-0.23775222914089733,-2.44122892579266,-0.06752000654739465
2024-08-28,-12.289609220968622,388.89,1.9723799441824674,3.19,1.0,-5.000000000000071,17.110000610351562,16.639999389648438,-0.470001220703125,0,151.67999267578125,,,121.8943,-1.9239573401563348,0.9999999999999787,-0.597597320797616,0.21714186258217083,0.021570256577119196,-0.39673813089401433,-1.3372198498000198,-0.59618441971383
2024-08-29,-12.289609220968622,383.434,1.9723799441824674,3.15,0.0,-7.000000000000028,15.649999618530273,13.729999542236328,-1.9200000762939453,0,153.00999450683594,,,122.2333,-1.1355796349483471,3.000000000000025,-0.003937906806072977,-0.024055368678810307,-1.0242300824938821,-0.504787900371606,1.8652805712012777,0.9876030056727325
2024-08-30,-12.289609220968622,433.13,1.9723799441824674,3.13,0.0,-8.000000000000007,15.0,12.899999618530273,-2.1000003814697266,0,159.0,,,122.3262,-1.2457485430207416,4.0000000000000036,1.0093051774424433,0.7434826136505368,0.45186941886246057,0.6768486407420893,-3.108945457118406,-1.2630123514453473
2024-09-03,-12.289609220968622,349.808,2.514744429882043,3.31,-4.0,-6.00000000000005,20.719999313354492,20.06999969482422,-0.6499996185302734,0,163.60000610351562,,,122.7811,-0.5564190264529922,-7.000000000000028,-2.115107439771169,-0.037628351994256626,-0.6105974333271202,-0.2865815777819636,-4.3643869213822795,-0.15639371272799796
2024-09-04,-12.204816549603414,337.312,2.514744429882043,3.35,1.0,-5.000000000000071,21.31999969482422,20.43000030517578,-0.8899993896484375,0,160.89999389648438,,,122.5144,-0.8612325586852765,-6.999999999999984,-0.16025435809103872,-4.235863483275681,-3.146021686730205,-0.6671804429613348,-1.6206986764290554,0.14056789980614326
2024-09-05,-12.204816549603414,291.091,2.514744429882043,3.29,-2.0,-5.000000000000071,19.899999618530273,19.540000915527344,-0.3599987030029297,0,156.7100067138672,,,122.4533,-0.9703752106698382,-4.0000000000000036,-0.3018017615584734,-1.054101837711352,-0.20536456633017952,0.1449527870945877,-0.07224772336431595,0.7219058596689809
2024-09-06,-12.204816549603414,299.271,2.514744429882043,3.39,6.0,-6.00000000000005,22.3799991607666,22.260000228881836,-0.11999893188476562,0,148.97999572753906,,,122.4991,-0.8664738471697797,-0.9999999999999787,-1.7260249859284649,-0.7246104229282846,-1.2121906698941975,-0.8071931770203711,-2.140279572343484,-0.7127459998324093
2024-09-09,-12.204816549603414,292.158,2.514744429882043,3.36,2.0,-6.00000000000005,19.450000762939453,19.670000076293945,0.2199993133544922,1,140.3300018310547,,,122.7156,-0.5921588767937025,-2.0000000000000018,1.15800702824842,-0.48285698828794965,-0.32819098370070465,-1.0600468101276905,1.5368714994359323,0.3328674083868055
2024-09-10,-12.204816549603414,281.392,2.514744429882043,3.46,6.0,-7.000000000000028,19.079999923706055,19.690000534057617,0.6100006103515625,1,139.75,,,123.0071,0.06467221356309949,-5.000000000000027,0.4472672652839682,-0.15625755023711552,-0.4929158272095169,0.28152351910197826,-4.307959720438371,0.4196978093800263
2024-09-11,-12.147238491135514,279.215,2.514744429882043,3.44,3.0,-8.000000000000007,17.690000534057617,17.8799991607666,0.18999862670898438,1,139.72999572753906,,,122.7754,-0.36114149929719064,0.0,1.0665025888896507,-1.4917122595469623,-0.39865638141910464,-0.8161591286995562,2.372619860979097,-0.00795888898574848
2024-09-12,-12.147238491135514,294.464,2.514744429882043,3.39,4.0,-7.000000000000028,17.06999969482422,16.75,-0.31999969482421875,0,145.8800048828125,,,122.4423,-0.465229330502237,3.000000000000025,0.7495302358939249,3.406815978793376,2.3363041639419713,-0.17164684093030624,2.466206688931072,1.5564608095077315
2024-09-13,-12.147238491135514,284.951,2.514744429882043,3.37,9.0,-7.000000000000028,16.559999465942383,15.800000190734863,-0.7599992752075195,0,149.99000549316406,,,121.6551,-0.6326896169801866,-2.0000000000000018,0.5407711405364557,-0.6828278230544216,0.1290710708143461,-0.47966024208452307,-0.46396939127233416,1.1798407899162866
2024-09-16,-12.147238491135514,239.386,2.514744429882043,3.32,7.000000000000001,-2.000000000000046,17.139999389648438,17.190000534057617,0.05000114440917969,1,152.1699981689453,,,121.4976,-0.8865728428739672,-3.000000000000025,0.12566297656613212,-0.6828278230544216,0.1290710708143461,-0.47966024208452307,2.0975889002258663,-0.03487182688365342
2024-09-17,-12.147238491135514,256.337,2.514744429882043,3.25,6.0,-2.000000000000046,17.610000610351562,18.09000015258789,0.4799995422363281,1,157.5399932861328,,,121.6031,-0.6487893513903886,2.0000000000000018,0.026455008109871336,-1.034786054483472,0.1290710708143461,-0.47966024208452307,1.5694195477093498,-0.6239286205599992
2024-09-18,-11.40257649153985,305.831,2.514744429882043,3.21,9.0,-7.000000000000028,18.229999542236328,17.950000762939453,-0.279998779296875,0,167.4199981689453,,,121.5618,-0.26009445449084456,5.000000000000027,-0.2896455862498093,0.48877732729220025,0.1290710708143461,0.48781355428286766,-0.3933119394501139,0.24957696922693895
2024-09-19,-11.40257649153985,311.777,2.514744429882043,3.1,14.000000000000002,-8.000000000000007,16.329999923706055,14.65999984741211,-1.6700000762939453,0,171.72000122070312,,,121.3059,-0.3834189572712532,2.9999999999999805,1.697685316676334,2.1307107967037275,0.20929238073543743,0.6896955727605292,1.4666383195923283,0.6729703643647111
2024-09-20,-11.40257649153985,339.316,2.514744429882043,3.15,18.0,-7.000000000000028,16.149999618530273,13.199999809265137,-2.9499998092651367,0,165.75,,,121.4052,-0.36790079891017013,0.0,-0.19410273951238066,1.530283972562807,0.4870609160551931,0.028946850405997537,-0.04169392712893849,1.2326082822160078
2024-09-23,-11.40257649153985,380.372,2.514744429882043,3.15,18.0,-7.000000000000028,15.890000343322754,14.350000381469727,-1.5399999618530273,0,165.60000610351562,,,121.4303,-0.7619158141458193,2.0000000000000018,0.2809273058532735,1.530283972562807,0.33315308605061933,0.44226622860501497,-2.155166103761885,0.2519217490082548
2024-09-24,-11.40257649153985,388.977,2.514744429882043,3.21,25.0,-6.00000000000005,15.390000343322754,14.119999885559082,-1.2700004577636719,0,165.60000610351562,,,121.1291,-0.27218904706663993,-0.9999999999999787,0.25111788443470395,0.5743828956291219,1.1402693211649995,4.154653180299639,1.6910540934567786,0.9404131418951023
2024-09-25,-11.522089800831381,416.193,2.514744429882043,3.19,26.0,-6.00000000000005,15.40999984741211,14.239999771118164,-1.1700000762939453,0,160.47999572753906,,,121.4447,-0.20510410101377552,4.999999999999982,-0.18612489301417234,-0.18536381561180537,-1.3436232444576257,1.1588708255324986,-2.613184992993234,0.3017501564325231
2024-09-26,-11.522089800831381,424.916,2.514744429882043,3.14,19.0,-7.000000000000028,15.369999885559082,14.5600004196167,-0.8099994659423828,0,158.6699981689453,,,121.0785,-0.6471798810508411,0.0,0.403867571712313,2.786796656801238,2.8983329488937226,3.613118778643565,-2.898556753760073,0.4023748258253246
2024-09-27,-11.522089800831381,436.518,2.514744429882043,3.14,20.0,-6.00000000000005,16.959999084472656,15.739999771118164,-1.2199993133544922,0,160.99000549316406,,,121.1111,-0.6425238916011766,-4.0000000000000036,-0.12532169669905446,2.32219674517542,-0.8156267103217485,2.8849560560313625,0.7536606325260875,-0.9588319582000904
2024-09-30,-11.522089800831381,465.638,2.514744429882043,3.03,15.0,5.999999999999961,16.729999542236328,16.649999618530273,-0.07999992370605469,0,154.3000030517578,,,121.2864,-0.7746661507134323,6.000000000000005,0.42365525811767224,-4.795453125608362,-2.1326302236725714,8.063665582600233,-0.014670190944121586,-0.31009911963315595
2024-10-01,-11.522089800831381,375.221,2.8894514767932478,3.07,13.0,14.999999999999947,19.260000228881836,19.549999237060547,0.28999900817871094,1,154.3000030517578,,,121.6881,-0.5216380464691861,-6.999999999999984,-0.9324107094664358,1.931504866645617,-2.1326302236725714,8.063665582600233,2.435094186148268,1.1835647363927837
2024-10-02,-11.42385500256291,383.398,2.8894514767932478,3.06,16.0,1.9999999999999574,18.899999618530273,18.760000228881836,-0.1399993896484375,0,161.5,,,121.5724,-0.9844349008112707,4.999999999999982,0.013839090212397487,-2.1815370821182345,-1.2177705324611043,8.063665582600233,0.38664848344072134,-0.7573182919840549
2024-10-03,-11.42385500256291,341.248,2.8894514767932478,3.04,15.0,-5.000000000000071,20.489999771118164,20.40999984741211,-0.07999992370605469,0,162.77999877929688,,,122.1197,-0.32216621066585294,6.000000000000005,-0.1681413492255035,1.9659381614483884,-1.2177705324611043,8.063665582600233,5.1497870027547465,0.3777718873892999
2024-10-04,-11.42385500256291,330.012,2.8894514767932478,2.89,5.0,-7.000000000000028,19.209999084472656,16.479999542236328,-2.729999542236328,0,156.42999267578125,,,122.2197,-0.1907666024517085,12.99999999999999,0.8970249395274354,0.21675236822125132,0.31307534146178817,8.063665582600233,0.9089651027908596,-0.4252774985064489
2024-10-07,-11.42385500256291,322.948,2.8894514767932478,2.95,4.0,-7.000000000000028,22.639999389648438,20.0,-2.6399993896484375,0,155.57000732421875,,,122.4241,-0.06122493961180364,5.000000000000027,-0.9586022165882668,1.8043379859441933,1.5826658452988474,8.063665582600233,3.7106779216822927,-0.037795751059988
2024-10-08,-11.42385500256291,325.355,2.8894514767932478,2.99,6.0,-6.00000000000005,21.420000076293945,18.0,-3.4200000762939453,0,156.27999877929688,,,122.6625,-0.04327078219884539,0.9999999999999787,0.9689347495581924,-1.0047589769217602,-0.6136951750242869,4.593974722624106,-4.627948824307726,-1.1267410873396222
2024-10-09,-11.383398553380042,343.448,2.8894514767932478,2.94,7.000000000000001,-7.000000000000028,20.860000610351562,16.40999984741211,-4.450000762939453,0,156.92999267578125,,,122.8821,-0.10162015038156502,1.9999999999999574,0.7113411987488272,0.8742768115200583,-0.6136951750242869,-6.6169595074001775,-0.44855488979688163,-0.34416826003823564
2024-10-10,-11.383398553380042,322.587,2.8894514767932478,2.99,11.0,-8.000000000000007,20.93000030517578,15.489999771118164,-5.440000534057617,0,154.08999633789062,,,123.0951,0.26039418319956376,3.000000000000025,-0.2070122839989974,0.2620545594609336,0.18500919258543913,1.321570820874185,3.5636273709432675,0.5602493344685433
2024-10-11,-11.383398553380042,331.735,2.8894514767932478,2.98,13.0,-9.000000000000075,20.459999084472656,14.329999923706055,-6.129999160766602,0,159.42999267578125,,,122.9805,0.43955397766948234,-0.9999999999999787,0.6051847587953629,0.571114956214891,-0.0865664320812809,-2.549663064341068,-0.3823347677802347,1.4118903541632033
2024-10-14,-11.383398553380042,331.735,2.8894514767932478,2.97,13.0,-9.000000000000075,19.700000762939453,14.640000343322754,-5.060000419616699,0,153.0800018310547,,,122.9805,0.43955397766948234,-0.9999999999999787,0.770766688322233,0.571114956214891,1.0158275737681466,2.069309563724331,-2.289565621276679,-0.3687555865447112
2024-10-15,-11.383398553380042,286.398,2.8894514767932478,2.93,8.0,-4.0000000000000036,20.639999389648438,14.880000114440918,-5.7599992752075195,0,159.69000244140625,,,123.5124,1.5266930856166372,-4.999999999999982,-0.7609466332438197,0.7694579934974355,0.38729656111551325,-2.5281011005541143,-4.402004496000123,0.5136284184919404
2024-10-16,-11.267613090467588,272.028,2.8894514767932478,2.9,9.0,-4.0000000000000036,19.579999923706055,14.25,-5.329999923706055,0,161.85000610351562,,,123.9235,1.9966649546987014,-1.0000000000000675,0.4679145956573816,-1.8297166681625288,-0.8767906805946746,0.05172929752788047,-0.2692015251870572,0.4734387209210489
2024-10-17,-11.267613090467588,262.21,2.8894514767932478,2.89,13.0,-5.000000000000071,19.110000610351562,13.850000381469727,-5.260000228881836,0,165.82000732421875,,,124.1122,2.0633520033617625,7.000000000000028,-0.017116047891174713,-0.6868486704644794,-0.040609668786162345,-1.0479085162861557,0.39778204535410033,0.6357516828721099
2024-10-18,-11.267613090467588,259.892,2.8894514767932478,2.88,13.0,-6.00000000000005,18.030000686645508,12.380000114440918,-5.65000057220459,0,155.5500030517578,,,123.9185,1.9386846854850592,-0.9999999999999787,0.39715527389487804,0.1813323910166087,-0.5932618012137847,2.908418611075181,-2.0517857447453047,0.843550768185608
2024-10-21,-11.267613090467588,261.044,2.8894514767932478,2.88,17.0,-8.000000000000007,18.3700008392334,14.390000343322754,-3.9800004959106445,0,150.97000122070312,,,124.4757,2.6130633382217994,11.000000000000032,-0.18227694906369774,-0.06964396801066863,0.42793459928180955,0.20073563393221416,1.9358513641427821,0.3463959410956896
2024-10-22,-11.267613090467588,237.76,2.8894514767932478,2.92,17.0,-7.000000000000028,18.200000762939453,14.550000190734863,-3.65000057220459,0,146.8000030517578,,,124.4107,2.4755941261165093,0.9999999999999787,-0.04748538883844189,-1.3930077660513907,-1.3136668968500853,0.5433365264277512,2.168365691943719,0.7748467834063577
2024-10-23,-11.108255994375194,270.839,2.8894514767932478,2.95,17.0,-7.000000000000028,19.239999771118164,16.489999771118164,-2.75,0,146.97000122070312,,,124.6931,2.6869735148476126,4.0000000000000036,-0.9191323428069387,-0.7994946235618694,1.1249918918947222,0.5154206012655926,-1.8310441973630964,-1.0859284803718228
2024-10-24,-11.108255994375194,202.798,2.8894514767932478,2.93,14.000000000000002,-7.000000000000028,19.079999923706055,16.670000076293945,-2.4099998474121094,0,144.7100067138672,,,124.5127,2.793383258028004,-3.000000000000025,0.2145772011323821,0.10085245853239666,-0.715107863941955,-0.6824518207450003,-0.8195481548280981,0.7552313858506743
2024-10-25,-11.108255994375194,227.0,2.8894514767932478,2.89,14.000000000000002,-7.000000000000028,20.329999923706055,18.489999771118164,-1.8400001525878906,0,148.91000366210938,,,124.6105,2.6067831696237054,4.0000000000000036,-0.029944716993013376,-0.6013303863863673,0.08678667853334598,0.5925443196937996,2.2652746581935723,0.21938645706405246
2024-10-28,-11.108255994375194,251.032,2.8894514767932478,2.82,16.0,-8.000000000000007,19.799999237060547,21.170000076293945,1.3700008392333984,1,148.4600067138672,,,124.8076,3.0799027077474506,3.000000000000025,0.26514435020339455,1.824156776184216,1.1287984565649944,0.6818209900269823,-6.129843411404423,0.07296873549778038
2024-10-29,-11.108255994375194,244.841,2.8894514767932478,2.85,17.0,-8.000000000000007,19.34000015258789,21.770000457763672,2.4300003051757812,1,150.74000549316406,,,124.8612,3.0964131281113083,0.0,0.1614127248163344,0.7722946112806106,0.20556023809326085,-1.0773293959614016,-0.25229767865074804,0.9296730069591863
2024-10-30,-10.845435879808774,228.946,2.8894514767932478,2.8,14.000000000000002,-9.000000000000075,20.350000381469727,23.59000015258789,3.239999771118164,1,153.4499969482422,,,124.8153,2.9095595219249537,0.9999999999999787,-0.3300233889343751,0.960605630371969,-0.9171827228123597,-0.6137080836420505,2.0830256583091344,0.7260547018237196
2024-10-31,-10.845435879808774,201.278,2.8894514767932478,2.88,12.0,0.0,23.15999984741211,26.049999237060547,2.8899993896484375,1,152.07000732421875,,,124.7988,2.5562893988812396,-0.9999999999999787,-1.8614700871699585,-0.49937285007715104,-1.4511635927306865,0.415950624101602,0.9473859788609929,-1.8002492799668257
2024-11-01,-10.845435879808774,155.476,3.3981214186229236,2.83,16.0,-4.0000000000000036,21.8799991607666,23.469999313354492,1.5900001525878906,1,146.66000366210938,,,124.8076,2.6611303223428973,8.999999999999986,0.4092509543626166,-2.629337917799457,-0.5394752048473728,-0.2381243217383422,0.3320758308477556,0.01095748540242969
2024-11-04,-10.845435879808774,171.885,3.3981214186229236,2.87,14.000000000000002,-8.000000000000007,21.979999542236328,25.770000457763672,3.7900009155273438,1,148.9499969482422,,,124.5903,2.0230970105560298,-6.00000000000005,-0.2812083478299976,-2.629337917799457,1.8333305004740508,1.1672662835396252,2.849335757378002,-0.0912875159151394
2024-11-05,-10.845435879808774,144.243,3.3981214186229236,2.86,7.000000000000001,-8.000000000000007,20.489999771118164,24.700000762939453,4.210000991821289,1,152.67999267578125,,,124.5532,1.9092666730486263,-4.999999999999982,1.2265644545291332,1.1069275098698927,-0.4669844775117893,2.319493269515571,0.7275732953475611,0.15350137136695974
2024-11-06,-11.021830014689549,177.871,3.3981214186229236,2.74,15.0,-9.000000000000075,16.270000457763672,15.850000381469727,-0.4200000762939453,0,148.11000061035156,,,125.7035,2.6787209381159416,16.000000000000014,2.5295927786425976,2.6141029043489583,-0.518839591090392,-0.09392277817666939,-0.416718198729471,-2.6529923685898793
2024-11-07,-11.021830014689549,159.002,3.3981214186229236,2.73,10.0,-8.000000000000007,15.199999809265137,13.84000015258789,-1.359999656677246,0,152.1199951171875,,,124.775,1.7222052379496589,-11.000000000000032,0.7431229727488331,-0.2514185145183756,0.04368514429859971,2.566783758435842,0.9345768532968313,1.154588527514333
2024-11-08,-11.021830014689549,163.621,3.3981214186229236,2.63,4.0,-5.000000000000071,14.9399995803833,13.09000015258789,-1.8499994277954102,0,150.33999633789062,,,125.5811,2.1964142865397163,-0.9999999999999787,0.3756833309231711,0.30207383897125073,-0.13569133277561152,-0.5291144862694219,-2.736323024091214,-0.4039394729551615
2024-11-11,-11.021830014689549,163.621,3.3981214186229236,2.63,4.0,-5.000000000000071,14.970000267028809,14.0,-0.9700002670288086,0,140.32000732421875,,,125.5811,2.1964142865397163,-0.9999999999999787,0.09690634297987444,0.08341496000581206,-1.1514355410196075,0.5146949470139495,-3.324803110555652,-2.8390715843023218
2024-11-12,-11.021830014689549,178.814,3.3981214186229236,2.61,9.0,-5.000000000000071,14.710000038146973,13.920000076293945,-0.7899999618530273,0,141.5,,,126.7762,2.9904520976058446,12.99999999999999,-0.289265965137242,-0.39771632513316835,-1.9390378429264832,-1.3860240238254162,0.11758058491799783,-0.4289197066983941
2024-11-13,-10.849443076773857,238.106,3.3981214186229236,2.64,17.0,-6.00000000000005,14.020000457763672,12.8100004196167,-1.2100000381469727,0,142.9199981689453,,,126.9572,3.23360207512573,1.0000000000000675,0.023222772482434095,-1.6619976490730104,-2.637991614780666,0.5057936106082739,0.4550756695459901,-0.7384596604567362
2024-11-14,-10.849443076773857,214.509,3.3981214186229236,2.6,9.0,-7.000000000000028,14.3100004196167,13.130000114440918,-1.1800003051757812,0,147.97999572753906,,,127.0015,2.8248985526959203,-1.0000000000000675,-0.6049734794859041,-0.48025042508407223,0.07364378669059146,-1.7282395760772284,0.3945588804067146,-0.488224481473154
2024-11-15,-10.849443076773857,172.4,3.3981214186229236,2.72,12.0,-8.000000000000007,16.139999389648438,14.8100004196167,-1.3299989700317383,0,149.5500030517578,,,126.8848,2.389619402292542,0.0,-1.3203489851361216,0.27821199478283987,-0.08268357454254138,-1.453117603875409,-2.445415400005735,-0.09734444542992549
2024-11-18,-10.849443076773857,200.03,3.3981214186229236,2.72,13.0,-8.000000000000007,15.579999923706055,13.979999542236328,-1.6000003814697266,0,147.3300018310547,,,126.6045,2.008102346102958,-0.9999999999999787,0.3917814394541086,-1.0922018865645367,2.1602392615596377,-0.20647009005725359,3.19308732651864,1.7500154865679907
2024-11-19,-10.849443076773857,200.664,3.3981214186229236,2.69,12.0,-8.000000000000007,16.350000381469727,14.239999771118164,-2.1100006103515625,0,149.4600067138672,,,126.3994,2.0020416644811023,-3.000000000000025,0.3963584828470035,0.5064725590518515,0.11663835908932718,0.6667236647788233,0.33255597941077575,0.6320385881703361
2024-11-20,-11.357113355919113,217.793,3.3981214186229236,2.67,10.0,-9.000000000000075,17.15999984741211,15.079999923706055,-2.0799999237060547,0,153.0,,,126.88,1.9315416583316924,2.000000000000046,0.002195086225209586,-0.1616315646362554,0.41829681404847996,0.6568720309294562,-0.7493826886298849,0.8031613844653007
2024-11-21,-11.357113355919113,188.567,3.3981214186229236,2.61,9.0,-8.000000000000007,16.8700008392334,14.149999618530273,-2.720001220703125,0,155.72000122070312,,,127.1047,2.1654086023147334,1.9999999999999574,0.5340461540581654,-0.850451289488019,-0.06688002706674023,0.07170566924941113,1.785967298513147,0.9025053593026078
2024-11-22,-11.357113355919113,204.254,3.3981214186229236,2.61,4.0,-8.000000000000007,15.239999771118164,11.460000038146973,-3.7799997329711914,0,161.63999938964844,,,127.4712,2.2279500629946547,-1.9999999999999574,0.3467959094991535,0.677637728949021,0.8308416972913069,-3.06230815618056,1.6262473815449319,1.414610355377599
2024-11-25,-11.357113355919113,186.749,3.3981214186229236,2.64,6.0,-7.000000000000028,14.600000381469727,12.3100004196167,-2.2899999618530273,0,167.27999877929688,,,126.9948,1.9934512704326668,-14.000000000000057,0.3020480305938378,1.296340473188251,1.323347531043928,-0.10504080802139493,-3.228516972672435,-3.4355458456271526
2024-11-26,-11.357113355919113,148.823,3.3981214186229236,2.68,9.0,-7.000000000000028,14.100000381469727,11.729999542236328,-2.3700008392333984,0,166.22999572753906,,,127.4301,2.262730668763857,3.000000000000025,0.5722005647630368,-0.8719427509811917,-0.5516221179449388,-0.12264779504383982,-0.2465996407301163,0.13375114394267307
2024-11-27,-11.428789485059598,169.815,3.3981214186229236,2.69,6.0,-8.000000000000007,14.100000381469727,10.75,-3.3500003814697266,0,167.94000244140625,,,126.8205,1.6128024254933315,-4.999999999999982,-0.3801238017440034,-0.7986869829873622,-0.6864117860451935,1.534530685183788,-0.07269946895994694,0.7480003492115639
2024-11-29,-11.428789485059598,197.627,3.3981214186229236,2.72,5.0,-6.00000000000005,13.510000228881836,10.890000343322754,-2.619999885559082,0,167.94000244140625,,,126.5798,1.3764083638472258,-7.000000000000028,0.5607785488815242,-0.3677465599455032,-1.9467638965027012,0.9332789794105345,-1.047731676241892,0.647755531983174
2024-12-02,-11.428789485059598,135.858,3.4056949263470804,2.68,2.0,-1.0000000000000675,13.34000015258789,11.859999656677246,-1.4800004959106445,0,170.64999389648438,,,127.1272,1.8522568947877405,1.0000000000000675,0.24484564662998753,0.7982308202545862,-0.058224108041360356,1.1281038525481124,0.14705657958984375,-0.8317688240967236
2024-12-03,-11.428789485059598,161.572,3.4056949263470804,2.66,6.0,-1.0000000000000675,13.300000190734863,11.869999885559082,-1.4300003051757812,0,170.22999572753906,,,126.9565,1.7289429065023176,4.0000000000000036,0.04514491145146682,1.9106262056469703,1.8586469456062682,0.44066748579527637,2.701914843631581,0.3719324904679633
2024-12-04,-10.876517066166414,162.866,3.4056949263470804,2.66,6.0,-6.00000000000005,13.449999809265137,11.600000381469727,-1.8499994277954102,0,172.4499969482422,,,126.7574,1.5622446068989548,-4.0000000000000036,0.6051417924264779,0.07014535056153459,-1.4439460920021796,-0.41896475393886634,-2.00171786818536,0.34408809408483787
2024-12-05,-10.876517066166414,131.964,3.4056949263470804,2.66,2.0,-6.00000000000005,13.539999961853027,11.680000305175781,-1.859999656677246,0,173.92999267578125,,,126.4286,1.4754760202038142,-2.000000000000046,-0.18697756269248078,0.30351805652966135,-0.898940841872975,0.12497817743446493,-0.3501573687828219,-1.0249435025779796
2024-12-06,-10.876517066166414,130.014,3.4056949263470804,2.67,5.0,-5.000000000000071,12.770000457763672,10.380000114440918,-2.390000343322754,0,168.0500030517578,,,126.688,1.71396640150554,-1.9999999999999574,0.24954538421815275,-0.7727504478311609,-0.5606480741801145,1.0454871898559537,-1.610550592043225,0.45686437043490624
2024-12-09,-10.876517066166414,153.029,3.4056949263470804,2.67,7.000000000000001,-2.000000000000046,14.1899995803833,12.970000267028809,-1.2199993133544922,0,163.13999938964844,,,126.5981,0.7116746948175656,4.999999999999982,-0.6144213927296471,0.17734982522827902,-2.7831706489902297,-0.04529840756302139,1.7410801361211092,0.9967332568076914
2024-12-10,-10.876517066166414,174.842,3.4056949263470804,2.67,7.000000000000001,-1.0000000000000675,14.180000305175781,13.289999961853027,-0.8900003433227539,0,165.1199951171875,,,126.957,1.7487477459426914,1.9999999999999574,-0.2963883313944371,0.528793363210367,2.425675379379899,0.5915283581665376,0.3217691713777171,1.2270703032313035
2024-12-11,-10.880209562138244,180.12,3.4056949263470804,2.64,11.0,-3.000000000000025,13.579999923706055,12.039999961853027,-1.5399999618530273,0,169.05999755859375,,,126.8483,1.0090690398475433,4.0000000000000036,0.8165786048233592,0.011817703733840723,1.0203289290534823,0.2871771958195435,2.478502213736955,1.3419317119437668
2024-12-12,-10.880209562138244,165.025,3.4056949263470804,2.66,14.000000000000002,-3.000000000000025,13.920000076293945,11.930000305175781,-1.989999771118164,0,167.42999267578125,,,126.9556,0.1415092107193594,6.00000000000005,-0.5414022527810203,1.211285595385636,1.6216968308627733,0.8451593405417013,-0.3841289926648672,-1.6936150413770057
2024-12-13,-10.880209562138244,135.777,3.4056949263470804,2.68,15.0,-5.000000000000071,13.8100004196167,10.899999618530273,-2.910000801086426,0,169.91000366210938,,,127.3096,0.27757385953692815,8.000000000000007,-0.0026466639124200775,-0.9503322099559064,0.49714933876698897,-2.011326601545571,1.813773683730524,-1.1720930232558158
2024-12-16,-10.880209562138244,110.753,3.4056949263470804,2.69,14.000000000000002,0.0,14.6899995803833,12.0600004196167,-2.6299991607666016,0,166.7899932861328,,,127.2687,0.21039121585177956,-1.0000000000000675,0.3799354326022186,-0.032817279307018055,-0.2200873263290104,-0.1635340396967333,-0.8135808999945704,-0.17319644790098065
2024-12-17,-10.880209562138244,118.093,3.4056949263470804,2.75,15.0,-3.000000000000025,15.869999885559082,13.390000343322754,-2.479999542236328,0,173.0399932861328,,,127.5043,0.48823814988083747,1.0000000000000675,-0.3863994965801476,-0.23521161075552577,-1.2920972325065838,-0.7337128846641283,-0.8909592159170421,-0.2640114753648559
2024-12-18,-10.80689010434016,131.651,3.4056949263470804,2.73,15.0,-8.000000000000007,27.6200008392334,35.41999816894531,7.799997329711914,1,168.9199981689453,,,127.6418,0.819323167817898,9.999999999999964,-2.949284635160343,-0.7188392036881042,1.124216866104999,0.6164805057404799,0.7134703009931131,-0.29874083480143643
2024-12-19,-10.80689010434016,112.417,3.4056949263470804,2.91,25.0,-10.000000000000053,24.09000015258789,23.719999313354492,-0.37000083923339844,0,163.10000610351562,,,128.6366,1.7699451104989272,7.000000000000028,-0.08651123249070469,-0.6860825845849017,-1.9521580939886873,-0.35997339016411445,-0.9492747967746795,-1.6802597696994104
2024-12-20,-10.80689010434016,98.356,3.4056949263470804,2.86,22.0,-10.000000000000053,18.360000610351562,15.949999809265137,-2.410000801086426,0,161.2100067138672,,,127.893,0.7983921815889028,-5.000000000000071,1.0869123768910471,-0.28773355329502204,-1.3046364299760804,-0.05827442079652245,-0.6436912517008175,1.408070391464178
2024-12-23,-10.80689010434016,116.004,3.4056949263470804,2.85,28.999999999999996,-9.000000000000075,16.780000686645508,14.760000228881836,-2.020000457763672,0,170.64999389648438,,,128.3021,0.9420580041493265,7.000000000000028,0.7287273468533639,1.1871288613708675,1.5747814803463767,-0.49915875418639066,-0.31673081428574834,-0.6238788240719106
2024-12-24,-10.80689010434016,180.989,3.4056949263470804,2.86,30.0,0.0,14.270000457763672,10.890000343322754,-3.380000114440918,0,180.08999633789062,,,128.3377,0.6797613892393084,0.0,1.104275925539211,-0.31788565392986134,-0.06101491101250245,1.2613474610776443,1.242057534495622,0.2947575327470142
2024-12-26,-10.720102126587028,196.818,3.4056949263470804,2.86,28.000000000000004,12.99999999999999,14.729999542236328,11.630000114440918,-3.09999942779541,0,173.72000122070312,,,128.3329,1.0536651894408333,-0.9999999999999787,-0.040565878647391695,1.118385128261945,-0.444581383042042,0.13929616763945774,-0.6847300113940302,0.7175591155772931
2024-12-27,-10.720102126587028,268.739,3.4056949263470804,2.84,31.0,5.999999999999961,15.949999809265137,13.3100004196167,-2.6399993896484375,0,167.9199981689453,,,128.45,0.8003603544217475,4.0000000000000036,-1.1055736101235558,1.802215190342027,-1.0248265461727635,0.06077512678608343,1.4076352899701217,-0.8185575737669981
2024-12-30,-10.720102126587028,260.743,3.4056949263470804,2.94,31.0,-3.000000000000025,17.399999618530273,15.8100004196167,-1.5899991989135742,0,161.0800018310547,,,128.8205,1.5770321044310753,-7.000000000000028,-1.0701995701766776,-0.9598062524770912,-0.21956483380910496,0.21128052007246545,0.5524070794298952,-0.42411178827413964
2024-12-31,-10.720102126587028,473.46,3.4056949263470804,2.92,33.0,8.999999999999986,17.350000381469727,15.149999618530273,-2.200000762939453,0,169.16000366210938,,,129.2775,2.13122472938021,3.000000000000025,-0.42848003949274016,-0.9598062524770912,-0.21956483380910496,-1.6306919108908136,1.0283186067063577,0.8863762959987476
2025-01-02,-10.786751870583922,239.858,3.377408749490063,2.88,32.0,0.0,17.93000030517578,16.260000228881836,-1.6700000762939453,0,157.1999969482422,,,129.4598,1.8348551686814485,-0.9999999999999787,-0.22238866412221947,-0.9598062524770912,-0.022923572524313762,-2.6613428786055215,1.9659732413777942,1.1296193413755873
2025-01-03,-10.786751870583922,237.377,3.377408749490063,2.81,32.0,-9.000000000000075,16.1299991607666,13.4399995803833,-2.689999580383301,0,157.32000732421875,,,129.4535,1.9668154052765896,2.999999999999936,1.259602672149196,-0.9598062524770912,1.7916238638119086,-1.5672075699014854,1.1349676770511463,-0.5227689215189235
2025-01-06,-10.786751870583922,231.926,3.377408749490063,2.76,34.0,-13.000000000000078,16.040000915527344,14.199999809265137,-1.840001106262207,0,152.63999938964844,,,128.538,1.4047306113883717,2.000000000000046,0.5538045085450305,-1.4726032561239055,1.9132474527359333,-0.14033735854226403,-0.5408349524478107,-0.2495311023156921
2025-01-07,-10.786751870583922,208.296,3.377408749490063,2.79,37.0,-13.000000000000078,17.81999969482422,16.100000381469727,-1.7199993133544922,0,155.10000610351562,,,128.613,1.7277736208421102,4.999999999999982,-1.110391288210788,1.9748365358672082,0.1390400068906894,0.708496792332447,0.9380131379920664,0.6936040594857751
2025-01-08,-10.83891547879392,185.144,3.377408749490063,2.84,39.0,-11.000000000000032,17.700000762939453,16.149999618530273,-1.5500011444091797,0,154.33999633789062,,,129.0785,1.886919045213431,0.0,0.1560360190925314,-0.2550742715974774,1.1616688751427517,0.016222400186505226,-1.252525663536408,0.2935991633034929
2025-01-10,-10.83891547879392,178.8,3.377408749490063,2.81,37.0,-10.000000000000053,19.540000915527344,17.829999923706055,-1.710000991821289,0,151.4499969482422,,,129.8664,2.2916420520333602,8.999999999999986,-1.541164380306681,-1.047065939973979,-0.24266914960373587,-1.3349079274488584,3.584958862988996,0.9203349997202626
2025-01-13,-10.83891547879392,183.669,3.377408749490063,2.85,39.0,-11.000000000000032,19.190000534057617,18.700000762939453,-0.48999977111816406,0,170.5500030517578,,,130.0413,2.5171799700902664,2.000000000000046,0.15754440882007614,-1.047065939973979,-1.042220321243792,-0.2451943917966326,2.9384876700634166,-1.2922281705741168
2025-01-14,-10.83891547879392,160.219,3.377408749490063,2.8,41.0,-12.00000000000001,18.709999084472656,18.149999618530273,-0.5599994659423828,0,167.63999938964844,,,129.3812,1.9105892138668867,-0.9999999999999787,0.11462798112440442,-1.827227292399225,0.3149088017755375,2.5368958228864535,-1.6747014716252284,0.14961660744343686
2025-01-15,-10.94213369984731,119.977,3.377408749490063,2.72,39.0,-12.00000000000001,16.1200008392334,13.9399995803833,-2.1800012588500977,0,163.5399932861328,,,129.2092,1.4921105713944671,-12.00000000000001,1.8312792279639112,-0.07725327204513022,-0.023618313969120397,-0.426512008762403,3.2774205361643105,1.3071895424836555
2025-01-16,-10.94213369984731,94.489,3.377408749490063,2.73,38.0,-11.000000000000032,16.600000381469727,14.880000114440918,-1.7200002670288086,0,167.41000366210938,,,129.436,1.7029324570770443,-4.999999999999982,-0.21126894641922966,0.3330077835260514,1.2287651411459155,0.27625398208284135,-1.6991511679102511,1.2497659850230436
2025-01-17,-10.94213369984731,118.327,3.377408749490063,2.64,34.0,-11.000000000000032,15.970000267028809,14.130000114440918,-1.8400001525878906,0,165.35000610351562,,,129.4859,1.5541436641744566,0.0,0.9991058969353706,-0.31405873623461256,-0.15588356121974956,0.17889385925251577,-1.0167806922405265,-0.07645840337501264
2025-01-21,-10.94213369984731,96.015,3.377408749490063,2.61,28.000000000000004,-11.000000000000032,15.0600004196167,14.3100004196167,-0.75,0,173.0,,,128.4151,0.6058360192350731,-4.0000000000000036,0.8768227105582893,0.3225511695906347,-0.08015791322039112,-0.05408996271495381,-2.5552104955707255,0.38989727732010593
2025-01-22,-11.012695985400988,123.981,3.377408749490063,2.59,31.0,-10.000000000000053,15.100000381469727,13.569999694824219,-1.5300006866455078,0,179.97999572753906,,,128.3402,-0.23041653775051074,2.999999999999936,0.6137941522227575,1.5841699309679935,1.1528865406335687,-0.8943075719346161,-0.5929594832801754,0.45735381692377786
2025-01-23,-11.012695985400988,132.031,3.377408749490063,2.61,36.0,-5.000000000000071,15.020000457763672,13.420000076293945,-1.6000003814697266,0,179.32000732421875,,,128.2162,0.2527112508112106,5.000000000000071,0.531348622041139,0.7885262635179968,-1.2394709050090102,0.5146849457768221,-1.0869560820350066,-0.16259574509376318
2025-01-24,-11.012695985400988,104.972,3.377408749490063,2.6,36.0,-6.00000000000005,14.850000381469727,12.880000114440918,-1.9700002670288086,0,173.16000366210938,,,127.4611,-0.6554842048571263,-2.000000000000046,-0.2855132319398823,-0.06729575752255634,0.84715338468766,0.6953799753785628,0.05360615660010559,0.5139137443453512
2025-01-27,-11.012695985400988,92.863,3.377408749490063,2.66,36.0,-6.00000000000005,17.899999618530273,18.450000762939453,0.5500011444091797,1,168.5500030517578,,,128.0912,-0.19207138666192947,-9.999999999999964,-1.4580715690809543,-0.9170085810959572,0.84715338468766,-0.06225438640473646,-1.995721162709041,-1.4330482169155112
2025-01-28,-11.012695985400988,112.76,3.377408749490063,2.66,36.0,-5.000000000000071,16.40999984741211,16.639999389648438,0.22999954223632812,1,163.63999938964844,,,128.2817,-0.03989623861067049,1.9999999999999574,0.9217869449967608,-1.3873842476610165,0.84715338468766,-0.06225438640473646,0.8200061352136911,1.0703214183789944
2025-01-29,-10.641216315750569,121.842,3.377408749490063,2.68,34.0,-5.000000000000071,16.559999465942383,16.40999984741211,-0.14999961853027344,0,157.42999267578125,,,128.3418,-0.08423511093809122,0.0,-0.4678895760321544,1.0198412765952014,0.84715338468766,-0.06225438640473646,-1.5588910787790566,0.08313028724642457
2025-01-30,-10.641216315750569,125.965,3.377408749490063,2.67,34.0,-4.0000000000000036,15.84000015258789,14.979999542236328,-0.8600006103515625,0,156.6999969482422,,,128.1004,-0.5589948804732181,-3.000000000000025,0.5275414405311762,0.25165051499556057,0.84715338468766,-0.06225438640473646,0.15147425804351577,1.9464772107505413
2025-01-31,-10.641216315750569,187.913,3.377408749490063,2.68,36.0,-2.000000000000046,16.43000030517578,15.850000381469727,-0.5799999237060547,0,158.47000122070312,,,128.4828,-0.614724139931544,6.00000000000005,-0.5046825754019935,0.1480983386413115,-0.765922866076918,-0.06225438640473646,-0.27499596920842473,-0.37194473963868546
2025-02-03,-10.641216315750569,97.781,3.2765023874733012,2.73,28.000000000000004,-5.000000000000071,18.6200008392334,19.3799991607666,0.7599983215332031,1,155.4499969482422,,,129.109,-0.2709721473383997,-4.0000000000000036,-0.7608597684666707,-2.6594194179056507,-2.5193024093922434,-0.06225438640473646,0.868612840777172,0.7608854166666568
2025-02-04,-10.641216315750569,85.654,3.2765023874733012,2.71,31.0,-7.000000000000028,17.209999084472656,17.0,-0.20999908447265625,0,159.44000244140625,,,128.1083,-1.0391376053949686,-2.000000000000046,0.7224881828679752,0.7224314666159914,1.1304220047816393,-0.06225438640473646,-0.6287680301271359,0.6845741611526401
2025-02-05,-10.750003275981811,78.788,3.2765023874733012,2.69,26.0,-7.000000000000028,15.770000457763672,14.880000114440918,-0.8900003433227539,0,162.63999938964844,,,127.9751,-0.43792497160374255,-8.999999999999986,0.3908672930614365,0.08533702335078441,1.111342624428402,-0.6495117865070288,-2.2971089945632905,0.6413643330515084
2025-02-06,-10.750003275981811,79.983,3.2765023874733012,2.66,24.0,-4.0000000000000036,15.5,14.149999618530273,-1.3500003814697266,0,163.57000732421875,,,128.2017,-0.319796599099631,2.000000000000046,0.3644298722618622,0.605309863061132,1.0951384368703243,1.2748428842099369,-0.5912968832370691,-0.5432545314712378
2025-02-07,-10.750003275981811,95.248,3.2765023874733012,2.67,20.0,-5.000000000000071,16.540000915527344,14.670000076293945,-1.8700008392333984,0,166.52999877929688,,,128.4292,-0.503027227617292,4.0000000000000036,-0.9464770111542897,-0.7154761628599959,-0.5846093673006814,1.0092173256550874,0.5523288291704898,0.39565997297357214
2025-02-10,-10.750003275981811,99.653,3.2765023874733012,2.66,23.0,-5.000000000000071,15.8100004196167,13.760000228881836,-2.0500001907348633,0,166.9499969482422,,,128.6382,-0.4985199102432114,1.9999999999999574,0.6712541085862833,0.03648731952348161,-0.025770141950698378,0.5600724810114199,1.8591544997524245,1.6391727129920985
2025-02-11,-10.750003275981811,76.446,3.2765023874733012,2.66,25.0,-6.00000000000005,16.020000457763672,13.829999923706055,-2.190000534057617,0,168.80999755859375,,,128.4322,-1.1043657173834043,3.000000000000025,0.03395827888592606,0.03648731952348161,0.7052013135895985,-0.12380574161160451,1.38274336866675,-0.06176607754746488
2025-02-12,-10.746326177246313,67.67,3.2765023874733012,2.65,26.0,-8.000000000000007,15.890000343322754,13.510000228881836,-2.380000114440918,0,166.10000610351562,,,128.3288,-1.3168893266985227,8.000000000000007,-0.27238667143857365,0.4188722553885471,0.3678479577159388,0.8537564599951475,-2.659570316910187,-0.1201716738197467
2025-02-13,-10.746326177246313,67.82,3.2765023874733012,2.65,21.0,-7.000000000000028,15.100000381469727,12.3100004196167,-2.7899999618530273,0,163.36000061035156,,,127.8931,-1.1501671031030836,-10.000000000000053,1.0426292122230674,1.277521234458323,1.3647844624626648,-0.41543634605119006,-0.11209447663713679,0.5809522978257098
2025-02-14,-10.746326177246313,58.77,3.2765023874733012,2.62,21.0,-7.000000000000028,14.770000457763672,11.5600004196167,-3.2100000381469727,0,167.97000122070312,,,127.1491,-1.5943911114688514,-4.999999999999982,-0.007194380749464546,-0.7907436605486207,0.30505646904579464,0.42734535544346475,-0.7715009744627688,-1.445702385567471
2025-02-18,-10.746326177246313,77.817,3.2765023874733012,2.62,26.0,-3.000000000000025,15.350000381469727,13.199999809265137,-2.15000057220459,0,183.1199951171875,,,127.2906,-1.6574986866096042,8.000000000000007,0.24449877750611915,0.2454378513947253,0.6278735685934178,-0.9338706251073026,1.5691272884813978,1.664585877875835
2025-02-19,-10.543186783198399,73.196,3.2765023874733012,2.68,25.0,-5.000000000000071,15.270000457763672,13.0600004196167,-2.2100000381469727,0,175.75999450683594,,,127.7317,-1.3547420993328063,-1.9999999999999574,0.23769693899173827,-0.26938627238113355,1.7020629562167544,0.8136011188860426,0.5567175147860093,-0.41616164913672593
2025-02-20,-10.543186783198399,63.207,3.2765023874733012,2.66,22.0,-7.000000000000028,15.65999984741211,13.460000038146973,-2.1999998092651367,0,178.57000732421875,,,127.1126,-1.01428881805955,-3.000000000000025,-0.43341850761716705,-1.2423724384459045,-0.6535590528931712,-0.02255988969619427,0.4429061520058397,0.7056278120620485
2025-02-21,-10.543186783198399,68.983,3.2765023874733012,2.78,23.0,-6.00000000000005,18.209999084472656,17.0,-1.2099990844726562,0,165.0,,,127.1408,-0.934547398243113,-8.000000000000007,-1.706412670256352,0.2557067166465865,0.01959335959886843,0.8454763699045076,-2.990213832259503,-0.08162933142006334
2025-02-24,-10.543186783198399,76.818,3.2765023874733012,2.78,27.0,-6.00000000000005,18.979999542236328,18.299999237060547,-0.6800003051757812,0,156.92999267578125,,,127.1921,-0.7987290217616683,-1.9999999999999574,-0.49691065044024096,0.2557067166465865,-0.35071681093629126,-0.18007568467449664,0.42612985207537424,0.3506197012900891
2025-02-25,-10.543186783198399,96.0,3.2765023874733012,2.84,23.0,-7.000000000000028,19.43000030517578,19.290000915527344,-0.1399993896484375,0,157.60000610351562,,,127.3752,-0.06739311052548214,-10.000000000000053,-0.46797309154723576,-1.3903941987108315,-0.5662930573493763,-0.8001130290028358,-2.503531427819128,-1.4722312080286182
2025-02-26,-10.593636967750363,126.058,3.2765023874733012,2.81,20.0,-7.000000000000028,19.100000381469727,18.8799991607666,-0.220001220703125,0,153.44000244140625,,,127.2822,-0.6315812483605354,-4.999999999999982,0.013602428004699796,-0.24953840451925613,0.41060296270498675,1.021328850422254,-0.4497280679258475,0.4234824867662246
2025-02-27,-10.593636967750363,182.148,3.2765023874733012,2.81,22.0,-4.0000000000000036,21.1299991607666,20.950000762939453,-0.17999839782714844,0,149.32000732421875,,,127.9704,-0.24266906347515382,4.0000000000000036,-1.5864553655509872,0.29835791007928325,-0.7322767208623127,0.23217169481437594,2.5211245384644476,-1.1519506683274172
2025-02-28,-10.593636967750363,234.422,3.2765023874733012,2.87,25.0,-1.0000000000000675,19.6299991607666,18.8799991607666,-0.75,0,157.94000244140625,,,128.2805,-0.047763082643392796,-4.999999999999982,1.585414463498891,-2.87710928996342,-3.3935337352198003,-1.9824028848996034,-0.8386586363717696,-1.6093196146486743
2025-03-03,-10.593636967750363,119.987,3.4255624609484725,2.94,20.0,-7.000000000000028,22.780000686645508,23.959999084472656,1.1799983978271484,1,154.25999450683594,,,127.75,-0.27353544563483156,-8.000000000000007,-1.75967394669998,1.6954925919446584,-3.3935337352198003,-0.11960394618770742,-1.9925449356122171,1.8823992323959926
2025-03-04,-10.593636967750363,135.257,3.4255624609484725,2.99,26.0,-7.000000000000028,23.510000228881836,24.790000915527344,1.2800006866455078,1,151.3800048828125,,,127.9966,-0.37841641060125664,5.999999999999961,-1.2234826602200433,-1.202285104640921,-0.15240594829495357,0.21962848126304557,-0.16089016517856214,0.6712389043017186
2025-03-05,-10.37415884132038,139.493,3.4255624609484725,2.88,28.999999999999996,-6.00000000000005,21.93000030517578,22.899999618530273,0.9699993133544922,1,138.8800048828125,,,126.504,-2.0176749878010103,6.00000000000005,1.1159277893187936,0.23320611477797293,1.1550370055151138,0.5341156894950627,-2.856730906256022,0.19590153218878026
2025-03-06,-10.37415884132038,129.269,3.4255624609484725,2.99,33.0,-5.000000000000071,24.8700008392334,26.790000915527344,1.9200000762939453,1,137.64999389648438,,,126.1099,-1.5599301528472553,0.9999999999999787,-1.7819007085749905,0.7661809305267608,0.704812895467688,1.1709521634978959,0.07540801326924029,0.04459399740508463
2025-03-07,-10.37415884132038,136.305,3.4255624609484725,2.97,33.0,-6.00000000000005,23.3700008392334,23.790000915527344,0.4200000762939453,1,139.94000244140625,,,125.9814,-1.557881181573606,3.000000000000025,0.552061780274804,-2.1688352671059508,-0.4922028163322545,-0.25293565004838037,1.0247141333957543,-0.40801433470216697
2025-03-10,-10.37415884132038,129.054,3.4255624609484725,3.16,33.0,-7.000000000000028,27.860000610351562,31.190000534057617,3.3299999237060547,1,146.0399932861328,,,126.268,-1.508326332646126,-10.000000000000053,-2.69730913054258,0.3825114506694538,0.2695520215496794,-0.18925798765132562,-1.5065664117503652,-0.47164772273114997
2025-03-11,-10.37415884132038,137.31,3.4255624609484725,3.22,34.0,-8.000000000000007,26.920000076293945,28.93000030517578,2.010000228881836,1,132.7899932861328,,,126.0457,-1.8558863560623418,6.00000000000005,-0.7567865323653167,-0.6350827603529674,-1.2756739752421975,0.4059457184044657,0.33318374189050814,0.7575199703822255
2025-03-12,-10.373922247625256,131.055,3.4255624609484725,3.2,31.0,-9.000000000000075,24.229999542236328,25.260000228881836,1.0300006866455078,1,128.69000244140625,,,125.8664,-2.1547254237077373,4.0000000000000036,0.48868699294464246,0.0706123216855703,1.466739016029428,-0.2338523993636099,2.1584910266804203,0.8994540214519287
2025-03-13,-10.373922247625256,113.435,3.4255624609484725,3.4,33.0,-10.000000000000053,24.65999984741211,25.360000610351562,0.7000007629394531,1,128.86000061035156,,,126.0031,-1.8913481198640114,-5.000000000000071,-1.3890984206835322,-0.0789226291940337,-0.04583527197696835,-0.3913216334823666,-1.6696176836919374,1.5378840349098422
2025-03-14,-10.373922247625256,126.234,3.4255624609484725,3.25,28.999999999999996,-10.000000000000053,21.770000457763672,21.770000457763672,0.0,0,130.3000030517578,,,125.6942,-2.0530075867615127,4.0000000000000036,2.1265869083087807,0.7150586818270188,-0.282859508715394,1.8111913090264276,0.9466524786302388,0.3417870524071498
2025-03-17,-10.373922247625256,89.496,3.4255624609484725,3.18,25.0,-8.000000000000007,20.510000228881836,21.299999237060547,0.7899990081787109,1,133.89999389648438,,,125.3688,-1.9737577711385623,0.0,0.6416130719105961,0.9268265118663077,1.7273427005108921,0.19203905379534536,0.5954175707976184,0.18367006177992806
2025-03-18,-10.373922247625256,149.503,3.4255624609484725,3.23,25.0,-9.000000000000075,21.700000762939453,22.59000015258789,0.8899993896484375,1,136.75,,,125.488,-1.3064189994266617,-1.9999999999999574,-1.0653512117636543,1.2003853550458965,0.06320729467728103,0.10595418480907615,-1.0062152807804536,1.1700032552083295
2025-03-19,-10.092239539611425,193.378,3.4255624609484725,3.19,26.0,-11.000000000000032,19.899999618530273,19.790000915527344,-0.10999870300292969,0,136.4499969482422,,,125.8006,-1.1705499070630454,-4.0000000000000036,1.0798495567894584,-0.2471711613070804,0.6231971622814525,-0.097093646893609,0.3886429451423812,0.026351838877336498
2025-03-20,-10.092239539611425,192.64,3.4255624609484725,3.17,28.999999999999996,-11.000000000000032,19.799999237060547,19.459999084472656,-0.3400001525878906,0,140.7899932861328,,,125.985,-1.3674757323358322,-0.9999999999999787,-0.21848931523151816,-0.2471711613070804,0.3226019771096933,-0.5101800521893907,1.637877328975934,0.13505378267197887
2025-03-21,-10.092239539611425,200.85,3.4255624609484725,3.21,31.0,-10.000000000000053,19.280000686645508,18.579999923706055,-0.7000007629394531,0,141.72999572753906,,,126.2679,-0.6645289294688328,0.9999999999999787,0.08246534476661349,-0.19818963894698838,0.22865211531444274,-1.2941512567704594,0.0292948175221186,-0.7171068693462179
2025-03-24,-10.092239539611425,196.565,3.4255624609484725,3.05,30.0,-9.000000000000075,17.479999542236328,18.559999465942383,1.0799999237060547,1,144.00999450683594,,,126.1956,-0.74342775883115,8.999999999999986,1.7646000146633645,-0.18199486652966668,-0.41843628362887575,0.15445118640162736,1.2155855973833951,-0.16897003505831343
2025-03-25,-10.092239539611425,214.786,3.4255624609484725,3.09,35.0,-7.000000000000028,17.149999618530273,18.010000228881836,0.8600006103515625,1,148.67999267578125,,,126.0535,-0.8951813831204913,-3.000000000000025,0.15743334544251475,0.45747858824674026,-0.6177650800823886,-0.0015430718068087934,-0.15916742783979032,0.3517922794489925
2025-03-26,-9.946719585011577,241.371,3.4255624609484725,3.19,37.0,-5.000000000000071,18.329999923706055,19.959999084472656,1.6299991607666016,1,144.75,,,126.2364,-0.8940515893203771,4.0000000000000036,-1.1156934922627149,0.653114026752788,1.075379411440247,-0.037954356535652156,0.942031196925952,-0.0926033956193284
2025-03-27,-9.946719585011577,291.785,3.4255624609484725,3.27,41.0,-4.0000000000000036,18.690000534057617,20.030000686645508,1.3400001525878906,1,140.85000610351562,,,126.3626,-0.7224890833125164,3.000000000000025,-0.3306980860763864,-0.5977820615253093,-1.3914854299955204,0.14996902128345813,0.38764772024604266,1.3009384653107636
2025-03-28,-9.946719585011577,286.575,3.4255624609484725,3.47,38.0,-6.00000000000005,21.649999618530273,22.690000534057617,1.0400009155273438,1,139.0399932861328,,,126.4187,-1.2125460262685683,-11.000000000000032,-1.973722070834405,-1.7979925578642142,-1.8859645097812683,-0.6651988193540515,-0.8009118610681987,0.8594225621777918
2025-03-31,-9.946719585011577,399.167,3.4255624609484725,3.55,34.0,0.9999999999999787,22.280000686645508,25.139999389648438,2.8599987030029297,1,148.5800018310547,,,126.7075,-1.226219105787707,-3.9999999999999147,0.5538521570653376,-4.048373511649828,-3.004709335808231,-0.46432008618373377,3.0565206573334835,1.1760910036651584
2025-04-01,-9.946719585011577,230.063,3.8911025745031136,3.5,30.0,-1.0000000000000675,21.770000457763672,24.459999084472656,2.6899986267089844,1,143.00999450683594,,,126.4338,-1.0302935420743564,-6.00000000000005,0.37812354559083605,0.01943388394176626,1.6230481995475943,0.3803936057221069,-0.39172691038247276,-0.12489260994595908
2025-04-02,-9.625652491720615,233.488,3.8911025745031136,3.42,28.999999999999996,-3.000000000000025,21.510000228881836,24.290000915527344,2.780000686645508,1,144.27000427246094,,,126.3811,-1.262142900670793,3.000000000000025,0.6728194715792668,0.2846094137118449,-0.6159216074421048,0.05052791831539061,0.7162951658568284,0.6733143306144385
2025-04-03,-9.625652491720615,196.265,3.8911025745031136,4.01,35.0,-1.0000000000000675,30.020000457763672,34.099998474121094,4.079998016357422,1,139.1999969482422,,,124.7316,-1.4010624169986774,-14.000000000000057,-4.8395633359901495,-2.7709370714915416,-0.7646139620185233,-0.24234593488470235,-6.637849947011299,-1.3662824828182485
2025-04-04,-9.625652491720615,184.499,3.8911025745031136,4.45,33.0,-5.000000000000071,45.310001373291016,57.16999816894531,11.859996795654297,1,136.5399932861328,,,125.8129,-0.23550886964465167,-4.999999999999982,-5.974960534553109,-2.7503267397613107,-0.8557537987985531,-0.24234593488470235,-7.408507088670779,-2.744591540200192
2025-04-07,-9.625652491720615,148.146,3.8911025745031136,4.61,42.0,-7.000000000000028,46.97999954223633,62.58000183105469,15.60000228881836,1,133.82000732421875,,,126.8282,0.6721627160834798,14.000000000000057,-0.23314724921273955,-7.826976901020699,-5.565784939336682,-7.343852101689952,-2.080982223905059,-2.0152706232362205
2025-04-08,-9.625652491720615,156.911,3.8911025745031136,4.57,55.00000000000001,0.0,52.33000183105469,67.62999725341797,15.299995422363281,1,135.67999267578125,,,126.8668,0.4742294167960237,10.999999999999943,-1.5700524562941354,6.025061333543769,0.2589996316183951,1.5815257133733995,-1.8451382500946911,0.579400712659317
2025-04-09,-9.555568461945507,168.115,3.8911025745031136,4.37,43.0,1.9999999999999574,33.619998931884766,40.060001373291016,6.44000244140625,1,142.22999572753906,,,126.628,0.4619752994350579,8.000000000000007,9.515387644904848,-3.9334971755557224,-1.7363340217546153,1.3117260414699627,4.649205367467135,2.9679322380616213
2025-04-10,-9.555568461945507,129.95,3.8911025745031136,4.42,56.00000000000001,-3.000000000000025,40.720001220703125,50.43000030517578,9.709999084472656,1,127.54000091552734,,,125.089,-0.6176390204216564,6.00000000000005,-3.4607579584726933,9.12835980576665,6.598949759951966,1.1556346372154414,-3.6567743946989917,3.22918210933667
2025-04-11,-9.555568461945507,98.531,3.8911025745031136,4.26,52.0,-7.000000000000028,37.560001373291016,43.31999969482422,5.759998321533203,1,128.63999938964844,,,124.0163,-1.5767866028692956,8.000000000000007,1.8092095201708958,-2.957097503539541,-0.5046946739509672,0.45256668404267675,2.3805565381066485,2.123478734687345
2025-04-14,-9.555568461945507,102.838,3.8911025745031136,4.14,54.0,-7.000000000000028,30.889999389648438,34.20000076293945,3.3100013732910156,1,135.7100067138672,,,123.6598,-1.6185313244366006,-10.000000000000053,0.7944712390868913,1.1814036623792656,0.9524286458791664,0.759089906360022,0.048778502921753564,-0.5400007016144959
2025-04-15,-9.555568461945507,88.878,3.8911025745031136,4.09,51.0,-4.0000000000000036,30.1200008392334,29.940000534057617,-0.18000030517578125,0,135.75999450683594,,,123.776,-1.2704915417552032,-3.000000000000025,-0.17277808903947145,0.8391991984811886,0.8762615781874095,0.14876767953697634,-0.3250397403054772,0.4337213595847489
2025-04-16,-9.160656949032242,54.772,3.8911025745031136,4.16,52.0,-9.000000000000075,32.63999938964844,33.220001220703125,0.5800018310546875,1,131.32000732421875,,,123.2724,-1.7655871477750829,-5.999999999999961,-2.24083715440897,-1.0130305078717705,-1.2101340324106369,0.25528333700926,1.858795623043985,3.352289685936416
2025-04-17,-9.160656949032242,58.6,3.8911025745031136,4.02,53.0,-8.000000000000007,29.649999618530273,27.649999618530273,-2.0,0,130.02000427246094,,,123.1298,-2.123042338430814,4.999999999999982,0.13268380955802073,1.3478707387309052,0.938943345084664,0.1323917286804921,3.537696560409609,-0.5380913232397977
2025-04-21,-9.160656949032242,114.114,3.8911025745031136,4.16,67.0,-8.000000000000007,33.81999969482422,36.560001373291016,2.740001678466797,1,125.7699966430664,,,122.3145,-3.1309620259781012,8.000000000000007,-2.3567493023827546,-1.2967340280320983,0.20133526174763716,0.4487431570542988,-2.4737143886393254,2.9467767231497577
2025-04-22,-9.160656949032242,137.951,3.8911025745031136,3.99,65.0,-10.000000000000053,30.56999969482422,33.13999938964844,2.5699996948242188,1,125.93000030517578,,,122.4175,-2.9938444763525807,-0.9999999999999787,2.5117204723895226,-0.17304681357299678,-0.07153251270926031,0.25286844091187977,1.949898053004695,-0.15853157246075167
2025-04-23,-9.125430905564302,171.78,3.8911025745031136,3.75,59.0,-12.00000000000001,28.450000762939453,30.739999771118164,2.289999008178711,1,126.66999816894531,,,123.0252,-2.402392634873285,-0.9999999999999787,1.6661138470960069,1.893676072778705,1.565170981604136,-0.10310151707575432,-3.172130583540156,-3.660903264303972
2025-04-24,-9.125430905564302,130.004,3.8911025745031136,3.73,55.00000000000001,-11.000000000000032,26.469999313354492,28.280000686645508,1.8100013732910156,1,129.02000427246094,,,122.9251,-2.62309444819403,-8.000000000000007,2.0259113708281262,0.4890342310518436,-0.1278916515075279,0.028307190041076957,0.8350737978818135,1.7000869988021305
2025-04-25,-9.125430905564302,94.021,3.8911025745031136,3.67,55.00000000000001,-7.000000000000028,24.84000015258789,24.639999389648438,-0.20000076293945312,0,132.3699951171875,,,122.8858,-2.751447026256182,-3.000000000000025,0.7373133469998461,1.9024145091282918,0.9503106239348025,-0.06757150984932903,0.36629963192029713,-1.4885983690351101
2025-04-28,-9.125430905564302,148.649,3.8911025745031136,3.73,56.00000000000001,-4.0000000000000036,25.149999618530273,26.469999313354492,1.3199996948242188,1,131.27999877929688,,,122.7176,-2.927652317260021,-5.999999999999961,0.06407067039131409,0.3759899849781201,0.10054033478608115,-0.20166611269859525,-1.5391958325249866,1.5263252238240987
2025-04-29,-9.125430905564302,157.537,3.8911025745031136,3.74,54.0,-4.0000000000000036,24.170000076293945,24.950000762939453,0.7800006866455078,1,134.2899932861328,,,122.5944,-3.246137758222678,-4.0000000000000036,0.5802410694099036,0.3759899849781201,0.6496949128320217,-0.05352152160594814,-2.626915532888008,-0.41110131048387455
2025-04-30,-8.871977001209109,250.601,3.8911025745031136,3.94,56.99999999999999,0.9999999999999787,24.700000762939453,25.06999969482422,0.3699989318847656,1,132.72999572753906,,,122.5921,-3.038507108067623,-2.000000000000046,0.147999135976562,0.5730767080285304,-0.3434063319616709,-0.23196908009938122,-3.6577278243092537,-0.4158144095784855
2025-05-01,-8.871977001209109,157.353,3.8745677086058583,3.78,55.00000000000001,-1.0000000000000675,24.600000381469727,24.81999969482422,0.2199993133544922,1,134.07000732421875,,,123.1405,-2.5641492280095712,8.000000000000007,0.6299102138585644,1.1289155152408359,-0.3434063319616709,-0.23196908009938122,1.769459904129933,-2.874432677760963
2025-05-02,-8.871977001209109,147.882,3.8745677086058583,3.6,50.0,-4.0000000000000036,22.68000030517578,21.219999313354492,-1.460000991821289,0,134.77999877929688,,,122.4962,-1.7921681434375891,8.000000000000007,1.472657412963474,1.0380431876460205,0.12438078185617041,-0.23196908009938122,-1.6036474274523371,0.6822399484034181
2025-05-05,-8.871977001209109,124.69,3.8745677086058583,3.6,53.0,-7.000000000000028,23.639999389648438,22.729999542236328,-0.9099998474121094,0,134.1199951171875,,,122.2613,-2.8229219738198474,3.000000000000025,-0.6381597588933863,1.0380431876460205,0.12438078185617041,-0.23196908009938122,-1.9900494582135275,2.456763788593652
2025-05-06,-8.871977001209109,129.858,3.8745677086058583,3.66,52.0,-8.000000000000007,24.760000228881836,24.139999389648438,-0.6200008392333984,0,133.24000549316406,,,122.0417,-3.774002942563237,-6.00000000000005,-0.7693239651855532,1.0380431876460205,0.12438078185617041,1.1309136066794068,3.4307702570069543,3.022977442079
2025-05-07,-8.737703660669993,154.859,3.8745677086058583,3.67,48.0,-10.000000000000053,23.549999237060547,22.690000534057617,-0.8599987030029297,0,132.2100067138672,,,122.117,-3.7439267010754507,-4.0000000000000036,0.43463562331358396,-0.13855631825402392,0.5473108947152472,0.8006668432134267,-1.7261811730068133,-0.8794043752944014
2025-05-08,-8.737703660669993,139.768,3.8745677086058583,3.51,47.0,-11.000000000000032,22.479999542236328,21.6299991607666,-0.8500003814697266,0,131.52000427246094,,,122.7568,-3.057143759674008,11.000000000000032,0.5799775094835535,0.4050302514138071,0.22068270778108356,0.27915015649060404,3.168589912618658,-2.507831286938955
2025-05-09,-8.737703660669993,142.272,3.8745677086058583,3.53,49.0,-12.00000000000001,21.899999618530273,20.8700008392334,-1.029998779296875,0,128.39999389648438,,,122.5191,-2.0544572264547645,0.0,-0.0711480912216289,1.556243044411354,-0.0856746690896304,-0.2982423019865732,1.8527801922528564,1.1769642522029056
2025-05-12,-8.737703660669993,147.505,3.8745677086058583,3.15,47.0,-12.00000000000001,18.389999389648438,17.969999313354492,-0.4200000762939453,0,137.6699981689453,,,123.4863,-0.42736317725976525,8.000000000000007,3.2558782749008364,0.37578956534274344,1.1663527052247824,0.8152633665935438,1.5240909508342337,-3.4598520633960517
2025-05-13,-8.737703660669993,144.214,3.8745677086058583,3.09,47.0,-10.000000000000053,18.219999313354492,17.40999984741211,-0.8099994659423828,0,140.52000427246094,,,122.9583,-0.5672821725411281,4.0000000000000036,0.7248200983532183,1.4318251318806707,0.041799224392180534,0.1669803284361837,2.7764283855099103,0.6304362990100953
2025-05-14,-8.091182803707198,165.024,3.8745677086058583,3.1,48.0,-11.000000000000032,18.6200008392334,17.530000686645508,-1.0900001525878906,0,138.94000244140625,,,122.6746,-0.8898332471561465,4.0000000000000036,0.1024415597859818,-0.1443900023683109,1.2325525585337838,0.8615708123111077,-0.8167059180473335,-1.817737419276233
2025-05-15,-8.091182803707198,109.436,3.8745677086058583,3.2,49.0,-9.000000000000075,17.829999923706055,15.880000114440918,-1.9499998092651367,0,140.85000610351562,,,122.8174,-0.369101274900141,-8.000000000000007,0.41323320741357694,-0.9772763526272099,-0.7274929443336187,-0.6794155826783999,-2.422806899485419,1.2353067842610033
2025-05-16,-8.091182803707198,136.799,3.8745677086058583,3.16,45.0,-10.000000000000053,17.239999771118164,14.350000381469727,-2.8899993896484375,0,136.00999450683594,,,123.0737,-0.04556167556513113,-2.000000000000046,0.7005272294898557,-0.004748892726857967,0.21019659794259127,-0.3951445723352043,1.41188374174388,-1.201600638326883
2025-05-19,-8.091182803707198,180.417,3.8745677086058583,3.21,49.0,-11.000000000000032,18.139999389648438,16.809999465942383,-1.3299999237060547,0,135.94000244140625,,,122.4186,-0.4617579978290376,3.000000000000025,0.08761131291423752,-0.6756681254081798,-0.8927047880695094,0.003595994641969469,0.3200463160030642,1.473912707220304
2025-05-20,-8.091182803707198,136.033,3.8745677086058583,3.2,51.0,-13.000000000000078,18.09000015258789,16.56999969482422,-1.5200004577636719,0,137.27000427246094,,,122.3199,0.0044148486074924165,2.000000000000046,-0.38802294486252054,0.08229467556575276,-0.06222096686224754,0.3829161597898256,-0.2073652197570497,1.5918779782261305
2025-05-21,-8.36816873770304,162.802,3.8745677086058583,3.25,57.99999999999999,-14.000000000000057,20.8700008392334,19.559999465942383,-1.3100013732910156,0,137.27999877929688,,,121.7496,-0.5455919292584821,9.999999999999964,-1.613513066101424,-0.6142045177183086,0.9139837362823311,0.2099095810778273,-1.582483466647533,0.8840654686561367
2025-05-22,-8.36816873770304,173.018,3.8745677086058583,3.32,54.0,-14.000000000000057,20.280000686645508,18.420000076293945,-1.8600006103515625,0,139.0399932861328,,,122.0429,-0.7984543004197486,-4.0000000000000036,-0.04448710379429954,-0.8394582668615591,-1.2153564279322238,-0.21800290771440967,-0.6009402853966006,-0.5137037968503289
2025-05-23,-8.36816873770304,154.841,3.8745677086058583,3.4,51.0,-14.000000000000057,22.290000915527344,20.6299991607666,-1.6600017547607422,0,139.33999633789062,,,121.3837,-1.2539343063377562,-3.000000000000025,-0.6708297825321674,0.4720658215874973,-0.06091114258798269,-0.9412756169009273,0.5392124383064578,2.1656607165408293
2025-05-27,-8.36816873770304,138.066,3.8745677086058583,3.24,51.0,-9.000000000000075,18.959999084472656,17.899999618530273,-1.0599994659423828,0,140.88999938964844,,,121.6099,-1.0382810707176948,-8.000000000000007,2.04590558452733,0.5131102264845699,-0.27151459332083183,-0.18381820591709674,-1.0401420483430623,-1.91758824257805
2025-05-28,-8.388910480169798,173.641,3.8745677086058583,3.23,51.0,-7.000000000000028,19.309999465942383,18.190000534057617,-1.1199989318847656,0,137.64999389648438,,,121.9888,-0.5938838438822147,4.0000000000000036,-0.5571225417268844,-0.0045353953435745,1.2486607869818922,-0.022603941957932694,1.5601917760914796,-0.16671212867737095
2025-05-29,-8.388910480169798,165.66,3.8745677086058583,3.22,51.0,-7.000000000000028,19.18000030517578,17.84000015258789,-1.3400001525878906,0,137.25999450683594,,,121.5617,-0.8423712665505012,-4.0000000000000036,0.4011194261904327,1.8837138164141898,1.8909047087602326,0.704031129003102,-1.4553711572739103,0.7135049581982633
2025-05-30,-8.388910480169798,315.657,3.8745677086058583,3.31,52.0,-5.000000000000071,18.56999969482422,16.739999771118164,-1.8299999237060547,0,138.25,,,121.7674,-0.6727187151537528,-1.9999999999999574,-0.008118516130162234,-1.2173890771506324,-0.8442855949362116,-0.47448313907383355,-0.24613999764007133,-0.8501460457109866
2025-06-02,-8.388910480169798,135.841,4.138448176852227,3.27,52.0,-5.000000000000071,18.360000610351562,17.639999389648438,-0.720001220703125,0,141.0399932861328,,,121.1881,-1.5855059870635513,4.999999999999982,0.41020419271569075,-1.3023267873682465,0.04819154551056748,-0.47448313907383355,2.8458620104979238,2.4841192416430236
2025-06-03,-8.388910480169798,153.177,4.138448176852227,3.19,50.0,-8.000000000000007,17.690000534057617,16.6200008392334,-1.0699996948242188,0,141.60000610351562,,,121.4592,-0.8465568727846318,0.0,0.5800290454605506,-0.06368522381879904,0.04819154551056748,0.4328325519952214,1.4235434790978552,-0.6052378179944973
2025-06-04,-8.032347591620203,168.882,4.138448176852227,3.23,50.0,-12.00000000000001,17.610000610351562,16.040000915527344,-1.5699996948242188,0,137.4600067138672,,,121.0539,-0.9875569783733718,-8.999999999999986,0.00736874595066439,0.8028471217976563,2.6628720574011,0.42316799187605003,-0.8831436281952154,0.6954823344193173
2025-06-05,-8.032347591620203,152.727,4.138448176852227,3.18,48.0,-11.000000000000032,18.479999542236328,17.34000015258789,-1.1399993896484375,0,140.08999633789062,,,120.9596,-0.886664148401739,3.000000000000025,-0.5277383403094138,-0.5111893425745806,1.4872731601365041,0.23387931688410024,0.8273674946512211,-0.67585738337409
2025-06-06,-8.032347591620203,149.284,4.138448176852227,3.09,47.0,-11.000000000000032,16.770000457763672,14.199999809265137,-2.570000648498535,0,138.85000610351562,,,121.161,-0.7828557858447271,10.999999999999943,1.0280683010067904,0.49826559304610996,1.4872731601365041,0.03719716880199453,1.9094254687782586,-0.8356462950437349
2025-06-09,-8.032347591620203,179.315,4.138448176852227,3.12,48.0,-11.000000000000032,17.15999984741211,15.380000114440918,-1.7799997329711914,0,139.17999267578125,,,120.9103,-1.5041936577036785,-1.9999999999999574,0.09199480792858594,0.9193061537270397,1.5547365780827604,0.4257766204500024,1.0994101336975204,0.2829068715957783
2025-06-10,-8.032347591620203,182.725,4.138448176852227,3.12,46.0,-12.00000000000001,16.950000762939453,15.15999984741211,-1.7900009155273438,0,141.22000122070312,,,121.0485,-1.2003026466893663,-2.000000000000046,0.548298940767844,0.3227776869578536,0.5630732872403899,-0.43991346501438544,-0.4748009714302559,-0.3361302177079861
2025-06-11,-8.015168534837013,204.625,4.138448176852227,3.12,47.0,-12.00000000000001,17.260000228881836,15.420000076293945,-1.8400001525878906,0,141.38999938964844,,,120.587,-2.347871788206457,-5.999999999999961,-0.2743888954607865,0.548734342266588,1.225340467281666,0.5170148221975257,4.878421060603189,0.01204933891842952
2025-06-12,-8.015168534837013,181.417,4.138448176852227,3.17,46.0,-12.00000000000001,18.020000457763672,16.1200008392334,-1.8999996185302734,0,145.60000610351562,,,120.1723,-2.265808814858361,-4.999999999999982,0.38224199557175265,-0.6457414604265521,0.4468459346904652,0.010053182122748971,-0.16140954935971452,1.7944736289831509
2025-06-13,-8.015168534837013,168.645,4.138448176852227,3.18,45.0,-12.00000000000001,20.81999969482422,19.260000228881836,-1.5599994659423828,0,149.64999389648438,,,120.3245,-1.9157184942930283,4.999999999999982,-1.1296379879250695,-0.8876406000586812,-0.8701935204239564,-0.7541711668849205,7.2604385287109885,1.4877710160320134
2025-06-16,-8.015168534837013,140.759,4.138448176852227,3.1,49.0,-8.000000000000007,19.110000610351562,17.8700008392334,-1.239999771118164,0,156.60000610351562,,,120.1565,-2.166549690841857,4.999999999999982,0.9392659896159117,1.2609688972293531,1.797810863431648,0.3474362963571398,-1.6579976133314744,-1.0142238669664128
2025-06-17,-8.015168534837013,168.939,4.138448176852227,3.17,45.0,-9.000000000000075,21.600000381469727,21.860000610351562,0.26000022888183594,1,154.36000061035156,,,120.5048,-2.0872859107997854,-7.000000000000028,-0.8352184790166306,0.588364244420192,0.12353433471541386,-0.03906994651531326,4.27755307011124,-0.2885350656363417
2025-06-18,-7.879802695385973,205.05,4.138448176852227,3.16,44.0,-12.00000000000001,20.139999389648438,19.1299991607666,-1.010000228881836,0,148.41000366210938,,,120.7305,-1.3789571192612815,-0.9999999999999787,-0.03092402101070313,0.9040987166771153,0.7419547915751723,0.041449213254152184,0.400859254994268,0.09448860448830754
2025-06-20,-7.879802695385973,138.283,4.138448176852227,3.13,48.0,-11.000000000000032,20.6200008392334,18.31999969482422,-2.3000011444091797,0,149.19000244140625,,,121.0408,-1.04570065868268,0.0,-0.2178658486505891,-0.22113028347160446,1.4809922223188776,-0.06581854848606294,-0.27947709100140106,-0.6401543117381503
2025-06-23,-7.879802695385973,165.319,4.138448176852227,3.12,50.0,-11.000000000000032,19.829999923706055,17.920000076293945,-1.9099998474121094,0,154.77999877929688,,,121.1694,-0.4765518736817298,-4.0000000000000036,0.9606504133156335,-0.12795961277264345,-0.24389501009779435,0.645466944433748,-8.567994318427697,0.285022809218316
2025-06-24,-7.879802695385973,187.367,4.138448176852227,3.06,55.00000000000001,-10.000000000000053,17.479999542236328,15.399999618530273,-2.0799999237060547,0,154.97000122070312,,,120.3645,-1.375254111464086,-4.0000000000000036,1.112172017970181,1.1379979339312118,2.9580630340199088,1.1528298399533288,-6.042912363972997,-1.7852399472962133
2025-06-25,-7.868208751482985,210.879,4.138448176852227,3.04,55.00000000000001,-4.0000000000000036,16.760000228881836,13.8100004196167,-2.9499998092651367,0,152.24000549316406,,,120.3336,-0.8651079181142163,-0.9999999999999787,-0.00032861029504172024,0.39058916458709625,0.14853873456450728,1.035156286244776,0.8544281480436622,0.29240355694371
2025-06-26,-7.868208751482985,252.432,4.138448176852227,3.04,56.00000000000001,0.0,16.59000015258789,13.489999771118164,-3.1000003814697266,0,147.4600067138672,,,119.6451,-1.6156579357437195,-3.000000000000025,0.8020121275230219,1.6499066622396752,-0.9230255419046096,-0.21763010864197518,0.4929138999533844,0.19235677184039623
2025-06-27,-7.868208751482985,285.742,4.138448176852227,3.02,56.00000000000001,-1.0000000000000675,16.31999969482422,12.8100004196167,-3.5099992752075195,0,143.44000244140625,,,119.659,-1.9098474614062888,3.000000000000025,0.5218970885222163,1.4303826498087702,-0.76699647800621,-0.7025130084447495,0.4291826923133124,-1.7939117692552853
2025-06-30,-7.868208751482985,460.731,4.138448176852227,2.96,52.0,4.999999999999982,16.729999542236328,13.770000457763672,-2.9599990844726562,0,139.64999389648438,,,119.4088,-1.7710347913857727,-4.999999999999982,0.5164427424532603,0.8383435801872618,0.5157172610654293,0.5898842077299404,-0.625757102748925,0.6323105807074736
2025-07-01,-7.868208751482985,245.53,4.392192920924409,2.91,48.0,4.0000000000000036,16.829999923706055,13.789999961853027,-3.0399999618530273,0,140.07000732421875,,,119.3436,-1.990516345097293,1.9999999999999574,-0.1118531087121899,-1.2375766683531464,0.5843653825962747,0.3867420819515077,0.5221875820971444,1.2839986061810915
2025-07-02,-7.781215035061873,237.307,4.392192920924409,2.88,52.0,0.0,16.639999389648438,13.069999694824219,-3.5699996948242188,0,139.27999877929688,,,119.3037,-1.554938149867846,4.0000000000000036,0.47450967910880326,-0.5598104820983774,-0.47221673041117906,-0.08546252993377745,3.055767904132378,0.338659423786547
2025-07-03,-7.781215035061873,214.665,4.392192920924409,2.8,47.0,-5.000000000000071,16.3799991607666,12.850000381469727,-3.529998779296875,0,141.36000061035156,,,119.2382,-1.8285975866793036,4.999999999999982,0.8338955206607324,0.05889463754256141,1.3401351567860376,0.1840599009471422,-0.6671563656073909,-0.48984176653972256
2025-07-07,-7.781215035061873,218.03,4.392192920924409,2.86,50.0,-7.000000000000028,17.790000915527344,15.710000038146973,-2.080000877380371,0,137.9600067138672,,,119.6201,-1.1844310674831715,5.000000000000071,-0.7862297279128794,-0.560648809777875,0.16992356157483623,0.02326575717173096,2.1503763987605673,-0.009003715772692988
2025-07-08,-7.781215035061873,219.415,4.392192920924409,2.92,52.0,-6.00000000000005,16.809999465942383,13.899999618530273,-2.9099998474121094,0,140.8000030517578,,,119.8371,-0.927995793636871,1.9999999999999574,-0.07158868810946961,0.2554555029451011,1.8133853575951209,0.7010438967496535,0.5888436980449052,-0.7562556731630865
2025-07-09,-7.781850115426481,227.273,4.392192920924409,2.94,48.0,-8.000000000000007,15.9399995803833,12.529999732971191,-3.4099998474121094,0,141.75,,,119.7311,-1.1801652346877356,-8.000000000000007,0.6062103402663555,0.3337783645913195,0.603221218865202,-0.12652123902441303,0.07316759991737865,0.13910183417751298
2025-07-10,-7.781850115426481,183.339,4.392192920924409,2.92,49.0,-9.000000000000075,15.779999732971191,12.460000038146973,-3.3199996948242188,0,143.32000732421875,,,119.8343,-0.8899159128709533,0.9999999999999787,0.27462050044453346,-0.4392673201593644,1.5792628102076156,0.476140785417023,-2.646969335032079,0.17513602235985637
2025-07-11,-7.781850115426481,181.637,4.392192920924409,2.97,53.0,-9.000000000000075,16.399999618530273,13.029999732971191,-3.369999885559082,0,144.9600067138672,,,119.9214,-0.9311143880345485,8.000000000000007,-0.32975229626984737,-0.1934091520856107,-0.23435193131730037,0.01410718132743849,2.8240908247505025,1.1635648035372315
2025-07-14,-7.781850115426481,217.841,4.392192920924409,2.95,53.0,-7.000000000000028,17.200000762939453,14.270000457763672,-2.9300003051757812,0,147.0,,,120.2209,-0.3035982319818942,0.0,0.1407413809457303,-0.2781387027117277,0.8268863804407722,0.26986959305339564,-2.1475436915214363,-0.1340882002383803
2025-07-15,-7.781850115426481,198.277,4.392192920924409,2.95,55.00000000000001,-3.000000000000025,17.3799991607666,14.6899995803833,-2.689999580383301,0,143.72000122070312,,,120.5105,0.28142924783829404,7.000000000000028,-0.3956298214731202,0.5534732251511354,0.41379999184172345,-0.4162595517381962,-0.6867821600662349,-0.6474698246121124
2025-07-16,-7.615915492352022,197.086,4.392192920924409,3.0,57.99999999999999,-6.00000000000005,17.15999984741211,13.770000457763672,-3.3899993896484375,0,146.7100067138672,,,120.4175,0.07729099227506975,-4.0000000000000036,0.3193657417327689,-0.036849353679269115,-0.8988376197731962,-0.03486231579392651,-0.21046211171603657,0.6817211495886655
2025-07-17,-7.615915492352022,193.66,4.392192920924409,2.91,56.00000000000001,-6.00000000000005,16.520000457763672,13.140000343322754,-3.380000114440918,0,151.1199951171875,,,120.6384,0.4010602838797839,0.9999999999999787,0.537376740890938,0.5995274689452268,0.1854818467151187,0.37239388213237135,1.747519900732808,-0.3698703159955241
2025-07-18,-7.615915492352022,199.298,4.392192920924409,2.93,56.00000000000001,-10.000000000000053,16.40999984741211,12.699999809265137,-3.7100000381469727,0,150.4499969482422,,,120.356,-0.12348055845079475,-2.999999999999936,-0.009048620868445933,-0.20571323400920827,-0.13219258436694137,0.5020994570255954,-0.2961275909469818,0.3862130465132507
2025-07-21,-7.615915492352022,213.666,4.392192920924409,2.89,53.0,-12.00000000000001,16.649999618530273,14.949999809265137,-1.6999998092651367,0,154.8300018310547,,,119.9961,-0.6082969920608416,-6.00000000000005,0.1399134882868358,-0.20571323400920827,0.7132838910933081,0.7160341728072339,-0.20789931283329288,1.4583925542424714
2025-07-22,-7.615915492352022,196.374,4.392192920924409,2.9,52.0,-12.00000000000001,16.5,15.029999732971191,-1.4700002670288086,0,153.44000244140625,,,119.681,-1.1234228458503304,-3.000000000000025,0.06375316336257875,-0.11097058847765462,-1.2728911533745446,0.6199821355383772,-1.4732111737029263,1.0964475704422494
2025-07-23,-7.601740625678744,189.632,4.392192920924409,2.83,52.0,-12.00000000000001,15.369999885559082,14.050000190734863,-1.3199996948242188,0,159.2899932861328,,,119.5697,-1.320217810767399,5.000000000000071,0.7811886951519131,3.5107509246364854,0.43628833292230773,0.012200688650487734,-1.449930671722044,-1.3113472364483347
2025-07-24,-7.601740625678744,132.186,4.392192920924409,2.82,52.0,-10.000000000000053,15.390000343322754,14.079999923706055,-1.3100004196166992,0,159.41000366210938,,,119.5664,-0.6630692604547073,2.999999999999936,0.06982236416543941,1.5909607131329384,0.2098120027403283,0.6540202532622219,1.1954004280411823,-0.6805956510299027
2025-07-25,-7.601740625678744,150.509,4.392192920924409,2.84,49.0,-4.0000000000000036,14.930000305175781,12.829999923706055,-2.1000003814697266,0,145.57000732421875,,,119.9857,-0.28911293271373095,-2.999999999999936,0.397432777929585,-0.8848715340204594,0.17552689250597275,-0.3348013123111837,-1.3175755463746608,-1.097597152180363
2025-07-28,-7.601740625678744,170.463,4.392192920924409,2.82,51.0,-4.0000000000000036,15.029999732971191,13.369999885559082,-1.6599998474121094,0,147.64999389648438,,,120.6149,0.8105639094288186,1.9999999999999574,0.017685810881817865,-1.1046854292389496,0.42145681379626154,0.1191539640551742,2.3787528165297056,-0.7468477007723462
2025-07-29,-7.601740625678744,171.018,4.392192920924409,2.86,48.0,-4.0000000000000036,15.979999542236328,14.619999885559082,-1.359999656677246,0,149.1199951171875,,,120.9674,1.0934405268304026,-8.000000000000007,-0.2959442388724254,-0.7895912527558058,0.6558628299567104,0.3272410201429654,3.747564134777348,0.432135754902907
2025-07-30,-7.464249300435155,155.481,4.392192920924409,2.89,44.0,-8.000000000000007,15.479999542236328,13.460000038146973,-2.0199995040893555,0,154.0800018310547,,,121.4042,1.6710661190800113,4.0000000000000036,-0.12494327466496813,-0.04880585555022687,0.7398044876917753,0.1663873816939221,1.1414548850999573,-0.8304704316853595
2025-07-31,-7.464249300435155,214.445,4.392192920924409,2.86,43.0,-1.0000000000000675,16.719999313354492,15.149999618530273,-1.5699996948242188,0,152.2899932861328,,,121.721,1.9920632526587267,-0.9999999999999787,-0.36948193411530106,1.0210900627166453,-0.2774654360975459,-1.1756736691758585,-1.0571398053850434,-0.0788912439386169
2025-08-01,-7.464249300435155,97.426,4.24973692778845,3.13,54.0,-6.00000000000005,20.3799991607666,19.530000686645508,-0.8499984741210938,0,155.49000549316406,,,121.2122,1.5996989196479072,-13.999999999999968,-1.5992133140148468,-0.6579496767794679,-3.8832956878649294,-0.3709860575326629,-2.786601567495739,1.654925325156964
2025-08-04,-7.464249300435155,125.73,4.24973692778845,3.02,53.0,-7.000000000000028,17.520000457763672,16.43000030517578,-1.0900001525878906,0,159.30999755859375,,,120.9859,1.4657215556759473,-1.0000000000000675,1.473710033091602,-1.2473218469313374,0.9085079771212534,0.6561093622130976,-1.544632240077648,0.7975610586763882
2025-08-05,-7.464249300435155,84.356,4.24973692778845,2.98,50.0,-6.00000000000005,17.850000381469727,16.809999465942383,-1.0400009155273438,0,149.91000366210938,,,120.9082,1.0768257174170515,0.0,-0.48578659963033344,0.6424307564003362,1.5963783654991737,0.9569037326787821,-1.7046269992633034,0.22226174185195902
2025-08-06,-7.447999067907817,91.966,4.24973692778845,2.98,53.0,-6.00000000000005,16.770000457763672,15.0,-1.7700004577636719,0,149.7100067138672,,,120.5082,0.560010213865314,0.0,0.7281907295092482,0.6049891519651629,0.00437437705207433,0.45326255842597085,-1.2431018147092243,-0.05617855047789222
2025-08-07,-7.447999067907817,77.961,4.24973692778845,2.95,51.0,-5.000000000000071,16.56999969482422,14.760000228881836,-1.8099994659423828,0,147.02999877929688,,,120.5043,0.6457804196236427,1.0000000000000675,-0.07974800154801898,0.6478489362362172,0.9236631309047283,0.15607822292258433,-0.7303767166286335,0.6005931605954196
2025-08-08,-7.447999067907817,80.303,4.24973692778845,2.94,51.0,-5.000000000000071,15.149999618530273,12.859999656677246,-2.2899999618530273,0,147.52999877929688,,,120.3329,0.4160745295795909,3.9999999999999147,0.7799715348974834,1.854232394539057,-0.5474496309805565,-0.1247109284927217,0.0,1.1410772070393316
2025-08-11,-7.447999067907817,82.214,4.24973692778845,2.94,51.0,-6.00000000000005,16.25,15.75,-0.5,0,148.5500030517578,,,120.6892,0.6402526988510848,0.0,-0.25041278217863283,1.854232394539057,-0.1009339604710946,0.3416438071325967,0.12523170792080318,-2.5006541699268636
2025-08-12,-7.447999067907817,57.492,4.24973692778845,2.93,56.99999999999999,-4.0000000000000036,14.729999542236328,13.109999656677246,-1.619999885559082,0,151.4499969482422,,,120.2736,0.0438359719483028,2.000000000000046,1.134543584661274,2.1465353725928393,-0.5257660299674227,0.5036494117642398,-1.2351484159403792,-0.12526304584333792
2025-08-13,-7.44073857765899,57.202,4.24973692778845,2.9,56.99999999999999,-7.000000000000028,14.489999771118164,12.380000114440918,-2.109999656677246,0,153.1300048828125,,,120.13,-0.3157401222300127,-4.999999999999982,0.32300788824048965,1.3027242870514266,1.0802877205813521,0.47865553158048524,-0.8231702677522601,0.2926348685807545
2025-08-14,-7.44073857765899,28.818,4.24973692778845,2.89,55.00000000000001,-6.00000000000005,14.829999923706055,12.979999542236328,-1.8500003814697266,0,150.6199951171875,,,120.6446,0.1885938505615803,4.999999999999982,0.030309080129242716,-1.4452106258749042,0.04000145377232034,-0.4621184740479789,2.09097769622979,-0.6996754798475169
2025-08-15,-7.44073857765899,33.757,4.24973692778845,2.88,57.99999999999999,-4.0000000000000036,15.09000015258789,13.270000457763672,-1.8199996948242188,0,153.7899932861328,,,120.3377,-0.2492572845793739,4.0000000000000036,-0.2897135097229109,1.7094009265803622,0.04000145377232034,0.8271744550831794,-1.8136333083433653,0.023988031897270723
2025-08-18,-7.44073857765899,38.24,4.24973692778845,2.88,56.99999999999999,-6.00000000000005,14.989999771118164,13.789999961853027,-1.1999998092651367,0,153.9499969482422,,,120.5622,0.17132506896209154,0.9999999999999787,-0.010076318078544588,0.774580685352988,-1.499844500992753,0.8454974232553925,0.9872594576703086,-0.12889834616681695
2025-08-19,-7.44073857765899,22.344,4.24973692778845,2.9,55.00000000000001,-7.000000000000028,15.569999694824219,14.699999809265137,-0.869999885559082,0,153.1699981689453,,,120.7224,0.605269671264308,-4.0000000000000036,-0.5858103118756786,-0.3843582036523907,-0.8094965022273137,-0.0198231840093821,-1.6871644997116464,-0.549270615491293
2025-08-20,-7.304488881717974,34.999,4.24973692778845,2.94,55.00000000000001,-9.000000000000075,15.6899995803833,15.09000015258789,-0.5999994277954102,0,144.55999755859375,,,120.7757,0.9146815283963328,-0.9999999999999787,-0.24316693228262354,-1.510434747507372,-0.6812489784092879,1.0442411239111493,1.3793113574950722,0.9054144046657164
2025-08-21,-7.304488881717974,25.358,4.24973692778845,2.95,54.0,-8.000000000000007,16.600000381469727,16.3700008392334,-0.22999954223632812,0,144.32000732421875,,,121.0843,1.2667088735691445,4.0000000000000036,-0.40041815293089256,-0.6490751055447164,0.372190640417025,0.12981645226792793,0.4904309093197945,-0.19441287880170854
2025-08-22,-7.304488881717974,36.275,4.24973692778845,2.88,57.99999999999999,-4.0000000000000036,14.220000267028809,11.850000381469727,-2.369999885559082,0,146.38999938964844,,,120.2774,0.5946486638386705,-7.000000000000028,1.5186444876893468,0.05425274408141778,0.8590777823202833,1.4494424663523908,0.22040206020075281,1.1237975695243652
2025-08-25,-7.304488881717974,47.567,4.24973692778845,2.8,55.00000000000001,-3.000000000000025,14.789999961853027,13.010000228881836,-1.7799997329711914,0,149.99000549316406,,,120.4214,0.36312660592054957,2.000000000000046,-0.4266385548063467,0.4093778684167271,1.2980003725985068,1.5108891598755392,1.7907684685488423,-0.017776598298513413
2025-08-26,-7.304488881717974,28.574,4.24973692778845,2.78,65.0,-2.000000000000046,14.619999885559082,12.90999984741211,-1.7100000381469727,0,156.52999877929688,,,120.5274,-0.07254493433233034,-2.000000000000046,0.4133995191134998,-0.9657624984920843,-0.9501971730630165,-0.3908765096274802,-2.3919799054944124,0.43867593259612203
2025-08-27,-7.298001274139654,34.744,4.24973692778845,2.78,65.0,-4.0000000000000036,14.850000381469727,13.270000457763672,-1.5799999237060547,0,150.8800048828125,,,120.7274,-0.19840056081225077,-1.9999999999999574,0.23909843081744153,0.29690501195709373,0.24532624251314417,-1.7586676034984872,1.4229273136425302,0.4721713846100206
2025-08-28,-7.298001274139654,31.966,4.24973692778845,2.75,60.0,-6.00000000000005,14.430000305175781,11.680000305175781,-2.75,0,152.5,,,120.2595,-0.9428833598837616,-2.000000000000046,0.31567194195349924,0.7255822567711068,0.2874081157709263,1.1379695307162985,0.7014761302237105,0.7989176523433672
2025-08-29,-7.298001274139654,77.898,4.24973692778845,2.82,64.0,-6.00000000000005,15.359999656677246,12.720000267028809,-2.6399993896484375,0,152.10000610351562,,,120.2082,-1.2428422375760917,1.0000000000000675,-0.639818429357164,-0.2575844774387881,-0.3225602684728046,0.37282988848705845,-0.9133070461711856,1.2209307578411543
2025-09-02,-7.298001274139654,21.066,4.233038001457068,2.92,62.0,-1.0000000000000675,17.170000076293945,16.170000076293945,-1.0,0,151.47999572753906,,,120.6837,-0.43601221659205214,4.999999999999982,-0.6922279936861564,0.2884634080625226,0.9360745118573988,-0.44891781777636197,2.4683551772073153,2.179231143620708
2025-09-03,-7.177380543480294,17.923,4.233038001457068,2.88,61.0,-1.0000000000000675,16.350000381469727,14.449999809265137,-1.9000005722045898,0,150.22000122070312,,,120.5052,-0.3973190264320081,-6.00000000000005,0.5100073627984258,-0.8782636914513531,0.3804694894068428,-1.155381922307619,-2.4698813960013055,1.2340127918300414
2025-09-04,-7.177380543480294,20.128,4.233038001457068,2.84,57.99999999999999,0.9999999999999787,15.300000190734863,13.319999694824219,-1.9800004959106445,0,153.9600067138672,,,120.7629,-0.12017381782211123,-4.999999999999982,0.8346486409699372,1.5293177685240744,0.515326390758708,-1.2503001697339422,-0.7659866642432012,-0.7625487786955487
2025-09-05,-7.177380543480294,20.997,4.233038001457068,2.83,59.0,1.9999999999999574,15.180000305175781,12.65999984741211,-2.520000457763672,0,148.16000366210938,,,120.1282,-0.31533123887005354,-7.000000000000028,-0.3165152978388819,1.0297738214836594,0.1340289536710726,1.238435353245393,-2.5362328638335097,1.329292211977151
2025-09-08,-7.177380543480294,19.416,4.233038001457068,2.84,56.00000000000001,0.0,15.109999656677246,13.5,-1.609999656677246,0,148.82000732421875,,,120.0971,-0.33791325288807794,-4.999999999999982,0.21059789159529885,1.4529910649426103,0.45146422517925444,0.37579268569525315,0.630352992373262,0.6891438841157616
2025-09-09,-7.177380543480294,22.915,4.233038001457068,2.87,54.0,0.0,15.039999961853027,13.609999656677246,-1.4300003051757812,0,150.92999267578125,,,120.1569,-0.14626091451298562,3.000000000000025,0.26881536531127015,-0.422785126219305,1.256680503821772,-0.5108409765749888,0.5942864705379636,0.14293040412012292
2025-09-10,-7.154447343015136,29.4,4.233038001457068,2.84,50.0,-1.0000000000000675,15.350000381469727,14.289999961853027,-1.0600004196166992,0,151.9199981689453,,,120.1223,-0.4697189143684777,-4.0000000000000036,0.2983469943562689,0.8706603827684178,1.6711393890512127,0.12946091574377316,1.6605414068235458,0.008235633192543723
2025-09-11,-7.154447343015136,26.897,4.233038001457068,2.78,49.0,0.9999999999999787,14.710000038146973,12.989999771118164,-1.7200002670288086,0,147.6300048828125,,,119.9534,-0.26622633728432543,-3.000000000000025,0.8485890387959882,1.220019453872978,0.8951471735887173,1.6548918763713338,-2.041776777833515,-0.1838894261971813
2025-09-12,-7.154447343015136,17.331,4.233038001457068,2.79,50.0,1.9999999999999574,14.760000228881836,12.850000381469727,-1.9099998474121094,0,149.49000549316406,,,120.0611,-0.05735453258969292,4.999999999999982,-0.048276131466740146,0.891590723421043,1.5351979140073357,-0.1215691843127975,0.513066699221354,0.343699313581447
2025-09-15,-7.154447343015136,16.954,4.233038001457068,2.75,51.0,10.999999999999943,15.6899995803833,14.710000038146973,-0.9799995422363281,0,152.11000061035156,,,119.5644,-0.8953571067416122,-0.9999999999999787,0.4706619226962694,0.891590723421043,0.3466317403372443,-0.26078643146079106,0.9730429473827851,0.8987792433232666
2025-09-16,-7.154447343015136,18.817,4.233038001457068,2.79,53.0,-1.0000000000000675,16.360000610351562,15.789999961853027,-0.5700006484985352,0,148.2100067138672,,,119.1348,-0.9996036154920729,-0.9999999999999787,-0.12879303382402618,0.2996517035393831,1.2417437176589718,0.035256640517089544,1.9273260990682273,0.18195511543968035
2025-09-17,-7.040798341627119,13.963,4.233038001457068,2.79,54.0,-2.000000000000046,15.720000267028809,14.529999732971191,-1.1900005340576172,0,146.3699951171875,,,119.1582,-1.164544110840715,1.9999999999999574,-0.09701681605103207,-0.24918701475017402,-1.0499769137849446,0.374846719275701,-0.728446397647331,-0.19246533393638687
2025-09-18,-7.040798341627119,13.707,4.233038001457068,2.71,54.0,-1.0000000000000675,15.699999809265137,13.529999732971191,-2.1700000762939453,0,148.19000244140625,,,119.6616,-0.8787101648078499,5.000000000000071,0.47891191851283654,1.1454486293225097,1.4032972360339402,-1.1527638525805073,-0.7494197253132273,-1.0348225637178965
2025-09-19,-7.040798341627119,11.363,4.233038001457068,2.72,56.99999999999999,-1.0000000000000675,15.449999809265137,12.40999984741211,-3.0399999618530273,0,146.97000122070312,,,119.7858,-0.819618515976317,2.999999999999936,0.48854188708296054,-0.5686569328791524,-0.46398920541972366,-0.30187716521425934,-1.4000305079770237,0.7629620770278844
2025-09-22,-7.040798341627119,14.173,4.233038001457068,2.69,54.0,-1.0000000000000675,16.100000381469727,14.25,-1.8500003814697266,0,145.4600067138672,,,119.8152,-1.0481127611094099,1.0000000000000675,0.44100464743330736,0.994213616052475,0.6794856722820874,0.22216278623143904,-0.06381766964356217,1.884786903768898
2025-09-23,-7.040798341627119,14.402,4.233038001457068,2.71,59.0,-3.000000000000025,16.639999389648438,14.670000076293945,-1.9699993133544922,0,146.52999877929688,,,119.6202,-0.546403563761777,-3.000000000000025,-0.5502159197012135,0.994213616052475,0.5056733759912779,-0.17612083576634685,1.2292472306296265,1.0666492101799152
2025-09-24,-6.661865388409904,29.172,4.233038001457068,2.7,59.0,-2.000000000000046,16.18000030517578,13.390000343322754,-2.7899999618530273,0,145.8699951171875,,,120.1707,-0.20818558827584432,4.0000000000000036,-0.2846617843333288,0.3003680887197824,-0.40302017572965143,0.8322991079470654,2.491717426524964,-1.2828651205417652
2025-09-25,-6.661865388409904,25.369,4.233038001457068,2.76,54.0,2.999999999999936,16.739999771118164,14.170000076293945,-2.5699996948242188,0,145.88999938964844,,,120.5419,0.012030459463985288,1.9999999999999574,-0.500906134312662,0.2731103461506512,-0.029658515731212365,-0.008825103180221117,-0.015378530796217316,0.12860868041868478
2025-09-26,-6.661865388409904,48.073,4.233038001457068,2.75,56.99999999999999,0.9999999999999787,15.289999961853027,12.270000457763672,-3.0199995040893555,0,141.50999450683594,,,120.4349,-0.2422813710889149,2.000000000000046,0.5901836747171263,-0.874094680030213,-2.45051456051123,-0.6538819150199937,1.1388085957840577,1.0275936601965352
2025-09-29,-6.661865388409904,56.22,4.233038001457068,2.74,52.0,-2.000000000000046,16.1200008392334,13.510000228881836,-2.6100006103515625,0,143.02999877929688,,,120.115,-0.1201568275271403,-4.999999999999982,0.263554421636214,-0.6862272333089003,1.3337048022962428,0.8992965653783269,-3.454048106512475,1.2078471360118748
2025-09-30,-6.661865388409904,49.071,4.233038001457068,2.8,56.00000000000001,8.999999999999986,16.280000686645508,13.949999809265137,-2.330000877380371,0,143.44000244140625,,,120.1368,-0.059396946298184705,0.9999999999999787,0.40908483833717035,-0.2466959206327224,-0.1926394291372313,0.524141088789265,-1.7021305249305896,0.5208235492420998
2025-10-01,-6.524916896376787,10.179,4.279480894421339,2.81,56.99999999999999,4.999999999999982,16.290000915527344,13.529999732971191,-2.7600011825561523,0,143.67999267578125,,,120.1502,-0.44206466987671833,-4.0000000000000036,0.3399920834961989,-0.8496661625264856,0.9119307241193919,0.524141088789265,-0.9459678734839105,0.6951663932628138
2025-10-02,-6.524916896376787,8.436,4.279480894421339,2.81,55.00000000000001,4.999999999999982,16.6299991607666,13.789999961853027,-2.839999198913574,0,145.92999267578125,,,120.4296,-0.06273588193704827,-2.000000000000046,0.06183547238911569,0.8661538280781311,2.7020970563218283,0.524141088789265,-2.1042396612934056,-0.7188118636877849
2025-10-03,-6.524916896376787,25.392,4.279480894421339,2.8,55.00000000000001,2.999999999999936,16.649999618530273,13.470000267028809,-3.179999351501465,0,144.64999389648438,,,120.0881,-0.5587808838641739,3.000000000000025,0.006551280273581206,1.8532045446188583,2.7020970563218283,0.524141088789265,0.6613781893294535,1.0703986816393396
2025-10-06,-6.524916896376787,21.776,4.279480894421339,2.76,57.99999999999999,0.0,16.3700008392334,13.569999694824219,-2.8000011444091797,0,142.5,,,120.2722,0.1198719368141532,4.999999999999982,0.36465919796933033,4.752644706081566,2.7020970563218283,0.524141088789265,1.3304821688282953,1.744484392910639
2025-10-07,-6.524916896376787,4.622,4.279480894421339,2.82,56.99999999999999,-1.0000000000000675,17.239999771118164,14.989999771118164,-2.25,0,145.22000122070312,,,120.4884,0.32581969090010876,-4.0000000000000036,-0.38114057910215715,0.012758823447467371,2.7020970563218283,0.524141088789265,0.06484181620654006,0.7116651299544197
2025-10-08,-6.471340345459808,5.231,4.279480894421339,2.84,55.00000000000001,-3.000000000000025,16.299999237060547,13.170000076293945,-3.1299991607666016,0,145.75999450683594,,,120.7766,0.5157423335655276,-0.9999999999999787,0.5827663640568082,-0.45023288399382855,2.7020970563218283,0.524141088789265,1.3283649779766593,1.6773110077421993
2025-10-09,-6.471340345459808,4.496,4.279480894421339,2.95,54.0,-2.000000000000046,16.43000030517578,13.920000076293945,-2.510000228881836,0,145.33999633789062,,,121.0902,0.8057621274317972,0.9999999999999787,-0.2755570407195318,1.7711392742335574,2.7020970563218283,1.318510512073967,-1.662671348061584,-2.399030465921359
2025-10-10,-6.471340345459808,4.124,4.279480894421339,3.18,53.0,0.0,21.65999984741211,21.700000762939453,0.04000091552734375,1,138.86000061035156,,,121.1163,0.9694598068916704,-8.999999999999986,-2.711167321141361,-1.0120134991954743,1.7296845606320277,-0.939097898296648,-4.24320739209092,0.7500659643053353
2025-10-13,-6.471340345459808,4.124,4.279480894421339,3.18,53.0,0.0,19.030000686645508,18.020000457763672,-1.010000228881836,0,142.80999755859375,,,121.1163,0.9694598068916704,-8.999999999999986,1.5598671787557583,-1.0120134991954743,-0.7214880663476086,-0.19312468116134962,1.0016980259816455,3.3376140891845596
2025-10-14,-6.471340345459808,3.516,4.279480894421339,3.11,55.00000000000001,4.0000000000000036,20.809999465942383,20.3799991607666,-0.43000030517578125,0,146.47999572753906,,,121.1822,0.9337745531233566,-1.9999999999999574,-0.15643266604626893,-2.5816415643162727,-0.6343889728031349,-0.6240631708450017,-1.3279557795226826,0.7326120075161535
2025-10-15,-6.290838670523879,5.484,4.279480894421339,2.95,55.00000000000001,13.999999999999968,20.639999389648438,19.280000686645508,-1.3599987030029297,0,144.97999572753906,,,120.8642,1.0871128864444524,1.9999999999999574,0.40260011595036893,1.7617903371941024,2.6803779295524244,1.2154514110618297,-0.7325388408636391,0.9229880210824382
2025-10-16,-6.290838670523879,6.96,4.279480894421339,3.04,57.99999999999999,14.999999999999947,25.309999465942383,25.8700008392334,0.5600013732910156,1,147.13999938964844,,,120.6698,1.2884564375816199,-5.999999999999961,-0.6294387099829435,1.2692101836383696,2.490651171388092,0.10273078418872039,-1.3900830048527935,2.4731330743833713
2025-10-17,-6.290838670523879,4.102,4.279480894421339,3.04,56.00000000000001,2.999999999999936,20.780000686645508,19.799999237060547,-0.9800014495849609,0,147.6300048828125,,,120.7028,1.2962599300761601,2.999999999999936,0.5270715550257155,-1.4408086801782738,0.013866704044018796,-1.9527245093314716,0.13923047742669947,-2.1097212477968474
2025-10-20,-6.290838670523879,5.931,4.279480894421339,2.99,54.0,0.9999999999999787,18.229999542236328,17.350000381469727,-0.8799991607666016,0,151.30999755859375,,,120.6209,0.8016773969260038,-1.9999999999999574,1.0672270853256949,3.3696493646268033,1.755187554544957,0.6286386587278647,-0.034759223923253035,3.4965035779983777
2025-10-21,-6.290838670523879,4.699,4.279480894421339,2.97,53.0,8.000000000000007,17.8700008392334,16.8799991607666,-0.9900016784667969,0,149.9499969482422,,,120.8895,0.9213946895207936,-2.0000000000000018,0.0032696450934288634,0.2654412250561622,0.239866060542826,1.3571536256960393,0.5215563885136554,-5.735171035251085
2025-10-22,-6.257639334635289,4.005,4.279480894421339,3.01,52.0,5.999999999999961,18.600000381469727,18.350000381469727,-0.25,0,152.85000610351562,,,120.8958,0.9018889089197346,-0.9999999999999787,-0.5337539220865439,-0.01676843504084813,1.5649149120932515,-0.06572411605645367,1.1760641798077565,-1.0592765943036375
2025-10-23,-6.257639334635289,6.941,4.279480894421339,2.96,53.0,8.999999999999986,17.299999237060547,16.6200008392334,-0.6799983978271484,0,154.33999633789062,,,120.9531,1.1142766857102915,3.999999999999959,0.5827393442932483,-1.3510637977614093,-0.9815400269293506,0.22106260385896803,5.623933188935637,2.005244278866991
2025-10-24,-6.257639334635289,2.435,4.279480894421339,2.88,54.0,8.999999999999986,16.3700008392334,14.850000381469727,-1.5200004577636719,0,153.49000549316406,,,120.9345,0.6355958648821991,0.9999999999999787,0.7902422587873881,1.3528316002599405,2.497166286150554,0.7113509356386993,-0.46933308177774524,-0.1721027186098678
2025-10-27,-6.257639334635289,10.642,4.279480894421339,2.8,53.0,11.999999999999922,15.789999961853027,14.640000343322754,-1.1499996185302734,0,148.5,,,120.7988,0.21312091480223394,-0.9999999999999787,1.2290050865671143,2.4597982205438518,2.568506312855945,1.180490465114814,-0.30894085643736746,-2.8287685208447266
2025-10-28,-6.257639334635289,14.096,4.279480894421339,2.82,52.0,15.999999999999925,16.420000076293945,15.630000114440918,-0.7899999618530273,0,140.3699951171875,,,120.6361,0.16706120900171761,-1.9999999999999574,0.22879438603986557,-0.5803349028246085,-0.8019176020047092,-0.2181903207692737,-1.8920238483593477,-0.8920750654199727
2025-10-29,-6.080510558937135,19.504,4.279480894421339,2.76,49.0,11.999999999999922,16.920000076293945,15.609999656677246,-1.3100004196166992,0,139.4499969482422,,,120.5312,0.346501269616617,8.999999999999986,-0.0043578255173426506,2.167436339608164,1.7639092208698415,0.7047480969058828,0.5486251171838097,0.44122838524138785
2025-10-30,-6.080510558937135,19.166,4.279480894421339,2.85,50.0,14.000000000000012,16.90999984741211,14.899999618530273,-2.010000228881836,0,141.14999389648438,,,121.2832,0.9542454934707845,3.000000000000025,-0.9904812439519239,0.03500635489439574,0.1406463955435422,-0.732762697609346,0.1488097772306407,0.441802793181556
2025-10-31,-6.080510558937135,51.802,4.279480894421339,2.94,51.0,31.999999999999986,17.440000534057617,14.710000038146973,-2.7300004959106445,0,142.77999877929688,,,121.3859,1.028462707511113,0.0,0.26179217059763005,2.1153776486458,0.5042980839611966,-0.8054085320666204,0.6769025086310831,-0.47734729770749773
2025-11-03,-6.080510558937135,23.792,3.8452933609262274,3.04,53.0,23.0,17.170000076293945,14.970000267028809,-2.1999998092651367,0,141.99000549316406,,,121.4512,0.848296432106399,1.9999999999999574,0.17207127269924793,2.1153776486458,2.784421599208775,0.549484468621797,0.11479123540454328,0.4545250835765735
2025-11-04,-6.080510558937135,16.983,3.8452933609262274,3.13,52.0,10.000000000000009,19.0,17.75,-1.25,0,144.00999450683594,,,121.8271,1.4481035173343537,-3.000000000000025,-1.1736830084583816,-1.7441657239163466,-2.371695007974428,-0.41078523044506543,-0.8026173135020742,-1.3149038075696118
2025-11-05,-6.027294515147263,12.814,3.8452933609262274,3.05,54.0,1.000000000000023,18.010000228881836,15.869999885559082,-2.140000343322754,0,143.63999938964844,,,121.8482,1.3103609978033282,7.000000000000028,0.36535556982648654,-2.4951447981508057,-2.8463781274122413,0.22882792975640331,-1.585209506935903,0.8257997836581543
2025-11-06,-6.027294515147263,10.754,3.8452933609262274,3.13,54.0,2.0000000000000018,19.5,18.1200008392334,-1.3799991607666016,0,143.5399932861328,,,121.6948,1.0012582124088398,-5.999999999999961,-1.1178189042419073,1.337143615530345,0.5501428353338111,0.9702584075325094,-0.28523183439195243,-0.010053173867952125
2025-11-07,-6.027294515147263,4.903,3.8452933609262274,3.15,56.00000000000001,3.000000000000025,19.079999923706055,17.309999465942383,-1.7700004577636719,0,141.27000427246094,,,121.388,0.5062238877398428,0.0,0.12618418007710464,-1.1935233408428059,-1.805310938612159,-0.2546085977612411,0.5384480787161472,0.48996207137059766
2025-11-10,-6.027294515147263,7.152,3.8452933609262274,3.02,55.00000000000001,5.000000000000027,17.600000381469727,16.040000915527344,-1.5599994659423828,0,142.94000244140625,,,121.2984,0.17193794378076444,1.9999999999999574,1.540101862170995,1.2637957179033377,3.021933050403658,0.5263470007216942,0.6359850512388965,2.810419190086022
2025-11-11,-6.027294515147263,7.152,3.8452933609262274,3.02,55.00000000000001,5.000000000000027,17.280000686645508,15.180000305175781,-2.1000003814697266,0,143.4499969482422,,,121.2984,0.17193794378076444,1.9999999999999574,0.2075350517340535,-0.13519868283138337,0.813852033365392,-0.39413923535311923,1.5133873794235697,-0.12160125097286922
2025-11-12,-5.549591021123835,5.886,3.8452933609262274,3.02,52.0,8.000000000000007,17.510000228881836,15.369999885559082,-2.140000343322754,0,138.57000732421875,,,121.0458,-0.0582085152865397,-4.999999999999982,0.06295171887717999,0.4334504474949208,1.0715007228991213,-0.06540900113002346,-4.177587154019646,2.3765487069725033
2025-11-13,-5.549591021123835,3.761,3.8452933609262274,3.09,53.0,10.000000000000009,20.0,19.170000076293945,-0.8299999237060547,0,142.49000549316406,,,120.7725,-0.3380859565183636,3.000000000000025,-1.6556854961596978,0.4279384498730776,0.487658880901054,0.7340014292713137,0.3419335655717948,-0.4162306252134762
2025-11-14,-5.549591021123835,1.559,3.8452933609262274,3.07,52.0,5.000000000000027,19.829999923706055,18.610000610351562,-1.2199993133544922,0,137.92999267578125,,,120.9666,0.08472318519463506,2.999999999999936,-0.05017255648851471,-1.7653365882224992,-3.8138079600067876,-0.9680859597756664,2.3854175475168438,-2.371678497303309
2025-11-17,-5.549591021123835,3.172,3.8452933609262274,3.13,53.0,10.000000000000009,22.3799991607666,22.329999923706055,-0.049999237060546875,0,140.89999389648438,,,121.1146,0.36860921290993165,-0.9999999999999787,-0.9162266176807821,-0.10445557175992048,1.9363972289381914,-0.4625252102241295,-0.29955118109286083,-0.4721608857772397
2025-11-18,-5.549591021123835,0.905,3.8452933609262274,3.2,54.0,4.0000000000000036,24.690000534057617,25.18000030517578,0.48999977111816406,1,142.97999572753906,,,121.2127,0.42244256139873926,-0.9999999999999787,-0.8256436690967983,-3.220993127257399,-3.3167422586660167,-0.8112195522222421,1.385414510380012,-0.17206203859069236
2025-11-19,-5.321523900914116,1.129,3.8452933609262274,3.17,55.00000000000001,1.000000000000023,23.65999984741211,23.100000381469727,-0.5599994659423828,0,143.0500030517578,,,121.4978,0.7269884406433613,0.9999999999999787,0.37538357962292324,-0.3393657809218742,-0.6098235719982692,0.1758701516730632,-2.1402749684458433,0.40380917801141614
2025-11-20,-5.321523900914116,6.52,3.8452933609262274,3.17,55.00000000000001,1.000000000000023,26.420000076293945,26.350000381469727,-0.06999969482421875,0,144.9600067138672,,,121.6889,0.661265039560921,-3.000000000000025,-1.5567283563270418,2.649985904159058,1.9172896290730934,-0.39756635204262203,-0.5047093606858621,-0.5198997333235034
2025-11-21,-5.321523900914116,2.503,3.8452933609262274,3.19,55.00000000000001,3.000000000000025,23.43000030517578,21.510000228881836,-1.9200000762939453,0,148.33999633789062,,,121.8653,0.8019302572959575,-4.0000000000000036,0.9823035415319481,-2.4045919816566563,-3.785162595207736,-2.4461629088068038,-1.8261718422446616,0.49796502334216175
2025-11-24,-5.321523900914116,1.077,3.8452933609262274,3.15,57.99999999999999,6.000000000000005,20.520000457763672,18.549999237060547,-1.970001220703125,0,148.60000610351562,,,121.9171,0.7970031359262331,-1.9999999999999574,1.5467217001293498,-2.4045919816566563,-0.18685349946869767,0.048861342904515936,1.3434356886799836,0.3728493966671742
2025-11-25,-5.321523900914116,2.314,3.8452933609262274,3.1,57.99999999999999,10.999999999999988,18.559999465942383,15.390000343322754,-3.169999122619629,0,151.67999267578125,,,121.6335,0.5779988340796072,-3.000000000000025,0.9061696817220577,0.06918255413923546,0.30472666896965706,0.8668255046057061,-1.5125754373562672,1.155949414638835
2025-11-26,-5.108093391299818,2.217,3.8452933609262274,3.0,55.00000000000001,14.999999999999991,17.190000534057617,13.329999923706055,-3.8600006103515625,0,145.0399932861328,,,121.2437,0.3682983605797441,-0.9999999999999787,0.6906711511012631,1.848663509043269,2.6722645435389047,-0.15087422643523807,1.2079391781252946,0.6281406738781081
2025-11-28,-5.108093391299818,7.561,3.8452933609262274,2.95,55.00000000000001,22.00000000000002,16.350000381469727,13.609999656677246,-2.7400007247924805,0,143.0,,,121.0527,0.3453360975694597,1.9999999999999574,0.5354773163420257,0.17303888613506846,-1.5129467569744093,0.344130134917231,-0.1705068818697919,1.2748393086785548
2025-12-01,-5.108093391299818,3.24,4.038142928945065,2.94,55.00000000000001,22.00000000000002,17.239999771118164,16.549999237060547,-0.6900005340576172,0,144.86000061035156,,,120.9862,0.377495619391488,7.000000000000028,-0.5323329342915684,-1.8916516213251744,-0.15840641788168464,0.6534532410822358,1.3151160850507493,0.4978309027884764
2025-12-02,-5.108093391299818,5.62,4.038142928945065,2.92,57.99999999999999,10.999999999999988,16.59000015258789,15.420000076293945,-1.1700000762939453,0,144.94000244140625,,,121.1467,-0.11254650273079259,0.0,0.24572352619998128,0.00034068472876125355,1.901856514165412,-0.41630465109621095,-1.1463255372118786,-1.2431229084807538
2025-12-03,-5.221215671448832,2.514,4.038142928945065,2.89,56.99999999999999,5.000000000000027,16.079999923706055,14.460000038146973,-1.619999885559082,0,149.22999572753906,,,120.7336,-0.5373770759206864,-3.000000000000025,0.29797912994984355,1.1383188755413887,1.0355655266902408,-0.5057304002222818,0.5286517334884833,0.3033417745907929
2025-12-04,-5.221215671448832,2.233,4.038142928945065,2.88,59.0,2.0000000000000018,15.779999732971191,14.300000190734863,-1.4799995422363281,0,148.91000366210938,,,120.6766,-0.6377870288642784,5.000000000000071,0.10803218396737702,2.3338005874962597,-0.19299950371037822,-0.05691158457967749,1.221369629665059,0.2976686729070144
2025-12-05,-5.221215671448832,1.485,4.038142928945065,2.85,57.99999999999999,3.000000000000025,15.40999984741211,13.899999618530273,-1.510000228881836,0,148.8300018310547,,,120.6863,-0.9364090584114693,2.999999999999936,0.1936641757662061,-1.0514743774838742,1.7758375863148768,0.697022181952689,0.68711861017412,0.02611941942316509
2025-12-08,-5.221215671448832,1.703,4.038142928945065,2.89,60.0,5.000000000000027,16.65999984741211,16.290000915527344,-0.3699989318847656,0,150.6300048828125,,,120.776,-0.879947344318599,3.000000000000025,-0.3477255626794018,0.17838576893449698,1.3365762753929866,0.544986451186813,-1.9973380931542994,-0.6100241550233032
2025-12-09,-5.221215671448832,3.211,4.038142928945065,2.89,56.99999999999999,3.000000000000025,16.93000030517578,16.299999237060547,-0.6300010681152344,0,150.32000732421875,,,120.6832,-0.8312598401903792,0.9999999999999787,-0.08763589340257116,0.1446369083828003,-0.2719783554916866,-0.37096319715339554,-1.0699746207314398,0.4657049840088856
2025-12-10,-5.192936265899817,5.045,4.038142928945065,2.91,59.0,0.0,15.770000457763672,14.680000305175781,-1.0900001525878906,0,147.5500030517578,,,120.6752,-0.5872079612482262,-4.999999999999982,0.674955693920154,-0.10324879357999084,-0.2063400970305218,-0.2308441968406738,0.36051344973846433,-0.2448544581386547
2025-12-11,-5.192936265899817,2.874,4.038142928945065,2.88,62.0,1.000000000000023,14.850000381469727,12.460000038146973,-2.390000343322754,0,148.32000732421875,,,119.98,-1.0869063400671397,0.9999999999999787,0.2079350841514227,-0.8971449440367985,-0.589598133313185,-0.6967826107856845,-1.4710924115973634,2.1232508752677903
2025-12-12,-5.192936265899817,0.838,4.038142928945065,2.91,67.0,2.0000000000000018,15.739999771118164,13.479999542236328,-2.260000228881836,0,153.58999633789062,,,120.1442,-0.7448420349983276,5.000000000000071,-1.0663649289958,1.371379156008934,1.375462520267745,0.41380107583237624,-0.27777752022684066,0.34068597961147695
2025-12-15,-5.192936265899817,2.601,4.038142928945065,2.91,67.0,10.000000000000009,16.5,14.199999809265137,-2.3000001907348633,0,161.86000061035156,,,119.9561,-0.6759817011322888,-1.0000000000000675,-0.15965630269072495,-1.3148834765094652,-1.8374640159806055,-0.5508650842229068,-1.0793853529036723,0.1534870702160518
2025-12-16,-5.192936265899817,1.554,4.038142928945065,2.98,67.0,4.0000000000000036,16.479999542236328,13.880000114440918,-2.59999942779541,0,156.99000549316406,,,119.8902,-0.8898324000178648,-2.999999999999936,-0.23839179519623555,-1.564380883149441,-2.2358682515971173,-1.1145234830465256,-2.7279113787143094,-0.051087728718490766
2025-12-17,-4.825881522330466,10.361,4.038142928945065,2.99,67.0,4.0000000000000036,17.6200008392334,15.75,-1.8700008392333984,0,153.49000549316406,,,120.155,-0.7923074509596617,0.9999999999999787,-1.1592143912241393,0.2612061487778705,1.4323123023099127,1.1887137018452787,1.2122275436876606,0.9989545824137469
2025-12-18,-4.825881522330466,11.708,4.038142928945065,2.95,66.0,1.000000000000023,16.8700008392334,13.920000076293945,-2.950000762939453,0,155.3800048828125,,,120.0528,-0.9569129307407498,-4.0000000000000036,0.7934262269941872,-1.0316253606270642,-1.5259774945072357,0.15743100258449605,0.3754074085186909,-0.1840138010350767
2025-12-19,-4.825881522330466,3.047,4.038142928945065,2.9,68.0,1.000000000000023,14.90999984741211,10.489999771118164,-4.420000076293945,0,155.8699951171875,,,120.1652,-1.0968099833906453,4.0000000000000036,0.8818059450332205,1.032031544952705,0.6518957018217142,0.3631464572515064,0.9082783751985346,0.5046641858220902
2025-12-22,-4.825881522330466,1.523,4.038142928945065,2.88,73.0,3.000000000000025,14.079999923706055,10.5,-3.5799999237060547,0,159.92999267578125,,,119.9912,-1.3951149200954194,0.9999999999999787,0.6436496360377575,1.8081804055375184,2.123593187902517,0.6918487443737353,2.3826305643429135,1.9076488553088078
2025-12-23,-4.825881522330466,5.893,4.038142928945065,2.83,70.0,1.000000000000023,14.0,10.0600004196167,-3.939999580383301,0,160.52999877929688,,,119.7057,-1.7721205297980713,0.9999999999999787,0.45503887657032394,0.02079359454987273,0.2773950834498162,0.06675382285763476,0.6378258184584151,0.8594633081026481
2025-12-24,-4.425408617502013,4.803,4.038142928945065,2.84,68.0,1.000000000000023,13.470000267028809,9.170000076293945,-4.300000190734863,0,160.52999877929688,,,119.4372,-2.034087096887971,-2.999999999999936,0.32214822012188726,-0.1364126457350845,-0.2112953912415727,0.5349012726147295,-0.05139190381160397,-0.0490699368048908
2025-12-26,-4.425408617502013,20.339,4.038142928945065,2.86,68.0,10.999999999999988,13.600000381469727,9.649999618530273,-3.950000762939453,0,151.4499969482422,,,119.4723,-1.7768131312508428,-1.0000000000000675,-0.030436354912266594,0.6796599669848913,0.5125822780658096,0.10248105139478714,-2.7592062343726576,1.0824442919012078
2025-12-29,-4.425408617502013,10.551,4.038142928945065,2.87,67.0,12.00000000000001,14.199999809265137,11.369999885559082,-2.8299999237060547,0,150.47000122070312,,,119.5899,-1.3640296361790427,-1.9999999999999574,-0.349205148036813,-0.4403291230824835,2.200651840921486,0.04039364027448311,2.3616498289537935,-4.504206036549451
2025-12-30,-4.425408617502013,12.605,4.038142928945065,2.84,69.0,6.000000000000005,14.329999923706055,11.460000038146973,-2.869999885559082,0,148.3300018310547,,,119.4939,-1.2877036199936076,1.9999999999999574,-0.13756671519022934,-0.37097333321376436,-0.1514049469747203,-0.004137475759291576,-0.2238310330867188,1.0404383478751278
2025-12-31,-3.0919121236350433,105.993,4.038142928945065,2.81,71.0,22.00000000000002,14.949999809265137,12.0,-2.9499998092651367,0,148.6999969482422,,,119.7456,-1.0254062033521194,4.0000000000000036,-0.7357666300846111,-0.37097333321376436,-0.1514049469747203,0.09392212295769031,-0.9145860000283057,-1.0182833117224455
2026-01-02,-3.0919121236350433,5.667,4.089752637052424,2.83,72.0,10.000000000000009,14.510000228881836,11.720000267028809,-2.7899999618530273,0,141.86000061035156,,,119.6059,-1.2718464473237767,1.0000000000000675,0.18947067188299638,-0.37097333321376436,2.2652138548563183,0.09392212295769031,-0.17415269472296213,-0.2589281269567367
2026-01-05,-3.0919121236350433,6.485,4.089752637052424,2.81,71.0,5.000000000000027,14.899999618530273,12.4399995803833,-2.4600000381469727,0,142.4499969482422,,,119.6192,-0.9230239138069196,-2.000000000000046,0.6354126864826393,2.966499253855104,3.431620365093524,1.375134877905393,1.7445917748152073,2.8393288237711367
2026-01-06,-3.0919121236350433,2.582,4.089752637052424,2.79,71.0,1.000000000000023,14.75,12.130000114440918,-2.619999885559082,0,146.22999572753906,,,119.7807,-0.7423974490497698,0.9999999999999787,0.6196712678341321,1.3220920602806663,1.5246137008857907,1.4974833609588734,-2.0404640482441505,1.0209897443217208
2026-01-07,-4.08477120046038,4.582,4.089752637052424,2.79,68.0,0.0,15.380000114440918,12.539999961853027,-2.8400001525878906,0,143.57000732421875,,,119.8719,-0.6748073310723801,-2.999999999999936,-0.3439923431013958,-1.0588690144494928,0.5652456366042946,0.051546330118901196,-1.995447870356648,-0.734023229471259
2026-01-08,-4.08477120046038,3.083,4.089752637052424,2.76,70.0,-0.9999999999999787,15.449999809265137,12.829999923706055,-2.619999885559082,0,147.0800018310547,,,120.0904,-0.5676624494932669,4.0000000000000036,0.00765482590914246,-1.6256477185430107,0.02878579005514137,-0.0683584098352008,3.1612727094222137,0.008998958096251286
2026-01-09,-4.08477120046038,3.28,4.089752637052424,2.74,64.0,-0.9999999999999787,14.489999771118164,10.859999656677246,-3.630000114440918,0,146.0399932861328,,,120.2215,-0.3825718907022657,-1.0000000000000675,0.6475487031883276,1.6092976786905133,0.7457589378129237,0.9171435196684508,2.3545717622442286,0.9124122433634918
2026-01-12,-4.08477120046038,3.402,4.089752637052424,2.74,65.0,-0.9999999999999787,15.119999885559082,11.9399995803833,-3.1800003051757812,0,149.75,,,119.9958,-0.562998859749142,1.0000000000000675,0.1577633215136931,1.6092976786905133,0.8388035793012616,1.0887546701882522,0.6427623054476861,2.538805980861092
2026-01-13,-4.08477120046038,3.277,4.089752637052424,2.75,65.0,0.0,15.979999542236328,12.510000228881836,-3.469999313354492,0,151.60000610351562,,,120.1401,0.1334389064844066,-1.0000000000000675,-0.19391230550597216,3.0983306123394394,1.4670957401993645,-0.6369140032457588,2.773111808199835,-0.32794583357990126
2026-01-14,-3.6928214080335753,3.223,4.089752637052424,2.76,64.0,-0.9999999999999787,16.75,13.180000305175781,-3.5699996948242188,0,152.52000427246094,,,119.9537,-0.15855946437697277,-2.999999999999936,-0.5333360445499591,1.4791460971354864,0.6491007204911803,-0.3060106349844549,1.422729207155582,0.808411221913885
2026-01-15,-3.6928214080335753,2.003,4.089752637052424,2.71,61.0,1.000000000000023,15.84000015258789,12.319999694824219,-3.520000457763672,0,151.57000732421875,,,119.9951,0.03251189393451703,1.9999999999999574,0.25799262171273263,-0.4245955911555743,1.576288994344921,-0.326984873088787,-4.563047097979222,-0.21615546813174014
2026-01-16,-3.6928214080335753,1.222,4.089752637052424,2.65,65.0,0.0,15.859999656677246,12.09000015258789,-3.7699995040893555,0,153.58999633789062,,,120.0838,0.16148108852933607,7.000000000000028,-0.06423023039563436,-0.3221706045961503,0.9002601629127582,-0.2598839053039037,0.42236865315146144,-0.604378041378939
2026-01-20,-3.6928214080335753,3.506,4.089752637052424,2.73,70.0,-0.9999999999999787,20.09000015258789,19.93000030517578,-0.15999984741210938,0,154.9600067138672,,,119.4455,-0.5904872872539713,5.999999999999961,-2.062675805627745,-1.1056910663935104,-0.38555487327501803,-0.008533646542296935,1.5141344997853023,3.731152448701147
2026-01-21,-3.6181013384545158,3.344,4.089752637052424,2.69,66.0,-2.0000000000000018,16.899999618530273,15.880000114440918,-1.0199995040893555,0,144.41000366210938,,,119.3431,-0.5911565577812361,-4.0000000000000036,1.1587741323274559,-0.4084854458907494,0.4949122607839085,0.08000234546936547,0.46403509875507787,1.516928009704066
2026-01-22,-3.6181013384545158,2.058,4.089752637052424,2.64,65.0,-0.9999999999999787,15.640000343322754,14.380000114440918,-1.260000228881836,0,141.30999755859375,,,119.1962,-0.8063898699457006,0.0,0.5487502192628835,1.732366131105234,0.8676214905280588,0.13690339302896426,-2.078519207743623,1.5936090714126827
2026-01-23,-3.6181013384545158,0.927,4.089752637052424,2.68,64.0,0.0,16.09000015258789,15.0,-1.0900001525878906,0,144.02000427246094,,,118.8976,-0.9114001693457552,-1.9999999999999574,0.03268698377891788,0.29425169138517226,0.757997239613073,0.32959707858641885,2.8807261908526005,1.3730523408316264
2026-01-26,-3.6181013384545158,1.489,4.089752637052424,2.69,66.0,1.000000000000023,16.149999618530273,15.050000190734863,-1.0999994277954102,0,148.10000610351562,,,118.0525,-1.3810537008680401,-2.000000000000046,0.5006083031276365,-1.7858439575361262,-0.8112107023489967,-0.08604789310747707,-0.7204824445844471,2.079900243914934
2026-01-27,-3.6181013384545158,1.253,4.089752637052424,2.71,71.0,1.000000000000023,16.350000381469727,14.850000381469727,-1.5,0,147.25,,,117.4523,-1.6618775389912077,2.000000000000046,0.40818961771371676,0.8476636916720626,2.7327568177603068,0.17661567363673747,2.902850553401648,0.0039314727950712225
2026-01-28,-3.382395258797577,1.103,4.089752637052424,2.72,70.0,-0.9999999999999787,16.350000381469727,14.539999961853027,-1.8100004196166992,0,144.97999572753906,,,117.5117,-1.6410498500489257,1.9999999999999574,-0.008172305219089626,0.047197083565930775,1.6905112104901754,0.2737740995689908,1.3143127149321199,4.364263067668173
2026-01-29,-3.382395258797577,2.852,4.089752637052424,2.77,71.0,0.0,16.8799991607666,15.220000267028809,-1.659998893737793,0,143.74000549316406,,,117.4396,-1.7980615419864066,-1.9999999999999574,-0.1292631274007694,0.03165485954070846,0.9754746516441815,0.16250800571884216,3.4962808360734954,0.31688177867144063
2026-01-30,-3.382395258797577,9.629,4.089752637052424,2.8,74.0,3.000000000000025,17.440000534057617,15.6899995803833,-1.7500009536743164,0,143.64999389648438,,,117.8996,-1.334210365550037,1.9999999999999574,-0.4301899620894223,-0.09882792597332157,0.05956166207805591,-0.9628619451636178,-0.32100136097579224,-11.366200569716556
2026-02-02,-3.382395258797577,10.415,4.6887148728201655,2.81,72.0,4.0000000000000036,16.34000015258789,14.449999809265137,-1.890000343322754,0,146.55999755859375,,,118.3609,-1.1563681671810877,3.000000000000025,0.539126612916796,-1.252130850911859,-5.257867922477422,-2.481870641074624,-4.7078664896887386,-1.9389444883695095
2026-02-03,-3.382395258797577,1.785,4.6887148728201655,2.85,71.0,4.0000000000000036,18.0,17.06999969482422,-0.9300003051757812,0,143.85000610351562,,,117.9764,-1.3623909857289673,-0.9999999999999787,-0.8403983020698336,3.922653917446106,6.8370247226870795,1.2947019593767095,1.7219177749178805,6.083292489183334
2026-02-04,-3.010247491717366,2.414,4.6887148728201655,2.86,72.0,0.0,18.639999389648438,18.670000076293945,0.030000686645507812,1,143.16000366210938,,,118.2602,-1.1361052406302696,0.9999999999999787,-0.5072391906223106,-0.7808765099505011,1.5699463378906708,0.8472549366186799,3.053314876016011,0.34055318159975645
2026-02-05,-3.010247491717366,1.748,4.6887148728201655,2.97,74.0,0.0,21.770000457763672,22.290000915527344,0.5200004577636719,1,137.16000366210938,,,118.5034,-1.0663654495256747,-8.000000000000007,-1.2251015567674717,-0.8754667568403707,-3.8638317972896963,-0.6407572152438146,-2.8400345278711825,-1.1990895287168901
2026-02-06,-3.010247491717366,3.111,4.6887148728201655,2.87,72.0,-0.9999999999999787,20.3700008392334,15.430000305175781,-4.940000534057617,0,140.30999755859375,,,118.2407,-1.3607859723588245,0.9999999999999787,1.9695796697335899,0.8094695246961381,-1.4414385790020967,-0.2535376553253532,0.4108047365652956,1.8472105725236831
2026-02-09,-3.010247491717366,1.306,4.6887148728201655,2.84,74.0,-2.0000000000000018,17.360000610351562,14.75,-2.6100006103515625,0,145.22999572753906,,,117.6392,-2.0411290161411744,0.0,0.4691086716887227,3.889619526094923,4.104817252653592,1.4144794443255337,1.274589115681124,2.0136472592168664
2026-02-10,-3.010247491717366,1.447,4.6887148728201655,2.86,71.0,0.0,17.790000915527344,14.9399995803833,-2.850001335144043,0,145.7100067138672,,,117.5216,-2.2457713470552254,-5.999999999999961,-0.3303712975458173,2.2826609072220228,0.0688915583279659,0.12813698767706327,-0.6215064047320307,-0.9325090294185823
2026-02-11,-2.805175538668525,1.048,4.6887148728201655,2.84,66.0,0.0,17.649999618530273,14.180000305175781,-3.469999313354492,0,143.77999877929688,,,117.4601,-2.113157293838619,1.9999999999999574,-0.004895607156218951,2.2826609072220228,0.9959143886627331,0.08748764622867888,1.0475268582484487,1.3549761304446184
2026-02-12,-2.805175538668525,2.844,4.6887148728201655,2.92,62.0,0.0,20.81999969482422,19.799999237060547,-1.0200004577636719,0,142.5,,,117.5376,-2.166220937055996,-8.999999999999986,-1.566101212770199,-0.018558748840835637,3.1334408657453405,0.049206451433736476,-2.769607267367502,-2.9162374693560533
2026-02-13,-2.805175538668525,0.377,4.6887148728201655,2.95,64.0,1.000000000000023,20.600000381469727,18.770000457763672,-1.8299999237060547,0,139.35000610351562,,,117.5258,-2.0240309386038047,-4.999999999999982,0.04990891480125548,-1.2107443317708522,-0.27634023422029586,-1.2565273669578159,0.07956594038691644,1.9964620262842958
2026-02-17,-2.805175538668525,0.441,4.6887148728201655,2.94,62.0,6.000000000000005,20.290000915527344,20.309999465942383,0.019998550415039062,1,140.27999877929688,,,117.7375,-1.8814101575814313,0.9999999999999787,0.10313220779065713,-0.4223500030015592,-0.27634023422029586,-1.2565273669578159,-0.8904397583535784,-2.7698147681451624
2026-02-18,-2.49083943398819,0.856,4.6887148728201655,2.86,62.0,8.000000000000007,19.6200008392334,19.079999923706055,-0.5400009155273438,0,139.1699981689453,,,117.8426,-1.8663633229461407,4.0000000000000036,0.5566070147410729,1.0206600763855045,-0.27634023422029586,-1.2565273669578159,4.588481511846543,2.1216920217128177
2026-02-19,-2.49083943398819,0.632,4.6887148728201655,2.88,61.0,2.0000000000000018,20.229999542236328,19.8700008392334,-0.3599987030029297,0,141.19000244140625,,,118.2354,-1.0130980237849085,-0.9999999999999787,-0.28221256867719813,0.5669697418582587,3.0913370707574828,-1.2565273669578159,1.9021288807038461,-0.21257590807680637
2026-02-20,-2.49083943398819,0.496,4.6887148728201655,2.86,60.0,1.000000000000023,19.09000015258789,18.020000457763672,-1.0699996948242188,0,145.52000427246094,,,117.9917,-1.1323654237237135,0.0,0.6939724763506794,-1.1173711051917334,2.3123833749834954,-1.2565273669578159,-0.06021513675084078,1.6760767696405443
2026-02-23,-2.49083943398819,0.877,4.6887148728201655,2.95,60.0,1.000000000000023,21.010000228881836,21.110000610351562,0.10000038146972656,1,141.42999267578125,,,117.9395,-1.054312134111668,-4.999999999999982,-1.0385652247284827,-1.1173711051917334,0.646636239857723,-1.2565273669578159,-0.12050283444823284,2.8739231956620648
2026-02-24,-2.49083943398819,0.917,4.6887148728201655,2.97,61.0,2.0000000000000018,19.549999237060547,18.600000381469727,-0.9499988555908203,0,141.94000244140625,,,117.9463,-0.800100254336511,0.9999999999999787,0.7651614086322311,0.8717721590947747,2.113383411321279,0.8656430607079324,-1.0254868499654402,-0.9395428898871239
2026-02-25,-2.2509862031323546,1.159,4.6887148728201655,2.94,60.0,2.0000000000000018,17.93000030517578,16.280000686645508,-1.6499996185302734,0,146.0500030517578,,,117.769,-0.24014739205013846,0.9999999999999787,0.8136355657339944,2.201687465189761,1.9133435843132984,0.7242612885881128,-0.31997423931283686,0.9814209157276821
2026-02-26,-2.2509862031323546,3.796,4.6887148728201655,2.98,60.0,2.0000000000000018,18.6299991607666,16.649999618530273,-1.9799995422363281,0,146.57000732421875,,,117.9042,0.38475193759510695,-3.000000000000025,-0.5365580569328343,0.2906460565279767,3.6721778816500628,-0.014446295396486342,-0.32100136097579224,-0.5742913127032345
2026-02-27,-2.2509862031323546,16.318,4.6887148728201655,3.1,59.0,3.000000000000025,19.860000610351562,18.59000015258789,-1.2700004577636719,0,146.6699981689453,,,117.8223,0.2643141065953314,-4.999999999999938,-0.43393528110311497,0.1648907496561991,-1.0010691871955468,0.39188441293878107,2.775644201818017,1.0431758910460776
2026-03-02,-2.2509862031323546,0.627,4.574780599609851,3.03,57.99999999999999,6.000000000000005,21.440000534057617,21.18000030517578,-0.26000022888183594,0,151.77999877929688,,,118.667,1.045132987510189,7.999999999999963,0.03983547353176853,-1.3475405572762833,-1.0010691871955468,0.47346925370472803,6.281717285497268,1.2216786606203955
2026-03-03,-2.2509862031323546,1.203,4.574780599609851,3.08,55.00000000000001,5.000000000000027,23.56999969482422,24.549999237060547,0.9799995422363281,1,152.8300018310547,,,119.4341,1.301531133269318,0.9999999999999787,-0.9444031095625416,-3.062817923556449,-7.2423177456201415,-1.4324862659652493,4.6749881296138,-3.532033912232768
2026-03-04,-1.892473971267905,0.877,4.574780599609851,2.97,55.00000000000001,2.0000000000000018,21.149999618530273,20.600000381469727,-0.5499992370605469,0,152.8699951171875,,,119.0705,0.5995223084650281,3.000000000000025,0.7756049264286302,-3.613265843189184,-12.057682152301597,-0.9751351376959594,0.13412836211137424,0.2506224931178025
2026-03-05,-1.892473971267905,2.793,4.574780599609851,3.0,56.00000000000001,1.000000000000023,23.75,23.549999237060547,-0.20000076293945312,0,153.9499969482422,,,119.5683,1.3493376641430022,4.0000000000000036,-0.5646704863891072,1.9034183254412085,9.627093524752262,0.6391411840844574,8.505221219730231,-1.0722313294558417
2026-03-06,-1.892473971267905,1.512,4.574780599609851,3.13,59.0,0.0,29.489999771118164,30.440000534057617,0.9500007629394531,1,151.8000030517578,,,119.491,1.0407558925149774,2.000000000000046,-1.3276795812569242,0.6201036337386112,0.01737521912494877,0.38035046102815606,12.208368261757263,1.5951729627923683
2026-03-09,-1.892473971267905,0.332,4.574780599609851,3.19,56.00000000000001,0.0,25.5,27.850000381469727,2.3500003814697266,1,157.97999572753906,,,119.5151,0.8537307790325022,-3.000000000000025,0.8304161513105202,-5.199707702858392,-5.962537946499213,-0.6689991142918683,4.257420299476822,-1.0609995262454652
2026-03-10,-1.892473971267905,0.278,4.574780599609851,3.06,57.99999999999999,-0.9999999999999787,24.93000030517578,25.540000915527344,0.6100006103515625,1,154.4600067138672,,,118.7255,0.4100111044674115,3.000000000000025,-0.21351198877325173,2.882057275476657,5.345138404009742,0.6477356012502211,-11.944708342091538,2.714331637287626
2026-03-11,-1.6750619233084518,0.552,4.574780599609851,3.09,56.99999999999999,-0.9999999999999787,24.229999542236328,24.440000534057617,0.21000099182128906,1,152.44000244140625,,,119.2885,1.4019986535100504,5.999999999999961,-0.08376012017449197,1.4322645516269716,1.3982665215982237,0.24968655952313235,4.553628748620175,-1.1912784794927855
2026-03-12,-1.6750619233084518,0.137,4.574780599609851,3.17,51.0,0.0,27.290000915527344,28.979999542236328,1.6899986267089844,1,139.94000244140625,,,119.8227,1.9580230357653328,5.999999999999961,-1.5227676506708532,-1.0402658716735402,-0.47594353573423565,-0.10475742595836834,9.719201555224743,-0.9985698539191068
2026-03-13,-1.6750619233084518,0.427,4.574780599609851,3.28,55.00000000000001,0.0,27.190000534057617,28.0,0.8099994659423828,1,137.75999450683594,,,120.5518,2.6321278459664255,1.0000000000000675,-0.6059115470564369,-1.163116847267398,-1.7196035575157809,-0.8150687709656212,3.1129171869220817,-1.2373393624492413
2026-03-16,-1.6750619233084518,0.582,4.574780599609851,3.27,55.00000000000001,5.000000000000027,23.510000228881836,24.329999923706055,0.8199996948242188,1,141.49000549316406,,,120.097,2.177515960849963,-4.999999999999982,1.013088316225197,-0.12720444888959515,1.1410082410649336,-0.26034048973603285,-5.278086447973839,-1.1578426521523966
2026-03-17,-1.6750619233084518,0.797,4.574780599609851,3.22,52.0,0.0,22.3700008392334,22.360000610351562,-0.010000228881835938,0,145.0399932861328,,,119.8328,1.9629732365148866,-3.000000000000025,0.24942548757938,-0.09443112189317926,1.6330149682920903,-0.8538735493267335,2.898394742751509,0.1401682018422168
2026-03-18,-1.4808061951615659,0.698,4.574780599609851,3.2,50.0,-2.9999999999999805,25.09000015258789,26.030000686645508,0.9400005340576172,1,136.5399932861328,,,119.9276,1.8601550058392702,5.999999999999961,-1.3607567880073446,2.8659154888596383,5.044779977463065,0.32289394185183173,0.11433386487715858,-2.221557641596683
2026-03-19,-1.4808061951615659,0.637,4.574780599609851,3.27,46.0,-2.9999999999999805,24.059999465942383,24.09000015258789,0.030000686645507812,1,138.25999450683594,,,120.1802,1.983662953804477,-0.9999999999999787,-0.2748797741878972,-3.37959362394622,-2.7309494834587222,-1.388927112167293,-0.18687739383937974,-5.9142255016843
2026-03-20,-1.4808061951615659,0.822,4.574780599609851,3.24,51.0,-2.9999999999999805,26.780000686645508,26.950000762939453,0.1700000762939453,1,139.1199951171875,,,120.2757,1.7256253203355332,13.999999999999968,-1.5138182356779217,-3.37959362394622,0.3119780226762847,-1.2354519150973187,2.267526855643509,-0.6586017710874081
2026-03-23,-1.4808061951615659,0.857,4.574780599609851,3.19,51.0,-2.9999999999999805,26.149999618530273,27.760000228881836,1.6100006103515625,1,142.02000427246094,,,119.9371,1.6487600399011093,-4.999999999999982,1.1453200463990454,-3.4793983445370102,-6.494329596420512,-3.6332599111468356,-10.364119683721551,-3.6386269963426976
2026-03-24,-1.4808061951615659,1.123,4.574780599609851,3.19,49.0,-2.0000000000000018,26.950000762939453,28.209999084472656,1.2599983215332031,1,142.6300048828125,,,120.1295,1.8568842499756322,4.999999999999982,-0.37425745042546366,1.4302358248600155,2.74096881792536,1.7831635114381905,4.788382335436259,-0.10899600059736114
2026-03-25,-1.2327727163950697,0.777,4.574780599609851,3.17,49.0,-0.9999999999999787,25.329999923706055,25.260000228881836,-0.06999969482421875,0,140.8800048828125,,,120.1282,1.849909662278515,-5.999999999999961,0.5419124381509377,2.865597076204218,1.5896887298420648,1.3025827660980038,-2.198157891540986,3.420998947142473
2026-03-26,-1.2327727163950697,0.885,4.574780599609851,3.21,46.0,0.0,27.440000534057617,27.049999237060547,-0.3900012969970703,0,143.99000549316406,,,120.389,2.2246941045606095,8.999999999999986,-1.7406172392416708,-0.27157894935742055,-3.2212555232489226,-1.0873774061453956,4.605849951467356,-3.830933495313904
2026-03-27,-1.2327727163950697,0.992,4.574780599609851,3.42,56.00000000000001,-2.0000000000000018,31.049999237060547,30.639999389648438,-0.4099998474121094,0,139.0,,,120.8851,2.5282390279565803,2.000000000000046,-1.6721843521074309,-0.43015378938029425,-0.395385075697785,0.633597000417585,5.461468934564939,2.6625528511027285
2026-03-30,-1.2327727163950697,0.752,4.574780599609851,3.46,53.0,-2.0000000000000018,30.610000610351562,30.56999969482422,-0.04000091552734375,0,142.22999572753906,,,121.2851,2.9390022092592005,-9.000000000000075,-0.39457488286226416,-2.7864590537743372,-2.9706595123391133,0.2443449764307326,3.2517040180814583,0.756901157613532
2026-03-31,-1.2327727163950697,15.782,4.574780599609851,3.28,51.0,3.000000000000025,25.25,24.18000030517578,-1.0699996948242188,0,145.4499969482422,,,121.035,1.9955000126404165,-4.999999999999982,2.913114047102594,-1.5845028803462613,-4.2605092011313905,-0.8010126333994338,-1.4580093701841212,2.6867012297006276
2026-04-01,-0.7155252986114857,2.107,4.726492703563023,3.16,52.0,0.0,24.540000915527344,23.610000610351562,-0.9300003051757812,0,143.77000427246094,,,120.1198,0.574124140425547,3.000000000000025,0.7168516684867399,5.240434897820667,8.436291186282062,1.4566531730035859,-1.2428433033849329,2.9176369482527553
2026-04-02,-0.7155252986114857,0.327,4.726492703563023,3.17,52.0,1.000000000000023,23.8700008392334,21.709999084472656,-2.160001754760742,0,146.9499969482422,,,120.503,1.2030687701823695,-2.000000000000046,0.11208758485563575,-2.37517261671899,-4.465482357189754,-0.7412106977259802,11.406310283321663,-2.753390824861668
2026-04-06,-0.7155252986114857,0.227,4.726492703563023,3.05,50.0,0.0,24.170000076293945,23.899999618530273,-0.2700004577636719,0,147.60000610351562,,,120.4302,0.7860006192935032,-0.9999999999999787,0.44267825126402816,0.546258191317639,1.3581216612441382,-0.9998759763591436,0.7799916975443688,0.11393754030957215
2026-04-07,-0.7155252986114857,15.345,4.726492703563023,3.12,52.0,-2.9999999999999805,25.780000686645508,27.270000457763672,1.489999771118164,1,148.4499969482422,,,120.32,0.6734713856240582,-0.9999999999999787,0.07592481161695641,0.029728163914000127,0.8155415615955119,0.25948102410910945,0.48037831913605444,0.00644848353685834
2026-04-08,-0.49863127239344607,0.177,4.726492703563023,2.94,50.0,-6.000000000000005,21.040000915527344,19.15999984741211,-1.8800010681152344,0,150.36000061035156,,,119.0596,0.28140542680386016,-4.0000000000000036,2.5081414644149813,5.38814722977472,6.871250047430499,2.694821601650199,-16.41433712886997,1.9840651995058467
2026-04-09,-0.49863127239344607,0.402,4.726492703563023,2.9,51.0,-8.000000000000007,19.489999771118164,16.809999465942383,-2.6800003051757812,0,143.27000427246094,,,118.8998,-0.3258486777853675,0.0,0.6170023529293189,-0.7336408102806558,-1.6063456924312103,-0.7215810395714617,3.664864898063014,0.8990461166964892
2026-04-10,-0.49863127239344607,0.507,4.726492703563023,2.94,50.0,-4.0000000000000036,19.229999542236328,16.360000610351562,-2.8699989318847656,0,144.17999267578125,,,118.8552,-0.8074429970281072,1.9999999999999574,-0.11385210916523558,1.8405638553428805,1.3994498943833644,0.5056312431380716,-1.3282957139829188,-0.6322835385380698
2026-04-13,-0.49863127239344607,0.227,4.726492703563023,2.95,52.0,-2.0000000000000018,19.1200008392334,17.329999923706055,-1.7900009155273438,0,156.92999267578125,,,118.9916,-1.2942154327019506,-0.9999999999999787,1.01732749487482,-0.7401781922916517,-0.8576739029013014,0.05852674536297453,2.5991530953323627,-0.40950041789837854
2026-04-14,-0.49863127239344607,0.306,4.726492703563023,2.84,50.0,1.000000000000023,18.360000610351562,16.700000762939453,-1.6599998474121094,0,149.94000244140625,,,118.3581,-1.4479129370425614,-4.0000000000000036,1.1782866364792755,2.432838434565121,2.739547080065363,0.954402406199284,-7.872429256771629,1.7417362381318302
2026-04-15,-0.3183683699084616,0.223,4.726492703563023,2.85,53.0,7.000000000000028,18.170000076293945,16.010000228881836,-2.1599998474121094,0,139.22999572753906,,,118.3623,-1.2271264628715972,3.000000000000025,0.7975783355387733,0.4437789151797933,2.0718048966319014,0.014503073293381519,0.01095764281795475,-0.5181347150259086
2026-04-16,-0.3183683699084616,0.158,4.726492703563023,2.86,54.0,2.0000000000000018,17.940000534057617,15.460000038146973,-2.4800004959106445,0,140.74000549316406,,,118.3616,-1.3057878253212807,3.000000000000025,0.26099558353673835,2.3808715886218357,2.2106557771931934,0.7036668540314928,3.724396419959519,-0.30416870117186967
2026-04-17,-0.3183683699084616,0.137,4.726492703563023,2.83,55.00000000000001,0.0,17.479999542236328,14.8100004196167,-2.669999122619629,0,141.82000732421875,,,118.0795,-1.7479584823456795,-6.00000000000005,1.2040463669150903,-1.7514625054842914,-0.548178763150986,-0.10164030133062996,-11.447886458755663,1.5087599111024863
2026-04-20,-0.3183683699084616,0.503,4.726492703563023,2.87,54.0,-2.0000000000000018,18.8700008392334,17.790000915527344,-1.0799999237060547,0,141.89999389648438,,,118.2374,-1.6946897835556252,0.0,-0.23743726176704838,0.5968137246715521,0.438796402695929,0.7578050667815139,6.869412332795921,-1.0499011646637357
2026-04-21,-0.3183683699084616,0.807,4.726492703563023,2.85,52.0,-2.0000000000000018,19.5,18.68000030517578,-0.8199996948242188,0,140.91000366210938,,,118.4331,-1.253990633423685,4.0000000000000036,-0.6348217959672997,0.8912575007443913,2.7235556222744206,0.07226505215907064,2.812182374625838,-2.2510754611198003
2026-04-22,-0.290043154901265,0.538,4.726492703563023,2.84,51.0,-0.9999999999999787,18.920000076293945,17.290000915527344,-1.6299991607666016,0,140.83999633789062,,,118.6004,-1.2728763542676824,0.0,1.0460084168953943,0.3988050591480885,0.4611426514762318,0.5184947235839399,0.9009029152271086,0.7257810821773569
2026-04-23,-0.290043154901265,0.114,4.726492703563023,2.86,51.0,0.0,19.309999465942383,18.040000915527344,-1.269998550415039,0,139.58999633789062,,,118.7155,-1.1759936467873544,4.0000000000000036,-0.4132868267081369,-0.7478769475245173,0.901846564659059,-0.31678021921571764,3.108863401582318,-0.5789731081616512
2026-04-24,-0.290043154901265,0.082,4.726492703563023,2.86,53.0,1.000000000000023,18.709999084472656,16.709999084472656,-2.0,0,139.0800018310547,,,118.7294,-1.3785312611617306,-3.000000000000025,0.7973689797975636,0.973870433349644,-0.0027822894683393606,-0.3261490907286335,-1.51277722621318,0.36555454027040746
2026-04-27,-0.290043154901265,0.363,4.726492703563023,2.84,56.99999999999999,1.000000000000023,18.020000457763672,16.690000534057617,-1.3299999237060547,0,139.63999938964844,,,118.5458,-1.9351433716810362,4.0000000000000036,0.12323767534654362,1.3751376792643155,2.1526848332351856,0.15794730143190439,2.0868656661653384,-0.9931580857529543
2026-04-28,-0.290043154901265,0.643,4.726492703563023,2.85,52.0,-0.9999999999999787,17.829999923706055,16.690000534057617,-1.1399993896484375,0,138.16000366210938,,,118.7717,-2.0723073155729854,1.0000000000000675,-0.48941721875219724,-1.0239931901555588,0.39289670975208857,-0.18860456342028042,3.694093034276702,-1.794496815164226
2026-04-29,-0.1390164692857354,0.747,4.726492703563023,2.82,50.0,-2.0000000000000018,18.809999465942383,17.610000610351562,-1.1999988555908203,0,141.8800048828125,,,119.0975,-1.6007766348576813,5.999999999999961,-0.03991720531409948,-1.0239931901555588,0.7510876742699679,0.7080109734787232,6.954865332750537,-1.0083808055646348
2026-04-30,-0.1390164692857354,8.261,4.726492703563023,2.83,52.0,1.000000000000023,16.889999389648438,14.369999885559082,-2.5199995040893555,0,143.3300018310547,,,118.671,-1.2061292143343505,-1.9999999999999574,1.0238239941821936,-1.0556840236601528,-1.3754470474743319,0.11308590427532295,-1.6934857832211159,1.529085563088639
2026-05-01,-0.1390164692857354,0.607,5.584304961485964,2.77,51.0,-0.9999999999999787,16.989999771118164,14.149999618530273,-2.8400001525878906,0,141.3800048828125,,,118.3926,-1.7513256931362742,-1.0000000000000675,0.2928328889657106,0.38491948969949785,-1.3754470474743319,0.11308590427532295,-2.9789637979528383,0.3293758291533111
2026-05-04,-0.1390164692857354,0.618,5.584304961485964,2.78,50.0,-2.0000000000000018,18.290000915527344,16.600000381469727,-1.6900005340576172,0,141.74000549316406,,,118.8264,-1.5167852540061921,6.00000000000005,-0.4062189384334225,0.38491948969949785,5.123909262993798,0.11308590427532295,4.394737708696939,-2.384498686199743
2026-05-05,-0.1390164692857354,1.122,5.584304961485964,2.77,50.0,-2.9999999999999805,17.3799991607666,14.640000343322754,-2.7399988174438477,0,138.74000549316406,,,118.6207,-1.502530096271537,-2.000000000000046,0.8120017337603702,0.38491948969949785,5.123909262993798,0.11308590427532295,-3.8996444251865547,0.8031818716119021
2026-05-06,-0.020623199102232093,1.633,5.584304961485964,2.75,49.0,-4.0000000000000036,17.389999389648438,14.760000228881836,-2.6299991607666016,0,135.4199981689453,,,118.0982,-1.8465757978723296,-6.99999999999994,1.4588330317794274,0.38491948969949785,6.451931011822665,1.1676262114237668,-7.030404857746886,2.7679025212324904
2026-05-07,-0.020623199102232093,0.773,5.584304961485964,2.79,49.0,-4.999999999999982,17.079999923706055,14.5600004196167,-2.5199995040893555,0,136.11000061035156,,,118.0116,-0.880231413510546,4.999999999999982,-0.3803095327784889,5.57980944196983,1.4285176809007982,0.47877731972023607,-0.2839758805860182,0.38232133785665035
2026-05-08,-0.020623199102232093,0.787,5.584304961485964,2.81,48.0,-4.999999999999982,17.190000534057617,14.210000038146973,-2.9800004959106445,0,138.2100067138672,,,118.0392,-0.7238027313755002,-3.000000000000025,0.8425703533400997,-0.19128451571459593,0.10614342387316178,-0.0033174361171561806,0.6433927075829571,0.43831862020387025
2026-05-11,-0.020623199102232093,1.133,5.584304961485964,2.79,47.0,-4.999999999999982,18.3799991607666,16.889999389648438,-1.489999771118164,0,140.2100067138672,,,118.0562,-0.672246565568857,4.0000000000000036,0.18799566475542484,-0.4716190791303809,4.324356286676445,1.0781908252559758,2.777197208898463,-0.03600769143322635
2026-05-12,-0.020623199102232093,1.199,5.584304961485964,2.82,46.0,-4.999999999999982,17.989999771118164,16.34000015258789,-1.6499996185302734,0,139.41000366210938,,,118.5238,-0.3931369945441632,4.0000000000000036,-0.16026088601545085,0.520189746815447,-2.289501813613881,-0.24928223012945505,4.190884697808839,-0.8710046401565918
2026-05-13,0.22689389820460537,3.719,5.584304961485964,2.82,48.0,-6.000000000000005,17.8700008392334,15.869999885559082,-2.0000009536743164,0,141.50999450683594,,,118.4737,0.0976696989897663,0.0,0.5849246488426552,0.843986881414871,2.627972313085958,0.6663443503640787,-1.135255097518939,0.42970962110080446
2026-05-14,0.22689389820460537,2.034,5.584304961485964,2.76,47.0,-8.999999999999986,17.260000228881836,15.140000343322754,-2.119999885559082,0,139.32000732421875,,,118.6696,0.2596265871819048,0.9999999999999787,0.7655604577358366,-0.9768262823148577,1.7516601168337864,-1.5239526529997827,0.1484869638324282,-0.41722751221560106
2026-05-15,0.22689389820460537,0.647,5.584304961485964,2.8,50.0,-10.000000000000009,18.43000030517578,16.3700008392334,-2.059999465942383,0,145.77000427246094,,,119.2825,0.7780394992970674,12.00000000000001,-1.2363320128051747,-1.986721853142348,-6.117089222465677,-1.0179195065573299,4.20085013039424,-2.614315436089598
2026-05-18,0.22689389820460537,7.193,5.584304961485964,2.83,54.0,-12.00000000000001,17.81999969482422,16.860000610351562,-0.9599990844726562,0,138.39999389648438,,,119.0574,0.8281708509944696,2.000000000000046,-0.07356678561787344,-0.9662053621010358,0.3050755853320597,-0.09337278731113008,3.0734258674256942,-0.0724308536144358
2026-05-19,0.22689389820460537,12.911,5.584304961485964,2.86,54.0,-14.000000000000012,18.059999465942383,16.639999389648438,-1.4200000762939453,0,135.5,,,119.451,1.0264095793716788,5.999999999999961,-0.6678320788135905,-0.43633188071360296,-3.2514446642434636,0.9200047888231699,-0.8190750865521235,-1.014831308347064
2026-05-20,0.3725223607604855,24.867,5.584304961485964,2.8,53.0,-14.999999999999991,17.440000534057617,15.140000343322754,-2.3000001907348633,0,132.30999755859375,,,119.1624,0.6157906868941243,-9.999999999999964,1.0792026370445518,-1.2323243909357573,-0.8623884998750997,-0.17635112552513155,-8.824343326587435,0.5547788891896444
2026-05-21,0.3725223607604855,3.281,5.584304961485964,2.78,49.0,-14.000000000000012,16.760000228881836,14.079999923706055,-2.6800003051757812,0,136.9600067138672,,,119.369,0.6480585225682178,0.0,0.1715330430698936,3.1431301869525363,8.415090020069172,-2.0399851950134607,-1.9438261964021653,0.18758414508805998
2026-05-22,0.3725223607604855,0.965,5.584304961485964,2.74,43.0,-10.000000000000009,16.700000762939453,14.069999694824219,-2.6300010681152344,0,137.38999938964844,,,119.2868,0.4812345481423952,-1.0000000000000675,0.372697324090665,2.682909530280897,0.410974959403565,0.8736670405670388,0.2594706839223804,-0.41411087484714004
2026-05-26,0.3725223607604855,1.787,5.584304961485964,2.72,49.0,-2.0000000000000018,17.010000228881836,14.84000015258789,-2.1700000762939453,0,139.0399932861328,,,119.1696,0.3707590537811223,-5.999999999999961,0.6108260424063872,-0.24878155608912822,2.545963162273024,-0.17326204994344563,-2.805382119336841,-0.45565356461513273
2026-05-27,0.4666246281418651,1.853,5.584304961485964,2.71,48.0,-2.0000000000000018,16.290000915527344,13.270000457763672,-3.020000457763672,0,138.57000732421875,,,119.1829,0.5374294154664394,-1.9999999999999574,0.016487914469087706,0.005108480383952951,2.2515092862820385,-1.245870890502443,-5.549045817809506,-1.1754489265765167
2026-05-28,0.4666246281418651,1.163,5.584304961485964,2.72,46.0,-2.9999999999999805,15.739999771118164,12.979999542236328,-2.760000228881836,0,139.52000427246094,,,119.0318,0.21899156112104023,-3.000000000000025,0.5753716619668614,-0.47121821838648215,-0.527545726781109,0.119919565388793,0.2480843707104441,1.1646948777403132
2026-05-29,0.4666246281418651,11.677,5.584304961485964,2.72,47.0,-2.0000000000000018,15.319999694824219,12.59000015258789,-2.729999542236328,0,144.17999267578125,,,118.8783,-0.18405088268015346,0.0,0.21722606785117282,2.5294480751340442,3.5534519873386516,-0.7335888569070748,-1.7322844646735391,1.3602159884686937
2026-06-01,0.4666246281418651,1.302,5.525755718302672,2.72,42.0,0.0,16.049999237060547,13.760000228881836,-2.289999008178711,0,142.4600067138672,,,119.1653,0.4165297334647766,1.9999999999999574,0.26252961308912415,0.9118538885412919,3.683623789082824,-0.266164868241614,5.494508949429933,-1.8704046636881966
2026-06-02,0.4666246281418651,2.502,5.525755718302672,2.71,41.0,-2.0000000000000018,15.770000457763672,13.1899995803833,-2.580000877380371,0,143.24000549316406,,,119.0359,0.5433616628066185,-0.9999999999999787,0.12920889411551784,-0.2989287307498478,0.1491782528443064,0.42787513711226577,1.7361093864397548,0.3105984478260826
2026-06-03,0.5786103012415111,2.062,5.525755718302672,2.75,41.0,-4.0000000000000036,16.059999465942383,13.40999984741211,-2.6499996185302734,0,136.86000061035156,,,119.3848,0.46992924131337155,3.000000000000025,-0.7372041104846239,2.499302562414374,0.1491782528443064,0.21771406462811616,2.4104036426452202,-1.1672696354244283
2026-06-04,0.5786103012415111,1.122,5.525755718302672,2.74,42.0,-2.9999999999999805,15.399999618530273,12.649999618530273,-2.75,0,142.14999389648438,,,119.3615,0.6245115734437645,-2.000000000000046,0.4054961568363158,-1.3617196923569996,-1.841507219902172,-0.6413633989277079,-3.1035157589273332,0.8812767970283408
2026-06-05,0.5786103012415111,0.761,5.525755718302672,2.76,38.0,-2.0000000000000018,21.510000228881836,23.920000076293945,2.4099998474121094,1,152.25,,,120.0831,1.6807199432336883,8.000000000000007,-2.6445361894386843,-1.3080796197608047,-5.542280130705535,-0.7404273870772138,-2.687016310618695,-3.0988809393572514
2026-06-08,0.5786103012415111,1.832,5.525755718302672,2.75,41.0,-2.0000000000000018,18.920000076293945,19.690000534057617,0.7700004577636719,1,145.0,,,120.034,1.7137298367279286,0.9999999999999787,0.29781310549599205,-3.849809445402408,-8.285916832566576,-1.698179620838347,0.839410347410463,-0.027672760265518015
2026-06-09,0.5786103012415111,0.577,5.525755718302672,2.78,40.0,-4.999999999999982,19.8700008392334,22.139999389648438,2.269998550415039,1,141.97000122070312,,,119.9617,1.628696229727078,-2.999999999999936,-0.25763939780845124,2.1742069607276315,8.183945117168022,1.2803432451270913,-3.3954063525695966,-1.7504994131142815
2026-06-10,0.7224933373570108,0.387,5.525755718302672,2.8,42.0,-6.000000000000005,22.219999313354492,25.670000076293945,3.450000762939453,1,143.0800018310547,,,119.9134,1.5731490595157105,1.9999999999999574,-1.6199450298948426,-1.8915058689026765,-4.521594525510098,-0.41907236168673423,2.074832079788602,-3.56337569688967
2026-06-11,0.7224933373570108,0.46,5.525755718302672,2.78,40.0,-4.999999999999982,19.440000534057617,20.65999984741211,1.2199993133544922,1,142.97999572753906,,,120.1174,1.3445400839325217,-9.999999999999964,1.7518885564244746,0.059209150053507464,0.4285492592902118,-0.1555429501155947,-2.5769185008116646,-0.43571748292109413
2026-06-12,0.7224933373570108,0.454,5.525755718302672,2.71,39.0,0.0,17.68000030517578,17.260000228881836,-0.4200000762939453,0,142.60000610351562,,,119.5073,0.8724299148249903,3.000000000000025,0.5025513873057053,2.807297078199067,4.632563486717767,1.116074257907429,-3.226544134756104,3.0486749060769203
2026-06-15,0.7224933373570108,0.581,5.525755718302672,2.66,40.0,4.0000000000000036,16.200000762939453,15.579999923706055,-0.6200008392333984,0,144.32000732421875,,,119.3158,0.544537101330067,-1.0000000000000675,1.6528391294663436,4.994636453302226,5.1991642330602605,1.6112866184782026,-4.865689664300343,2.6809015421115134
2026-06-16,0.7224933373570108,10.721,5.525755718302672,2.71,38.0,-2.0000000000000018,16.40999984741211,15.770000457763672,-0.6399993896484375,0,142.66000366210938,,,119.256,-0.02221616750152089,-4.0000000000000036,-0.5684179609759754,0.12550943124030045,2.113498167769845,-0.11180542518541836,-5.820429657265869,0.06700328890365537
2026-06-17,0.8287312664345237,6.828,5.525755718302672,2.63,28.999999999999996,-2.0000000000000018,18.440000534057617,18.6299991607666,0.18999862670898438,1,142.6199951171875,,,119.3871,0.2769252478216355,6.00000000000005,-1.2148282108228825,0.7171725176321475,1.5772538120361723,0.3955158561346206,0.9730412019390844,0.6465169048318842
2026-06-18,0.8287312664345237,0.251,5.525755718302672,2.66,27.0,-2.9999999999999805,16.399999618530273,13.930000305175781,-2.469999313354492,0,146.72000122070312,,,120.3958,0.790951938451756,-3.000000000000025,1.0846212235623431,1.6469315186564026,2.2517396200631534,-0.4283079014992808,-0.247431226905781,-3.0925189315546997
2026-06-22,0.8287312664345237,3.925,5.525755718302672,2.65,27.0,-4.0000000000000036,17.280000686645508,16.290000915527344,-0.9899997711181641,0,141.85000610351562,,,120.5463,1.161356266741853,4.999999999999982,-0.3705051979052687,1.5493297812896545,0.6863345199261461,1.7752487225903835,-2.323758243804974,-0.9990339797088299
2026-06-23,0.8287312664345237,6.484,5.525755718302672,2.71,34.0,-2.9999999999999805,19.489999771118164,19.469999313354492,-0.020000457763671875,0,143.13999938964844,,,121.0552,1.4125945597265543,-0.9999999999999787,-1.4362785193208105,-3.5458710093510537,-9.991826041360085,-1.3654783713344387,-2.151831885750377,-1.2434539614603501
2026-06-24,1.1024136171234655,4.534,5.525755718302672,2.76,30.0,-2.9999999999999805,18.6299991607666,18.06999969482422,-0.5599994659423828,0,145.3000030517578,,,121.412,1.7815885747626714,-8.999999999999986,-0.09829319733113406,-0.8789629989679693,3.2567638153436995,0.11109919351712794,-3.920233277520613,-3.3802236571496835
2026-06-25,1.1024136171234655,5.718,5.525755718302672,2.78,31.0,-0.9999999999999787,18.889999389648438,17.920000076293945,-0.9699993133544922,0,139.88999938964844,,,121.0559,1.5828701279520851,-0.9999999999999787,-0.00992061187945481,4.613482387731471,5.421782723356894,0.23031389324910112,2.246235304683375,1.0074418133964924
2026-06-26,1.1024136171234655,6.426,5.525755718302672,2.83,31.0,-2.9999999999999805,18.40999984741211,16.799999237060547,-1.6100006103515625,0,139.39999389648438,,,120.8866,1.4294835920253712,-2.000000000000046,-0.04716574175711585,-4.15311978159737,-5.812681042102652,-2.2575128861321625,-3.7402598449637448,1.1958801928265705
2026-06-29,1.1024136171234655,3.546,5.525755718302672,2.8,28.000000000000004,-2.9999999999999805,17.649999618530273,15.510000228881836,-2.1399993896484375,0,144.4600067138672,,,120.9525,1.6136024154889572,0.0,1.1750057250389023,0.1545922689448087,-0.1968750083448656,1.158036738958934,2.195574995467875,-1.382791159412089
2026-06-30,1.1024136171234655,26.9,5.525755718302672,2.75,30.0,3.000000000000025,16.450000762939453,13.729999542236328,-2.720001220703125,0,149.60000610351562,,,120.9248,1.721508467062538,6.00000000000005,0.7920198981480553,0.8553722605179281,0.9747883987686556,0.5030772106389136,-1.7667844522968212,0.014913196637333925
2026-07-01,0.9755243484666831,1.001,5.525755718302672,2.74,31.0,1.000000000000023,16.59000015258789,13.140000343322754,-3.4499998092651367,0,154.82000732421875,,,121.1455,1.6617253512557717,4.0000000000000036,-0.21508346187620875,0.5889622598273858,-2.041770911147067,0.4407938869393835,-1.323738372583183,1.1285427822333993
2026-07-02,0.9755243484666831,2.175,5.525755718302672,2.75,35.0,-0.9999999999999787,16.149999618530273,12.369999885559082,-3.7799997329711914,0,150.02000427246094,,,120.6902,1.3897488068725483,0.9999999999999787,0.00013702513856905796,-2.4715338282268906,-7.892182852207275,-2.0314137953266087,0.1603975027917759,1.0913685311181531
2026-07-06,0.9755243484666831,2.719,5.525755718302672,2.72,35.0,-2.0000000000000018,15.569999694824219,12.319999694824219,-3.25,0,145.3800048828125,,,120.835,1.2147275029987137,-0.9999999999999787,0.724150765029874,-0.009151763685999459,-0.45756936948684324,-0.05947679499349601,-0.20381334207676405,1.0309504785220192
2026-07-07,0.9755243484666831,4.484,5.525755718302672,2.67,36.0,-2.9999999999999805,16.1299991607666,13.420000076293945,-2.7099990844726562,0,145.74000549316406,,,120.8145,1.217310439295738,6.99999999999994,-0.44551096782159405,-2.123280274385353,-4.906270339164164,-1.2620620022665507,2.7571105842568944,-0.2358617780177652
2026-07-08,1.1062439732016927,3.347,5.525755718302672,2.7,35.0,-6.999999999999984,16.899999618530273,14.40999984741211,-2.489999771118164,0,149.7899932861328,,,121.1307,0.8723958658628961,0.9999999999999787,-0.2817238676629863,-2.106618933439819,-5.348790950173033,-0.485064766569121,4.372507232977707,-1.7948014823829794
2026-07-09,1.1062439732016927,5.772,5.525755718302672,2.7,38.0,-12.00000000000001,15.84000015258789,12.5,-3.3400001525878906,0,144.6699981689453,,,120.753,0.598996950863917,-1.9999999999999574,0.8142795337428232,1.3840435186542654,0.6226221119183473,1.6547468004990407,-1.9586437401551748,1.466511010946947
2026-07-10,1.1062439732016927,0.545,5.525755718302672,2.69,35.0,-10.000000000000009,15.029999732971191,11.149999618530273,-3.880000114440918,0,144.27000427246094,,,120.5046,0.45256110908731273,1.9999999999999574,0.42088433998139774,1.201400542230946,2.5237527782554503,-1.0014839846269497,-0.9295201885755944,-0.6415532700693172
2026-07-13,1.1062439732016927,0.795,5.525755718302672,2.69,36.0,-4.999999999999982,17.15999984741211,15.130000114440918,-2.0299997329711914,0,145.69000244140625,,,120.7413,0.6904149160977813,6.00000000000005,-0.7927023147980106,-1.9180916082466526,-8.948838151034655,-2.061181749090313,9.424443890779477,-2.6095878538004547
2026-07-14,1.1062439732016927,0.278,5.525755718302672,2.72,40.0,-2.0000000000000018,16.5,13.460000038146973,-3.0399999618530273,0,145.1300048828125,,,120.4728,0.29587720013919405,-4.0000000000000036,0.37589783811964317,0.7447250626200441,0.733074984686799,1.3626683467553358,1.5357012511074464,1.603705220321494
2026-07-15,1.257719874226515,0.151,5.525755718302672,2.71,42.0,-0.9999999999999787,15.670000076293945,12.0600004196167,-3.609999656677246,0,148.50999450683594,,,120.3088,0.6706703272519876,-3.000000000000025,0.3819144358387927,1.4879771675511355,6.235827244561398,-0.29109475654038874,0.3277062619503779,-0.42107057804654513
2026-07-16,1.257719874226515,0.125,5.525755718302672,2.71,41.0,-2.9999999999999805,16.729999542236328,13.979999542236328,-2.75,0,145.72000122070312,,,120.331,0.8508512703263138,2.000000000000046,-0.5101405539945647,-2.7868025167175348,-6.367160122028581,-1.8496613421748465,-0.8165848471595516,-1.444112323040303
2026-07-17,1.257719874226515,0.1,5.525755718302672,2.73,37.0,-6.000000000000005,18.770000457763672,16.850000381469727,-1.9200000762939453,0,147.27999877929688,,,120.5315,1.0695478634198619,-2.000000000000046,-1.0098540030789804,-4.031415032398211,-6.367160122028581,-3.0459936648412733,4.483851871264899,0.6799441201228662
2026-07-20,1.257719874226515,0.03,5.525755718302672,2.69,39.0,-8.000000000000007,18.649999618530273,16.850000381469727,-1.9200000762939453,0,146.0500030517578,,,120.5401,0.9657659830919707,4.999999999999982,-0.19322546744660052,-4.031415032398211,-4.461925252436016,0.8534711326302791,0.8970851161690829,-0.05980766997166764
2026-07-21,1.257719874226515,0.275,5.525755718302672,2.69,37.0,-4.0000000000000036,17.049999237060547,16.850000381469727,-1.9200000762939453,0,151.66000366210938,,,120.5779,0.15125112337806002,3.000000000000025,0.8856366018608064,3.260102677646759,3.555410918928059,1.7934904553933873,2.0185032289030014,1.5160972517727744
2026-07-22,1.3467533530648224,0.376,5.525755718302672,2.68,36.0,-2.9999999999999805,16.639999389648438,16.850000381469727,-1.9200000762939453,0,150.19000244140625,,,120.5736,0.022646899987810443,4.0000000000000036,-0.13636917526039793,-0.17602610135744046,0.7372609245776429,0.0690149829607467,2.26121550599121,1.861899802737299
2026-07-23,1.3467533530648224,0.904,5.525755718302672,2.77,34.0,-0.9999999999999787,18.700000762939453,16.850000381469727,-1.9200000762939453,0,145.9499969482422,,,120.9075,-0.12201045473470007,4.0000000000000036,-1.2089697334330851,0.46433820875060317,4.401340641832996,0.2519544494538284,6.172982261108917,-2.418669537473339
2026-07-24,1.3467533530648224,0.675,5.525755718302672,2.79,36.0,-0.9999999999999787,18.579999923706055,16.850000381469727,-1.9200000762939453,0,147.27999877929688,,,120.7105,-0.5777847329753283,-1.9999999999999574,0.04967638835191579,-2.7271637701446028,-5.724620385896085,-1.6142042721209227,-3.1239882921610285,0.5189541712353307
2026-07-27,1.3467533530648224,1.38,5.525755718302672,2.81,34.0,-0.9999999999999787,18.670000076293945,16.850000381469727,-1.9200000762939453,0,146.60000610351562,,,120.7739,-0.23295023208286247,-4.0000000000000036,0.01619264104413265,0.4953370687406755,0.9734506170091528,1.1548199428341288,-7.501956255061493,0.16963079403320425
2026-07-28,1.3467533530648224,1.126,5.525755718302672,2.84,35.0,0.0,18.209999084472656,16.850000381469727,-1.9200000762939453,0,142.97999572753906,,,120.6247,-0.2166493225882693,-4.0000000000000036,0.21043073289872538,-3.9522908415368763,-10.836544332605557,-1.1645236219206878,-4.055197251386189,-0.937537149880352
2026-07-29,1.4393809150603953,2.576,5.525755718302672,2.87,45.0,0.0,20.65999984741211,16.850000381469727,-1.9200000762939453,0,139.5500030517578,,,120.7892,-0.13501167813811943,5.999999999999961,-1.516128975010811,-1.4923941869365187,-5.983403985715185,0.3973984044650214,6.560682321588307,-0.039642683568941184
2026-07-30,1.4393809150603953,1.076,5.525755718302672,2.84,45.0,0.0,17.09000015258789,16.850000381469727,-1.9200000762939453,0,139.89999389648438,,,119.6753,-1.033286803037936,0.9999999999999787,1.6604359135647728,0.7052071026459883,-1.2303941365281013,-0.6210283782535075,-1.0300766706282993,1.6209420099598582
2026-07-31,1.4393809150603953,2.151,5.525755718302672,2.85,47.0,1.000000000000023,15.989999771118164,16.850000381469727,-1.9200000762939453,0,141.22999572753906,,,119.7034,-1.1903867663264345,7.000000000000028,0.700361981598796,4.032153681428952,17.911493328465845,0.7246010866385433,1.29202282374683,-1.2438720710539086
2026-08-03,1.4393809150603953,2.127,5.525755718302672,2.78,45.0,0.0,15.859999656677246,16.850000381469727,-1.9200000762939453,0,139.9600067138672,,,119.7034,-1.1903867663264345,-4.999999999999982,1.479091100582064,-0.9432909317819371,-5.1247449376575105,-0.5897007347608119,-5.11397416404199,-0.38033504020532627
2026-08-04,1.4393809150603953,2.251,5.525755718302672,2.73,43.0,1.000000000000023,16.5,16.850000381469727,-1.9200000762939453,0,126.41000366210938,,,119.7034,-1.1903867663264345,-7.000000000000028,1.789619360979544,0.3178309705859528,1.6220664461066736,0.3313108242685603,-5.688324499796971,1.5296118183988794
2026-08-05,1.622143453775382,1.65,5.525755718302672,2.75,45.0,-0.9999999999999787,15.8100004196167,16.850000381469727,-1.9200000762939453,0,133.32000732421875,,,119.7034,-1.1903867663264345,0.0,-0.16764921193257454,3.6632218351923873,3.763350285223299,1.46888630288593,-0.7258749461929836,3.672410654150715
2026-08-06,1.622143453775382,1.429,5.525755718302672,2.75,44.0,-0.9999999999999787,15.149999618530273,12.65999984741211,-2.489999771118164,0,134.72999572753906,,,119.7034,-1.1903867663264345,0.0,-0.17595333873230423,3.6632218351923873,3.763350285223299,1.46888630288593,3.8021810209229123,1.1046302883433334
2026-08-07,1.622143453775382,1.429,5.525755718302672,2.75,44.0,-0.9999999999999787,15.149999618530273,12.65999984741211,-2.489999771118164,0,134.72999572753906,,,119.7034,-1.1903867663264345,0.0,-0.17595333873230423,3.6632218351923873,3.763350285223299,1.46888630288593,3.8021810209229123,1.1046302883433334
